9.151058684315692e-12,1.9374342531700935e-12,1.9393019687715585e-12,1.9411674915581433e-12,1.9430345679252465e-12,1.9449037992513023e-12,1.9467754821572664e-12,1.948653081841353e-12,1.9505455010432317e-12,1.95247995706132e-12,1.9546316708271786e-12,7.697475633995028e-13,7.725056886814441e-13,7.73723810331739e-13,-1.2348451901901993e-12,-1.2326693229537978e-12,-1.2337228820425499e-12,-1.234854466950221e-12,-1.2360254126454484e-12,-1.237218068677308e-12,-1.2384225572761353e-12,-1.2396336289167042e-12,-1.2408484968228722e-12,-1.2420657113072632e-12,-1.2432845359308266e-12,-1.24450463355604e-12,-1.2457259241361337e-12,-1.2469486423025006e-12,-1.2481730994333396e-12
5.139309630377167,5.575220711510893e-12,5.579414159487171e-12,5.583737294404988e-12,5.583895496039831e-12,5.581231875408103e-12,5.592332643000139e-12,5.5857787532932804e-12,5.585595720930067e-12,5.585106641440259e-12,5.5834007801708864e-12,4.7637347028995236e-11,4.764616387415303e-11,4.764705348980741e-11,15.86197656684344,0.3666690114873128,0.3215586878552859,0.28981595681183797,0.26883237437610824,0.2550585242504772,0.2457428270070291,0.2392025642179512,0.23445836707456355,0.23093402872094995,0.22827543627882352,0.22625562671261035,0.2247275406000578,0.2236249380737928,0.22290803519296568
-5.862024545318833e-14,-1.472115939364286e-14,-1.47215690601479e-14,-1.4721977810523843e-14,-1.4722385242511606e-14,-1.4722791469902677e-14,-1.4723196998022636e-14,-1.4723601898134238e-14,-1.4724006206654825e-14,-1.4724410180741583e-14,-1.4724814429524682e-14,-1.472521859183798e-14,-1.4725623781684792e-14,-1.4726029563750165e-14,-1.472643648349149e-14,-1.4726844374752132e-14,-1.472725208194128e-14,-1.4727659775682784e-14,-1.4728067118130458e-14,-1.4728473830935797e-14,-1.4728880618892657e-14,-1.472928700659205e-14,-1.4729693481820362e-14,-1.4730100247195543e-14,-1.4730506892809587e-14,-1.4730913621241522e-14,-1.4731320620401255e-14,-1.473172827118039e-14,-1.4732137996361872e-14
1.73791271903478e-12,3.4565061508114606e-13,2.6228668655842223e-13,1.7901277715204213e-13,9.56719716644918e-14,1.2262450201831887e-14,-7.116925168710204e-14,-1.5463505220477205e-13,-2.381494919716787e-13,-3.216044680796139e-13,-4.051202813267366e-13,-4.3920397367242935e-13,-4.733988421943512e-13,-5.076485000207203e-13,-4.5248649470091e-13,-3.975841717452239e-13,-3.427833986806125e-13,-2.88067654149003e-13,-2.334228051824161e-13,-1.788357048163224e-13,-1.2429271723109646e-13,-6.977984502465167e-14,-1.5283384447426947e-14,3.9210264403652345e-14,9.371471869418093e-14,1.4824366020952977e-13,2.02810746492009e-13,2.5742965740591846e-13,3.1211553195089383e-13
2.1707579992681338e-12,3.4927030846090667e-13,1.6051421596389947e-13,-3.422215276785477e-14,-4.3556072363681954e-14,7.233709133946059e-14,-4.2695398827835847e-13,-1.4046436439347366e-13,-1.419852144589772e-13,-1.3909115181482283e-13,-1.182115821795306e-13,-1.7953439330763458e-13,-1.8966052777935576e-13,-1.7804033844160915e-13,-1.6353472973849675e-13,-1.578143997932285e-13,-1.5740607846604614e-13,-1.5597463791710155e-13,-1.321771346152859e-13,7.733456953048817e-13,1.6239969845759126e-11,2.8409676806166143e-10,5.107561284271813e-9,2.5300894182123444e-10,1.1290885272081037e-11,2.157923926643302e-13,-2.8360281243125857e-13,-6.694131395039022e-13,-1.0574191060528691e-12
2.59698861401341e-12,6.384770854696996e-13,6.384954918207417e-13,6.38513907824109e-13,6.385323250521695e-13,6.385507384008233e-13,6.385691466903865e-13,6.385875493882448e-13,6.386059449103632e-13,6.386243343384672e-13,6.386427131661011e-13,6.38661083666456e-13,6.386794535828403e-13,6.386978281670063e-13,6.387162155278609e-13,6.387346169236946e-13,6.387530284260579e-13,6.387714450710613e-13,6.387898610818295e-13,6.388082724501502e-13,6.38826677604436e-13,6.388450760278403e-13,6.388634677626382e-13,6.388818529737604e-13,6.389002317777854e-13,6.389186040358829e-13,6.389369685009802e-13,6.38955329399579e-13,6.389737043021486e-13
9.151058684315692e-12,1.9374342531700935e-12,1.9393019687715585e-12,1.9411674915581433e-12,1.9430345679252465e-12,1.9449037992513023e-12,1.9467754821572664e-12,1.948653081841353e-12,1.9505455010432317e-12,1.95247995706132e-12,1.9546316708271786e-12,7.697475633995028e-13,7.725056886814441e-13,7.73723810331739e-13,-1.2348451901901993e-12,-1.2326693229537978e-12,-1.2337228820425499e-12,-1.234854466950221e-12,-1.2360254126454484e-12,-1.237218068677308e-12,-1.2384225572761353e-12,-1.2396336289167042e-12,-1.2408484968228722e-12,-1.2420657113072632e-12,-1.2432845359308266e-12,-1.24450463355604e-12,-1.2457259241361337e-12,-1.2469486423025006e-12,-1.2481730994333396e-12
5.139309630377167,5.575220711510893e-12,5.579414159487171e-12,5.583737294404988e-12,5.583895496039831e-12,5.581231875408103e-12,5.592332643000139e-12,5.5857787532932804e-12,5.585595720930067e-12,5.585106641440259e-12,5.5834007801708864e-12,4.7637347028995236e-11,4.764616387415303e-11,4.764705348980741e-11,15.86197656684344,0.3666690114873128,0.3215586878552859,0.28981595681183797,0.26883237437610824,0.2550585242504772,0.2457428270070291,0.2392025642179512,0.23445836707456355,0.23093402872094995,0.22827543627882352,0.22625562671261035,0.2247275406000578,0.2236249380737928,0.22290803519296568
-5.862024545318833e-14,-1.472115939364286e-14,-1.47215690601479e-14,-1.4721977810523843e-14,-1.4722385242511606e-14,-1.4722791469902677e-14,-1.4723196998022636e-14,-1.4723601898134238e-14,-1.4724006206654825e-14,-1.4724410180741583e-14,-1.4724814429524682e-14,-1.472521859183798e-14,-1.4725623781684792e-14,-1.4726029563750165e-14,-1.472643648349149e-14,-1.4726844374752132e-14,-1.472725208194128e-14,-1.4727659775682784e-14,-1.4728067118130458e-14,-1.4728473830935797e-14,-1.4728880618892657e-14,-1.472928700659205e-14,-1.4729693481820362e-14,-1.4730100247195543e-14,-1.4730506892809587e-14,-1.4730913621241522e-14,-1.4731320620401255e-14,-1.473172827118039e-14,-1.4732137996361872e-14
1.73791271903478e-12,3.4565061508114606e-13,2.6228668655842223e-13,1.7901277715204213e-13,9.56719716644918e-14,1.2262450201831887e-14,-7.116925168710204e-14,-1.5463505220477205e-13,-2.381494919716787e-13,-3.216044680796139e-13,-4.051202813267366e-13,-4.3920397367242935e-13,-4.733988421943512e-13,-5.076485000207203e-13,-4.5248649470091e-13,-3.975841717452239e-13,-3.427833986806125e-13,-2.88067654149003e-13,-2.334228051824161e-13,-1.788357048163224e-13,-1.2429271723109646e-13,-6.977984502465167e-14,-1.5283384447426947e-14,3.9210264403652345e-14,9.371471869418093e-14,1.4824366020952977e-13,2.02810746492009e-13,2.5742965740591846e-13,3.1211553195089383e-13
2.1707579992681338e-12,3.4927030846090667e-13,1.6051421596389947e-13,-3.422215276785477e-14,-4.3556072363681954e-14,7.233709133946059e-14,-4.2695398827835847e-13,-1.4046436439347366e-13,-1.419852144589772e-13,-1.3909115181482283e-13,-1.182115821795306e-13,-1.7953439330763458e-13,-1.8966052777935576e-13,-1.7804033844160915e-13,-1.6353472973849675e-13,-1.578143997932285e-13,-1.5740607846604614e-13,-1.5597463791710155e-13,-1.321771346152859e-13,7.733456953048817e-13,1.6239969845759126e-11,2.8409676806166143e-10,5.107561284271813e-9,2.5300894182123444e-10,1.1290885272081037e-11,2.157923926643302e-13,-2.8360281243125857e-13,-6.694131395039022e-13,-1.0574191060528691e-12
2.59698861401341e-12,6.384770854696996e-13,6.384954918207417e-13,6.38513907824109e-13,6.385323250521695e-13,6.385507384008233e-13,6.385691466903865e-13,6.385875493882448e-13,6.386059449103632e-13,6.386243343384672e-13,6.386427131661011e-13,6.38661083666456e-13,6.386794535828403e-13,6.386978281670063e-13,6.387162155278609e-13,6.387346169236946e-13,6.387530284260579e-13,6.387714450710613e-13,6.387898610818295e-13,6.388082724501502e-13,6.38826677604436e-13,6.388450760278403e-13,6.388634677626382e-13,6.388818529737604e-13,6.389002317777854e-13,6.389186040358829e-13,6.389369685009802e-13,6.38955329399579e-13,6.389737043021486e-13
1.5523568198987996e-11,4.0845617733034626e-12,4.092446418213466e-12,4.1002433333083675e-12,4.107333518575897e-12,4.113065227360692e-12,4.116794887671772e-12,4.117934605173528e-12,4.116234866301738e-12,4.112144860357398e-12,4.106203402000234e-12,4.097603113527982e-12,4.0822469142954954e-12,4.051734673282953e-12,7.156960147363854e-14,-3.6335277977906516e-12,-3.648421278464027e-12,-3.65410017517474e-12,-3.659434664628068e-12,-3.666024924506229e-12,-3.67299245542069e-12,-3.6794315913693206e-12,-3.685046348615159e-12,-3.689936515544551e-12,-3.694366718276555e-12,-3.698655265077848e-12,-3.703130858912197e-12,-3.70808083515694e-12,-3.713988886151014e-12
7.253225683707059e-12,1.6956176055948364e-12,1.706379639574583e-12,1.719020418562195e-12,1.7341786706466727e-12,1.7526383461136267e-12,1.7752244781370992e-12,1.8027606547549598e-12,1.8359996524018575e-12,1.8756338470227827e-12,1.922431728625642e-12,1.9769928057843476e-12,2.0394520170914087e-12,2.09976754849081e-12,4.734968114061325e-12,2.091973536696589e-12,2.0356983616062465e-12,1.9840343206152113e-12,1.9443878426444922e-12,1.913605166748904e-12,1.8887242597808704e-12,1.8682117495736897e-12,1.8512231209220235e-12,1.837155789567922e-12,1.8254726367987603e-12,1.8156193615208612e-12,1.8069613801256483e-12,1.7986151505112565e-12,1.78900038606897e-12
-2.0890306397669054e-13,-6.186076467394813e-14,-6.189373934385722e-14,-6.18881323020751e-14,-6.183381732806379e-14,-6.17356239082336e-14,-6.160522108636056e-14,-6.14544430821041e-14,-6.129344740322608e-14,-6.11307354072712e-14,-6.097276879492358e-14,-6.082292452323476e-14,-6.068126407293525e-14,-6.054559287652652e-14,-6.041296549825979e-14,-6.027859419773317e-14,-6.013844641694878e-14,-5.999129930452459e-14,-5.983714507990042e-14,-5.96769259306041e-14,-5.951211542570776e-14,-5.93448360804776e-14,-5.917816655586782e-14,-5.90162699334901e-14,-5.886464977359287e-14,-5.873083394835342e-14,-5.862549024064068e-14,-5.856040294225435e-14,-5.853950572288148e-14
4.338828218415816e-12,9.939603259612908e-13,8.100579216665416e-13,6.260687185598397e-13,4.432720210588118e-13,2.6284084432471534e-13,8.391698197469406e-14,-9.487661766527738e-14,-2.744040213737902e-13,-4.5438377276629916e-13,-6.340559064276411e-13,-8.13090938611062e-13,-9.914812904422688e-13,-1.1685937074750612e-12,-1.169128767336092e-12,-1.0050657038801425e-12,-8.410142483347805e-13,-6.776605950321582e-13,-5.151888955233387e-13,-3.536936801423673e-13,-1.9307592349799058e-13,-3.2915533980676703e-14,1.2718145285215755e-13,2.8743292569588663e-13,4.481325040642884e-13,6.099641204944051e-13,7.740296377325833e-13,9.392436206391523e-13,1.1042539865312137e-12
4.613422524638529e-12,1.0721319152759599e-12,9.868214160568845e-13,9.019941874524426e-13,8.191874354394644e-13,7.378730368132033e-13,6.571258471648488e-13,5.763146301873023e-13,4.956365183666886e-13,4.1555858595509717e-13,3.360291125799174e-13,2.5658784717234204e-13,1.7684435589916248e-13,9.643172633099216e-14,-1.0033152626189883e-13,-1.8032581710235955e-13,-2.5998773873067243e-13,-3.400061809856719e-13,-4.205086723893785e-13,-5.014076287890571e-13,-5.823096275316166e-13,-6.62936871398007e-13,-7.43384418531417e-13,-8.238892521961946e-13,-9.050724402661815e-13,-9.883266404462117e-13,-1.0762032901016029e-12,-1.1683988020841551e-12,-1.2583396584218615e-12
8.148127985980855e-12,1.7395880478059385e-12,1.7418138651571463e-12,1.7441006266210963e-12,1.746236101762259e-12,1.748097310830023e-12,1.7496824110408143e-12,1.7510278473248755e-12,1.752176131862528e-12,1.7531797467315645e-12,1.7541064493991202e-12,1.7550196664494586e-12,1.7559605194295828e-12,1.7569539905392574e-12,1.758007457463414e-12,1.7590979172674533e-12,1.7601867191743811e-12,1.7612428601862483e-12,1.7622455006253331e-12,1.7631815243807449e-12,1.7640411026201146e-12,1.764810247310114e-12,1.7654666218882895e-12,1.7659791565761002e-12,1.766304983466859e-12,1.7663878821805326e-12,1.7661875478574198e-12,1.7657891275821156e-12,1.7652410879112058e-12
6.406822323254227e-12,1.5011805755684314e-12,1.5026784605655938e-12,1.5041756584840481e-12,1.5056741426934962e-12,1.5071771967142155e-12,1.5086908467994445e-12,1.5102251810291046e-12,1.5117960930005276e-12,1.5134279670651036e-12,1.5151572248211434e-12,1.5170430710709324e-12,1.5192157315459384e-12,1.5221583833670065e-12,2.5128046198488103e-13,-1.3801877580990986e-12,-1.3805507427068364e-12,-1.381507940084747e-12,-1.3826630823927547e-12,-1.3839145426796837e-12,-1.3852200575580822e-12,-1.3865580905210274e-12,-1.387916522670142e-12,-1.389286610201866e-12,-1.3906616092670861e-12,-1.3920377538207488e-12,-1.3934135956688133e-12,-1.3947894914023444e-12,-1.3961661838161181e-12
5.303902906736118e-12,1.3236270453840791e-12,1.3249986346483333e-12,1.326357900982893e-12,1.3276980574155855e-12,1.3290098924767705e-12,1.3302864566780627e-12,1.3315248743684906e-12,1.3327231769216428e-12,1.3338860399236542e-12,1.3350753103984084e-12,1.334639477460916e-12,1.3338788288023357e-12,1.321389057240058e-12,2.2131766792644256e-12,1.0101483125898573e-12,1.0109521052314903e-12,1.0126989121795853e-12,1.0141143567548705e-12,1.0153926779895599e-12,1.0165925661105483e-12,1.0177405227128185e-12,1.018850514164006e-12,1.0199319857008297e-12,1.0209925243882407e-12,1.0220381661816437e-12,1.0230743948513568e-12,1.0241067005866486e-12,1.025139614523193e-12
-9.218295233687227e-14,-2.3042893462019337e-14,-2.304350227694369e-14,-2.304412006949589e-14,-2.3044743077300875e-14,-2.3045364036798334e-14,-2.3045978239231093e-14,-2.3046583685912402e-14,-2.3047179340206218e-14,-2.3047764867572978e-14,-2.3048338661153264e-14,-2.3048899708603787e-14,-2.3049447134344895e-14,-2.3049978382483502e-14,-2.3050481799999488e-14,-2.305098150407542e-14,-2.3051496826046918e-14,-2.305202815776207e-14,-2.3052574631055186e-14,-2.305313497397259e-14,-2.3053708140758217e-14,-2.3054293178640806e-14,-2.3054889661741168e-14,-2.305549704779502e-14,-2.3056113187104015e-14,-2.3056735706407162e-14,-2.3057362528308305e-14,-2.3057986830845308e-14,-2.305860022883247e-14
1.8139231125185584e-12,3.836341276400547e-13,3.167779033397207e-13,2.499771581009845e-13,1.8320624826464989e-13,1.164429743696523e-13,4.9682794022907907e-14,-1.7075112730565852e-14,-8.383888062842164e-14,-1.5062367544053521e-13,-2.174476222262062e-13,-2.843292188218773e-13,-3.5129031506379283e-13,-4.183743282376698e-13,-4.292481804570249e-13,-3.675711383683392e-13,-3.05988745780097e-13,-2.4446373877941393e-13,-1.8297621516743074e-13,-1.2150936256161674e-13,-6.004633243302862e-14,1.4305937466078326e-15,6.29393465705858e-14,1.2447989735685516e-13,1.8602661945360174e-13,2.4756335861374426e-13,3.0909365306862746e-13,3.706436734663372e-13,4.322386027812944e-13
2.3496244089445475e-12,5.351597568596286e-13,4.756031309291741e-13,4.160700356283376e-13,3.5652942948662367e-13,2.969289771363826e-13,2.3715679256162887e-13,1.770604139655409e-13,1.1635570315090636e-13,5.4238723487470627e-14,-1.2924690466847387e-14,-1.2887577577472436e-14,-7.05791780363817e-15,5.000281457746141e-13,-3.91120321774525e-13,-1.703942577213079e-14,-1.3218608345971373e-14,-7.066832757909545e-14,-1.2038411224352192e-13,-1.6786253378528636e-13,-2.1436476676583548e-13,-2.6032903506010473e-13,-3.0593165392542673e-13,-3.5132179617160177e-13,-3.9662017015019734e-13,-4.4187892776034014e-13,-4.871073712537109e-13,-5.323160412251681e-13,-5.775774124112685e-13
4.085638638697471e-12,1.0012841119166485e-12,1.001310788108957e-12,1.00133755905169e-12,1.0013644479860986e-12,1.0013914356737628e-12,1.0014184874286897e-12,1.0014455838343724e-12,1.0014727170675804e-12,1.0014998834565084e-12,1.001527075072323e-12,1.0015542935977244e-12,1.001581560010623e-12,1.001608970925376e-12,1.0016360241714355e-12,1.001662577921861e-12,1.001689107524996e-12,1.001715655406887e-12,1.0017422306574869e-12,1.0017688348487567e-12,1.0017954677842766e-12,1.0018221317230858e-12,1.0018488304979722e-12,1.0018755689552214e-12,1.0019023546459647e-12,1.0019292090523287e-12,1.0019562054164499e-12,1.00198339495955e-12,1.002010626606135e-12
9.227699014697674e-12,2.215489449325308e-12,2.2176844822916933e-12,2.219880919893377e-12,2.2220783069080414e-12,2.2242823635187194e-12,2.2265302809931016e-12,2.2289085558789964e-12,2.23160227319767e-12,2.2349478425537955e-12,2.239329288965727e-12,2.244774461707361e-12,2.251203030280545e-12,2.2600668908534778e-12,2.304682515295699e-12,-2.751146670186713e-12,-2.745363799841491e-12,-2.74491779430114e-12,-2.7463187605112846e-12,-2.748514936703281e-12,-2.751070361122605e-12,-2.7537882350174277e-12,-2.7565752772934754e-12,-2.7593858179492817e-12,-2.762197587595086e-12,-2.7650011524972303e-12,-2.7678014232920094e-12,-2.7705891926885483e-12,-2.7733503512835507e-12
1.8090822662672243,5.074396322897445e-11,5.077832235086046e-11,5.079385996276173e-11,5.082667080922583e-11,5.082083799347152e-11,5.079547717710709e-11,5.082183466472809e-11,5.082616124126434e-11,5.0821656936245525e-11,5.0810936774305826e-11,5.080109185755753e-11,5.0776723552515284e-11,5.1245648635200716e-11,6.005873672854109e-11,4.1573411717473454e-11,4.155221427530106e-11,4.1557494336389027e-11,4.156422755017657e-11,4.1574288352755604e-11,4.162026562094419e-11,4.218159502121582e-11,4.183993046231619e-11,4.157314200540213e-11,4.1576325032413465e-11,4.15848417177113e-11,4.1619007277877855e-11,4.165292328443044e-11,4.168694273234064e-11
-5.305407317650506e-13,-1.3078713423126637e-13,-1.3078810024350216e-13,-1.3078948966839937e-13,-1.3079120579860976e-13,-1.3079312960765115e-13,-1.3079515779075487e-13,-1.3079722258828636e-13,-1.3079925889109814e-13,-1.3080120791327376e-13,-1.3080303946345298e-13,-1.308047705285886e-13,-1.3080643230219296e-13,-1.308080592164721e-13,-1.3080974944056383e-13,-1.308113821777963e-13,-1.308130956445517e-13,-1.3081493093444927e-13,-1.3081688681044935e-13,-1.3081895215352842e-13,-1.3082110434635822e-13,-1.308233228556041e-13,-1.3082559282106276e-13,-1.3082789043292792e-13,-1.3083019185235121e-13,-1.3083245211233058e-13,-1.3083470346925031e-13,-1.3083681089159501e-13,-1.3083836893058866e-13
5.4496964477940075e-12,1.2612592650605412e-12,1.161753036851207e-12,1.061794564181926e-12,9.615596183750682e-13,8.612292870236143e-13,7.608778418590771e-13,6.605201934986398e-13,5.601488551707796e-13,4.59727854617519e-13,3.5916574938028924e-13,2.583536117966535e-13,1.5720855134879744e-13,5.57549595424258e-14,-4.744871641528823e-14,7.581193218169197e-14,1.9886864377714857e-13,3.2188346022900523e-13,4.4485676524653663e-13,5.678335581397424e-13,6.908242414841987e-13,8.138261244364971e-13,9.368265707983615e-13,1.0598186077851796e-12,1.1828009971173218e-12,1.3057423400970466e-12,1.4285567429125845e-12,1.5511942418700337e-12,1.6737846410426387e-12
1.645321112058903e-11,2.3757358825980637e-12,8.619310027796004e-13,1.714532853378567e-13,-1.2986635620515202e-12,-1.0537220998329835e-12,5.047323164854588e-14,-1.1706827946056152e-12,-1.4383852652550662e-12,-1.3605739233625733e-12,-1.0732653236540817e-12,-9.154548660301157e-13,-8.255164195140687e-13,8.209689039914167e-14,-1.37490604419589e-12,-2.2466461673041492e-12,-4.55095540739187e-13,-3.8141332873059177e-13,-5.310128126357855e-13,-8.872883327652702e-13,-2.8763036405577966e-12,-2.787606642458055e-11,-1.260049684388812e-11,-6.742288082000345e-13,-7.993394819908995e-13,-1.1673152727872832e-12,-2.6827876433291086e-12,-4.1906163575861365e-12,-5.707171001685543e-12
2.3647328916219855e-11,5.812109116777043e-12,5.812124344041959e-12,5.812140753668486e-12,5.812159790754705e-12,5.8121811054278035e-12,5.8122038396148625e-12,5.812227672920483e-12,5.8122523869548045e-12,5.8122776113325515e-12,5.812302711206197e-12,5.8123273220746804e-12,5.8123515994876506e-12,5.812375323476697e-12,5.8123987950500695e-12,5.8124220900282484e-12,5.812444877858853e-12,5.812467450792982e-12,5.812490255423581e-12,5.812513361876402e-12,5.812536821190867e-12,5.812560673436254e-12,5.812585000363696e-12,5.8126099251491936e-12,5.812635636460892e-12,5.8126624873553426e-12,5.812692293066114e-12,5.8127281013913575e-12,5.812768090321675e-12
-1.6229046242945219e-12,-4.074959570351634e-13,-3.7380246322098917e-13,-3.620014303340819e-13,-3.624969026396597e-13,-3.6296923548896644e-13,-3.6342686353491594e-13,-3.638360051289283e-13,-3.641580421841446e-13,-3.6442906782849965e-13,-3.6481417475906454e-13,-3.6485047755921536e-13,-3.6394426043610935e-13,-3.6094997575522744e-13,-2.238250597264061e-12,-2.238186646820164e-12,-2.2401025085517893e-12,-2.242264968289441e-12,-2.2445717338056234e-12,-2.2469704503349224e-12,-2.249404822131797e-12,-2.25184569007733e-12,-2.2542725465304536e-12,-2.256673561015874e-12,-2.2590409586855978e-12,-2.2613703506703203e-12,-2.2636622380642904e-12,-2.26592339006463e-12,-2.2681629847964313e-12
3.4162273316894427,5.7775568921140046e-11,5.7820205241206386e-11,5.782953425718559e-11,5.786952165787095e-11,5.787705287214088e-11,5.782702700366163e-11,5.787266695954945e-11,5.787859855596125e-11,5.787360153014814e-11,5.784984424033454e-11,6.022165547318967e-11,6.84253880881663e-11,7.462187333108647e-11,8.727189002151336,0.11933964832031738,0.06173766651296723,0.05574911943125549,0.052640655390434776,0.05054897297320628,0.04907825132365755,0.0480002259597952,0.04720107434144953,0.0466109388313499,0.04618470613520977,0.04589191077569889,0.045710904783931146,0.045619768011305434,0.04562891804581818
-5.500808199927272e-13,4.6897472573438253e-14,4.7090877434031647e-14,4.7278894041463317e-14,4.7463989151576286e-14,4.764669671641026e-14,4.7827075550364896e-14,4.80051409587453e-14,4.817904194504343e-14,4.8342492352424756e-14,4.849110006387023e-14,4.8642680083594207e-14,4.880434727445769e-14,4.897401764472216e-14,4.9149331180385205e-14,4.9320870633857266e-14,4.9491430204402955e-14,4.9666992256550614e-14,4.984517788116868e-14,5.0024836579354694e-14,5.0205909433244106e-14,5.0388230545755757e-14,5.0571803424530447e-14,5.075666767309218e-14,5.0942870761212835e-14,5.1130495019613655e-14,5.13194089374666e-14,5.150960140533287e-14,5.1701182130398006e-14
1.1078452139719754e-11,2.617459555346945e-12,1.112818390634609e-12,5.836400251036893e-13,6.026527288576503e-13,6.203013042610835e-13,6.376088613938343e-13,6.548677007612147e-13,6.723748934568648e-13,6.898286744366274e-13,7.059955595340016e-13,7.213016096524192e-13,7.362258213339688e-13,7.512168728962639e-13,8.505833224263225e-13,9.50122399598436e-13,1.0497240808085705e-12,1.1493044477665022e-12,1.248956252655906e-12,1.3486904305216849e-12,1.448470948158026e-12,1.5482685484709247e-12,1.6480830852440631e-12,1.7479188295182061e-12,1.8477318825364948e-12,1.9474959038194814e-12,2.0471791539573137e-12,2.146734643882815e-12,2.24612249851196e-12
1.9546611666782865e-11,2.8837789596126516e-12,9.307053171042471e-13,5.295033374851049e-13,-1.2561762648833629e-12,-1.6044817691474236e-12,6.036206064610781e-13,-1.4711104745327684e-12,-1.796213028091905e-12,-1.6807439953517285e-12,-9.744009011472069e-13,-5.380007308706306e-13,-1.4590956488585265e-12,-4.2498171887007837e-13,-4.336306494477313e-12,-1.5847858339628032e-12,-1.4579793022785583e-12,-1.5653915411380649e-12,-2.059776691706903e-12,-2.5388466579759783e-12,-5.6307073376870955e-12,-3.216442980174811e-11,-2.679551971556206e-9,1.6315024898256486e-11,4.425746056635906e-13,-1.5192977276690787e-12,-2.6892205232316757e-12,-6.105821078615467e-12,-1.0119308833985533e-11
2.679403837251725e-11,6.6003270007949584e-12,6.5914847435046014e-12,6.582642515879056e-12,6.573865931266239e-12,6.5651135508420405e-12,6.556369220582931e-12,6.5476291809356865e-12,6.538894510576249e-12,6.530165129020367e-12,6.521450822136613e-12,6.512766563127527e-12,6.5040991500471804e-12,6.495435367481022e-12,6.486769275588333e-12,6.4781111716065336e-12,6.469462001750114e-12,6.460811117184693e-12,6.452159915949354e-12,6.443510063120874e-12,6.434860899738655e-12,6.426212773652209e-12,6.417566366796349e-12,6.408921954899043e-12,6.4002798687479026e-12,6.3916403288914286e-12,6.383005703571142e-12,6.3743805832525056e-12,6.365764486190259e-12
1.1202088174131992e-11,2.754833007693015e-12,2.7590514936615166e-12,2.7632691989635558e-12,2.7674905008782415e-12,2.771722714168183e-12,2.775981626473793e-12,2.7803044168664856e-12,2.7847808093476234e-12,2.789626999178268e-12,2.795248410385677e-12,2.801581213753312e-12,2.8076856180116272e-12,2.8136222983340397e-12,2.81965812878938e-12,-2.361260735195232e-12,-2.3517617082870365e-12,-2.351830404618342e-12,-2.354111826659779e-12,-2.3571458597748005e-12,-2.3604822515160728e-12,-2.3639512635808574e-12,-2.3674813227309494e-12,-2.3710390063264306e-12,-2.3746074868095323e-12,-2.3781782580864026e-12,-2.381741503091454e-12,-2.385299062699139e-12,-2.3888720081619846e-12
1.0626864252509916e-8,3.6901641937577604e-11,3.694194578061061e-11,3.696103087184466e-11,3.69620681868031e-11,3.697403755473874e-11,3.6899233330277554e-11,3.6958388250314406e-11,3.6959130542715464e-11,3.695198864553304e-11,3.697577258433973e-11,3.696274367985083e-11,3.696286940308991e-11,3.695862946955319e-11,3.6898032270095484e-11,2.306345576248469e-11,2.3104288319709782e-11,2.310685011831021e-11,2.311131776798273e-11,2.3111516030097042e-11,2.3199168094930975e-11,2.4210733659774404e-11,6.8866336626857e-11,2.2076463413175142e-11,2.3099637067224704e-11,2.3107129952856898e-11,2.313798457514551e-11,2.3168749798200906e-11,2.3199661007357558e-11
-5.376787069907344e-13,-2.330309563536956e-13,-2.33247023204672e-13,-2.3346300739327585e-13,-2.336789702940959e-13,-2.338949362560985e-13,-2.3411089286064777e-13,-2.343268543245436e-13,-2.345427870931809e-13,-2.3475865207302673e-13,-2.349744906447575e-13,-2.351903336363099e-13,-2.3540614381648373e-13,-2.356218516598356e-13,-2.3583758849868034e-13,-2.360535017341124e-13,-2.3626957678843614e-13,-2.364858287052811e-13,-2.367022078823315e-13,-2.36918680743637e-13,-2.3713522594622556e-13,-2.373518510466719e-13,-2.3756856988871963e-13,-2.377853843028445e-13,-2.3800229206352985e-13,-2.3821926715473736e-13,-2.3843634213456786e-13,-2.386536982532587e-13,-2.388705794511142e-13
5.351081233906702e-12,1.1930199475157501e-12,1.0396959967583269e-12,8.864421206207327e-13,7.332045562475379e-13,5.799590854718962e-13,4.267143449054006e-13,2.734787638162404e-13,1.2024272503213462e-13,-3.303831606535678e-14,-1.8643533962551924e-13,-3.39988333299579e-13,-4.936717311952095e-13,-6.474750429877231e-13,-8.013885542479447e-13,-6.704451421998239e-13,-5.402237610535482e-13,-4.101916798508113e-13,-2.802217043082601e-13,-1.502701058899722e-13,-2.0319512606200764e-14,1.096360213673244e-13,2.395964367370509e-13,3.6955844503111127e-13,4.995192388661511e-13,6.294643502360452e-13,7.592075372868272e-13,8.886076759752651e-13,1.0183959752769174e-12
1.1749430159228165e-11,1.3832806211660913e-12,-6.670759436102795e-14,-7.517717565477751e-13,-7.856685057220967e-13,-1.2199166106388915e-12,1.4910559057578685e-12,-6.648388395122379e-13,-7.084535287349194e-13,-4.786306554748884e-13,-1.3890344721726108e-12,-9.615351843850008e-13,-9.75109418039451e-13,-7.780289195832085e-13,1.3681018812579835e-12,2.4727991545197186e-13,-9.390228036111666e-13,-9.28649053717819e-13,-1.0295596325975292e-12,-9.964361888089087e-13,-4.14982828965955e-12,-4.084233776853343e-11,-1.6614886322762155e-9,3.664009712265181e-11,-4.86111751361269e-13,-7.531310498472721e-13,-1.8688562661287554e-12,-2.983246883921398e-12,-4.104295987649885e-12
1.3686397809812359e-11,3.294430857092014e-12,3.3022859089274398e-12,3.310138541244007e-12,3.3179881617117016e-12,3.325836457356325e-12,3.3336840848299154e-12,3.341531478695379e-12,3.3493780809963483e-12,3.357223024342964e-12,3.365066541901204e-12,3.3729092533345823e-12,3.380751251269925e-12,3.3885915815398267e-12,3.3964300421264304e-12,3.4042684890233665e-12,3.4121073599552214e-12,3.419946400484212e-12,3.42778565354266e-12,3.4356251262813896e-12,3.443464443113215e-12,3.4513035650785575e-12,3.4591426369022465e-12,3.46698165660105e-12,3.4748206469968403e-12,3.482659101203632e-12,3.490495094941848e-12,3.4983391241482925e-12,3.506190463922797e-12
1.9931523544081036e-11,4.850637885283671e-12,4.859656737347233e-12,4.868683915088664e-12,4.87775007091661e-12,4.8868600367900254e-12,4.8960058812609716e-12,4.905195015332692e-12,4.914483934278802e-12,4.924005567837099e-12,4.934078465491986e-12,4.945640954509176e-12,4.96340930258241e-12,3.602849650242652e-12,-3.743434467716182e-12,-3.734185696883734e-12,-3.7360198702479e-12,-3.7406962841456524e-12,-3.746473799803523e-12,-3.752785715584792e-12,-3.759387870241577e-12,-3.766146668711273e-12,-3.772990953047264e-12,-3.779879828553339e-12,-3.786784410536764e-12,-3.793696752816171e-12,-3.8006296968839476e-12,-3.807573695670676e-12,-3.814521840735944e-12
2.5105562483199198e-11,6.184608749280864e-12,6.195213758093457e-12,6.2066217897243394e-12,6.218263351673015e-12,6.229974177154864e-12,6.241622443528039e-12,6.253131937975028e-12,6.264554233741579e-12,6.276431537316226e-12,6.263780680136032e-12,6.25719917729097e-12,6.257819813530262e-12,6.538094729066002e-12,7.398808144787672e-12,7.36380931449524e-12,7.356463069818174e-12,7.361665107774394e-12,7.365067454912544e-12,7.365710662404842e-12,7.365566492121222e-12,7.375443493610252e-12,7.389349633736095e-12,7.402894300463725e-12,7.41623341581842e-12,7.4295454369859e-12,7.44291244122276e-12,7.456195125949672e-12,7.469701650949083e-12
-5.443890807548363e-13,-1.3459715153932693e-13,-1.3459778948025349e-13,-1.3459863400543497e-13,-1.345987318261574e-13,-1.3459778195783465e-13,-1.3459611226417697e-13,-1.3459432744389844e-13,-1.34592793701361e-13,-1.3459161430354715e-13,-1.345905635587146e-13,-1.3458939725833679e-13,-1.3458814696968419e-13,-1.3458692961169012e-13,-1.3458565304785847e-13,-1.3458441611422265e-13,-1.3458328993520604e-13,-1.3458223810413515e-13,-1.3458131316780798e-13,-1.3458047779731727e-13,-1.345797691891173e-13,-1.3457917349903877e-13,-1.3457853286800504e-13,-1.3457766836101447e-13,-1.3457686135624792e-13,-1.3457674247535775e-13,-1.3457724763821148e-13,-1.345776679733873e-13,-1.3457773144966375e-13
7.589501011278379e-12,1.580035116853781e-12,1.2831281789039053e-12,9.863981890945816e-13,6.89781706853339e-13,3.930549300249737e-13,9.619576331146235e-14,-2.0069901165924185e-13,-4.975605004755524e-13,-7.944317867180415e-13,-1.0914047644463969e-12,-1.388621046035732e-12,-1.6864891618373562e-12,-1.901635946474142e-12,-1.6712681755762282e-12,-1.4420084558982069e-12,-1.2131261739523466e-12,-9.844121485659888e-13,-7.557753472999874e-13,-5.271613653741568e-13,-2.985335570750855e-13,-6.987748886424674e-14,1.588293496420485e-13,3.8763982041019915e-13,6.164730438988967e-13,8.451415142362738e-13,1.0737558342111865e-12,1.302432575878467e-12,1.531183275717958e-12
1.1180815710881326e-11,2.3924167684209368e-12,2.0432469452324784e-12,1.6690481009776856e-12,1.2912331667782199e-12,9.129208188909739e-13,5.342354011556766e-13,1.5435452201737536e-13,-2.291370920924646e-13,-6.349015193905455e-13,-2.445898190012882e-13,-7.512399823788468e-14,-2.0916866481069152e-13,1.566775826558978e-12,-1.294200454805171e-12,-1.2547021489595953e-13,1.4483092280808682e-13,-2.5489438436442858e-15,-9.59546696040016e-14,-1.03312857333966e-13,-8.893923735201401e-14,-4.076475212521098e-13,-8.621019757326017e-13,-1.3087959896308402e-12,-1.7536202693190588e-12,-2.1981257225563966e-12,-2.639773691095591e-12,-3.076923237448032e-12,-3.520972253333587e-12
1.7917118990138374e-11,4.43576830434792e-12,4.435750027090593e-12,4.435741757283402e-12,4.435741629880918e-12,4.435743770146758e-12,4.435743972869091e-12,4.4357400726680045e-12,4.4357312919363955e-12,4.435719240759804e-12,4.435705918143802e-12,4.435692006420912e-12,4.435677660395601e-12,4.435662962904083e-12,4.435647122230076e-12,4.435629879927257e-12,4.43561219629849e-12,4.435594660931636e-12,4.435577243648659e-12,4.435559500521476e-12,4.435541128792765e-12,4.4355218066643336e-12,4.4355004276010736e-12,4.435475032545113e-12,4.435446148132606e-12,4.435420436349885e-12,4.435404615268578e-12,4.435394203360735e-12,4.435385294352476e-12
5.012299438647908e-12,1.2509890420150967e-12,1.2533127736583428e-12,1.25564188138412e-12,1.2580024703124556e-12,1.2604012230628703e-12,1.2628038431048654e-12,1.2652098477134956e-12,1.2676565840721164e-12,1.2702123751037939e-12,1.2730506106051064e-12,1.2767402019111059e-12,1.2845685264898246e-12,3.825116527469286e-14,-8.971014937867451e-13,-8.832261966720873e-13,-8.813993804007919e-13,-8.81825617607977e-13,-8.82926664994292e-13,-8.843003859156818e-13,-8.858046422113967e-13,-8.873729382251537e-13,-8.889721482705794e-13,-8.905832041971834e-13,-8.921835697853636e-13,-8.937780498261901e-13,-8.954040483753416e-13,-8.970397525918182e-13,-8.986774270519969e-13
6.1893004192360295e-12,1.5012352466045184e-12,1.514354395496642e-12,1.5169224090638884e-12,1.5198369733116123e-12,1.5228074150846387e-12,1.5257217681242186e-12,1.5285910008550283e-12,1.5314800467177387e-12,1.5314271015828267e-12,1.5278151945300728e-12,1.5261960101372198e-12,1.5244646960607563e-12,1.8323639025356562e-12,1.9330219916412984e-12,1.932447301339238e-12,1.931481077750758e-12,1.9329173505905798e-12,1.9339103165247785e-12,1.934057638451071e-12,1.934283523695293e-12,1.934693151919525e-12,1.9356914082864153e-12,1.939539618778515e-12,1.9429791025922222e-12,1.9463394175677334e-12,1.962464902851853e-12,1.9614161511471316e-12,1.964904402273341e-12
-1.4613211011805935e-13,-3.8454393115319695e-14,-3.8461117817913985e-14,-3.8467874184146196e-14,-3.847382000064967e-14,-3.847896311594011e-14,-3.8484133161317724e-14,-3.848963767389958e-14,-3.849516236023778e-14,-3.850072321992836e-14,-3.850619764931693e-14,-3.851151696081242e-14,-3.851675231061217e-14,-3.852198694067603e-14,-3.852715509671088e-14,-3.8532404987220356e-14,-3.8537801041058807e-14,-3.854330662089501e-14,-3.8548968865899496e-14,-3.8554765403301e-14,-3.8560770314132764e-14,-3.856703820564387e-14,-3.8573497825098596e-14,-3.85799739187092e-14,-3.8586162295332754e-14,-3.859244374500307e-14,-3.859914631775619e-14,-3.860573054696502e-14,-3.861215687084289e-14
1.8508269668818988e-12,3.872825457209812e-13,3.107562484781901e-13,2.343426283058618e-13,1.580946949781584e-13,8.162036852573927e-14,5.015848833768397e-15,-7.161604435542298e-14,-1.4823088062022626e-13,-2.248355947790812e-13,-3.0146960558374065e-13,-3.782000102111207e-13,-4.552867707979659e-13,-4.567838192079347e-13,-4.0159318754722284e-13,-3.4739969923284773e-13,-2.934304768816706e-13,-2.3952871003373253e-13,-1.8563449211323815e-13,-1.3171725532243198e-13,-7.77591905333894e-14,-2.377430739765182e-14,3.021819709812985e-14,8.421609322106282e-14,1.381983269263161e-13,1.9203028557048023e-13,2.4587134457032417e-13,2.997613357937331e-13,3.536709430087635e-13
3.704902798457089e-12,8.345095822634004e-13,4.0328126587023537e-13,3.199053486363445e-13,2.279524766635957e-13,1.355766959921507e-13,4.25661471753728e-14,-5.1968745355154056e-14,-1.4973964444399908e-13,-1.5426457783875924e-13,-4.7662525932781764e-14,-1.942328116114896e-14,-3.395471880503868e-14,2.3085439120531525e-14,-5.807819884162129e-14,-2.2628883952612245e-14,2.851165545775433e-14,-6.186212554863811e-15,-3.056289389941872e-14,-2.9993446178467964e-14,-3.409325977114298e-14,-4.56914699490331e-14,-7.781629528173465e-14,-2.0503859730728987e-13,-3.22192937242745e-13,-4.386364405545057e-13,-9.705734309156051e-13,-9.364912007805607e-13,-1.0513921938060319e-12
4.705673724810906e-12,1.1546062759706812e-12,1.1548100189682313e-12,1.155019372560809e-12,1.155233424868017e-12,1.1554472585868003e-12,1.1556582533729373e-12,1.1558670473608838e-12,1.1560741043408608e-12,1.1562796360429114e-12,1.1564844977790008e-12,1.1566891854248354e-12,1.1568937815834308e-12,1.1570978651714644e-12,1.1573003341457335e-12,1.1575014318989408e-12,1.157702385029284e-12,1.1579034605753487e-12,1.1581045404220794e-12,1.158305553992872e-12,1.15850664306234e-12,1.158707907572033e-12,1.1589091000378734e-12,1.159109494347543e-12,1.1593076370825816e-12,1.159506209735154e-12,1.1597100390478619e-12,1.1599153782998261e-12,1.1601210987953741e-12
2.824879842238119e-10,7.191434570046278e-11,7.20480832388262e-11,7.218158893974477e-11,7.237985204862772e-11,7.252807836169489e-11,7.267094134716006e-11,7.28140987893501e-11,7.296129919029042e-11,7.311692695795542e-11,7.329663869411362e-11,7.357070786053226e-11,7.48741417298526e-11,-4.287073345076301e-11,-3.991766383404852e-11,-5.0470834959592245e-11,-5.0038212672420145e-11,-5.002260498183036e-11,-5.00716296192845e-11,-5.0141964241478614e-11,-5.0222107722614976e-11,-5.0307350261519025e-11,-5.039485543093788e-11,-5.0483090699651854e-11,-5.0568494770539513e-11,-5.0646434178126505e-11,-5.0735285149079747e-11,-5.0826944255762857e-11,-5.0919275101472015e-11
3.8212051905696376e-10,9.40798050146543e-11,9.526261885350361e-11,9.537436097268512e-11,9.555952567225339e-11,9.575628835471026e-11,9.597164740620652e-11,9.612668886862572e-11,9.624099674330972e-11,9.615583834373947e-11,9.595338144786445e-11,9.584364092947438e-11,9.456837202373226e-11,1.2462516178891248e-10,1.2417821581866886e-10,1.2440699918537355e-10,1.2399448318974297e-10,1.2401161577268428e-10,1.240784267415739e-10,1.2408349676723876e-10,1.240903302630073e-10,1.241376634761534e-10,1.2401998805353792e-10,1.2419599390113956e-10,1.2442041904893074e-10,1.2462347051026069e-10,1.2481281784228713e-10,1.259314617694698e-10,1.2614591231784458e-10
-9.121482879122186e-12,-2.2629504239561752e-12,-2.2630990943871896e-12,-2.263287165652225e-12,-2.263439294728792e-12,-2.2634910016758977e-12,-2.2636639627501498e-12,-2.2638261361337467e-12,-2.2639293460873392e-12,-2.2639932265391797e-12,-2.264041979274815e-12,-2.2640593264824942e-12,-2.2640608117357437e-12,-2.2640692383303787e-12,-2.264049836597053e-12,-2.264026945449067e-12,-2.264047134979749e-12,-2.2640924181851167e-12,-2.264152573879161e-12,-2.2642185866449733e-12,-2.264318274263116e-12,-2.264462645748892e-12,-2.2646264332279423e-12,-2.264804303812768e-12,-2.264989314584006e-12,-2.2651372909623864e-12,-2.2653065090239526e-12,-2.265454511699372e-12,-2.265579527770703e-12
1.0931937322172023e-10,2.2834351333795735e-11,1.8439999130197552e-11,1.4109625562755515e-11,7.784582180088729e-12,3.4012394264451546e-12,-1.0064810371459679e-12,-5.418391068776093e-12,-9.828766830390715e-12,-1.423680424694168e-11,-1.86456548311132e-11,-2.3062714782978764e-11,-2.7551697630391862e-11,-2.4897539493929387e-11,-2.2436317667824166e-11,-1.9356156454649208e-11,-1.6312331989944778e-11,-1.3276562085447758e-11,-1.0235196462249892e-11,-7.185213100836499e-12,-4.126265436090697e-12,-1.06241715151697e-12,2.00258416360182e-12,5.066608292133819e-12,8.12413611888317e-12,1.1044166772587888e-11,1.4055925403835583e-11,1.7099246578648532e-11,2.0147123972074444e-11
2.552208542708362e-10,5.827496032074245e-11,1.942865794768768e-11,1.590516442743872e-11,1.0129688868535742e-11,4.3086105151126084e-12,-2.579045335624465e-12,-7.650891607840026e-12,-1.153291876929779e-11,-9.127296988665298e-12,-3.399245811805979e-12,-2.257161697429986e-12,2.4451228197848334e-11,-3.2143923065953208e-12,1.270075188620742e-12,-1.7527700115258542e-11,-1.0767095180236844e-12,-6.149853974825302e-13,-2.2711577169557547e-12,-2.1533328703351704e-12,-2.251032073671519e-12,-3.773672174050089e-12,5.4075940036270866e-14,-5.858039589936205e-12,-1.3618515659073011e-11,-2.1083069194676657e-11,-2.750608697301173e-11,-6.437859467649389e-11,-7.146208883358945e-11
2.9523447000010617e-10,7.296835195875962e-11,7.297023170817002e-11,7.297311649335298e-11,7.29762838385679e-11,7.297980881375943e-11,7.29828959506711e-11,7.298607423021343e-11,7.298928363483873e-11,7.299236481351393e-11,7.299537913811598e-11,7.299839394038402e-11,7.300140770991478e-11,7.300435201542029e-11,7.300700693435619e-11,7.30093535270202e-11,7.301167659222718e-11,7.301403049108876e-11,7.301640594830116e-11,7.301879338420725e-11,7.302124749876785e-11,7.302379558704996e-11,7.302639293725645e-11,7.30290368892869e-11,7.303164385351659e-11,7.303412860589865e-11,7.303718214372185e-11,7.304039938556588e-11,7.30437101691665e-11
1.5047945852810205e-11,3.4048065884551965e-12,3.413235054329261e-12,3.421489682879482e-12,3.429489708945355e-12,3.437301994123614e-12,3.445201153958031e-12,3.453749292981346e-12,3.4634869530047446e-12,3.4743469299418487e-12,3.4859450865238296e-12,3.4980105471178005e-12,3.517172687293018e-12,4.594824096102641e-12,-2.865964262196536e-12,-2.8437152461777963e-12,-2.840358729780518e-12,-2.8390195075734095e-12,-2.837811386572045e-12,-2.837159341689456e-12,-2.837451921685677e-12,-2.8390222652142937e-12,-2.8416981146848037e-12,-2.8450651691745714e-12,-2.8487508242843167e-12,-2.8525036303776856e-12,-2.85630115989973e-12,-2.8603881331480277e-12,-2.865040305201139e-12
1.8762402315572404e-11,4.59077855313937e-12,4.633914428811945e-12,4.6302932646553325e-12,4.6380669269849056e-12,4.646796064423527e-12,4.656056117833229e-12,4.665163423933685e-12,4.6739668930794386e-12,4.6828680241653124e-12,4.6869215298290114e-12,4.658112137133082e-12,4.64715993360272e-12,4.366677702919801e-12,5.2490181908665915e-12,5.245325822102886e-12,5.234090476093301e-12,5.234280609959368e-12,5.233328473831751e-12,5.231049976401965e-12,5.22982756202876e-12,5.223426049201926e-12,5.233268712382369e-12,5.239463100827567e-12,5.245656310277322e-12,5.252679577009242e-12,5.271675592916205e-12,5.292588753978233e-12,5.299325991532066e-12
-4.444813429154514e-13,-1.1609591942807633e-13,-1.1617273379209923e-13,-1.1637928144202593e-13,-1.1655589513286874e-13,-1.1665713498310532e-13,-1.1669102995868213e-13,-1.1668260670989834e-13,-1.1665844165362584e-13,-1.1663679612216882e-13,-1.166275997686971e-13,-1.1663113002440424e-13,-1.1664182608283724e-13,-1.166544533074135e-13,-1.166674042209029e-13,-1.16686602527276e-13,-1.167141328364332e-13,-1.1674319822935186e-13,-1.1676644552126083e-13,-1.167786406220799e-13,-1.1677666746095282e-13,-1.167613029572468e-13,-1.1673923247219167e-13,-1.167227173415193e-13,-1.1672834850949291e-13,-1.1677185618842627e-13,-1.168557896079219e-13,-1.1694707868568421e-13,-1.1699432341195543e-13
5.491354702208584e-12,1.0592680653509463e-12,8.587514688363497e-13,6.583665696600275e-13,4.581795374585389e-13,2.5808199195942265e-13,5.783713549090775e-14,-1.426739752089595e-13,-3.43228905101128e-13,-5.437030911664962e-13,-7.443242609464744e-13,-9.452025830204595e-13,-1.1468408711486835e-12,-1.4111306649461308e-12,-1.242846121627558e-12,-1.0760177532407733e-12,-9.096848831018534e-13,-7.43436705767544e-13,-5.771297969085776e-13,-4.1085745941233857e-13,-2.4463258695102593e-13,-7.840401837930687e-14,8.792148518271243e-14,2.546443699438538e-13,4.2169685865744305e-13,5.887686951115541e-13,7.554250921512905e-13,9.218151416396355e-13,1.087664058948902e-12
1.1259971785261016e-11,2.401902449627836e-12,8.842189026055222e-13,9.9110814204872e-13,7.267867228394823e-13,4.585308763212105e-13,1.8942578013450312e-13,-8.099552529394867e-14,-3.614810533515853e-13,-6.281052454091857e-13,-6.87393671776808e-13,3.919819932866039e-13,7.156426987691502e-13,6.082272562853161e-13,-2.893371266484132e-13,-1.9520646625558248e-13,1.188555222577655e-13,4.015081156080159e-15,-6.64802257300026e-14,-6.245593192904714e-14,-7.836461795479791e-14,7.165447033986361e-14,-3.5688493108113193e-13,-6.671034975549793e-13,-9.683437548724337e-13,-1.2683794761475124e-12,-1.9547459822136507e-12,-2.711951124975558e-12,-3.0041479575306873e-12
1.4751373715291783e-11,3.4224845457535924e-12,3.4170264251348567e-12,3.4149490953420163e-12,3.414562263533333e-12,3.4149573742615954e-12,3.4157120860941207e-12,3.4166447277802225e-12,3.417681021057661e-12,3.4188072617583987e-12,3.4200268251838773e-12,3.4213040107081118e-12,3.42255965574725e-12,3.423706819555603e-12,3.4246597335262578e-12,3.425446369823348e-12,3.4261695368924846e-12,3.4268751330216794e-12,3.427600338638539e-12,3.428382428339672e-12,3.4292408843997272e-12,3.4301726409671268e-12,3.431175759631803e-12,3.4322855098937905e-12,3.4335926079196154e-12,3.4352736772893018e-12,3.437650907033672e-12,3.440784916010931e-12,3.4435110053013443e-12
1.7257715477896606e-12,4.490018629651084e-13,4.497370542029536e-13,4.5047084960491173e-13,4.512051486189433e-13,4.51942364048356e-13,4.526859997828905e-13,4.534437733488896e-13,4.542281546011754e-13,4.550580005785031e-13,4.559771445756917e-13,4.570957725281244e-13,4.588554479960452e-13,4.659172212305567e-13,-3.491395571278653e-13,-3.4582250344943647e-13,-3.4538190124521936e-13,-3.4548655068644293e-13,-3.4579047937748873e-13,-3.4619758577731464e-13,-3.4666606273946245e-13,-3.471734008986016e-13,-3.4770893411122877e-13,-3.4825846909091276e-13,-3.488109866060249e-13,-3.4936180096874423e-13,-3.499107612151462e-13,-3.5046130379385676e-13,-3.5101595247139493e-13
1.8682009007619983e-12,4.1862016031376016e-13,4.2163384168793076e-13,4.2220352360789605e-13,4.2289246793049205e-13,4.236373536273559e-13,4.244095035325087e-13,4.251818536013743e-13,4.2591741161362396e-13,4.2673123106651176e-13,4.2802537602488435e-13,4.225955107735845e-13,4.250049415457119e-13,4.225073802600485e-13,5.30396174477446e-13,5.297589500857239e-13,5.292352852745856e-13,5.296841815456306e-13,5.299668473744868e-13,5.299762513658535e-13,5.31299678632112e-13,5.309563467674301e-13,5.317429954655256e-13,5.324687068598652e-13,5.332008803752615e-13,5.339593147532509e-13,5.402486675044812e-13,5.361652780763811e-13,5.369258844415909e-13
-1.297536782178733e-14,1.9952743661341333e-14,2.0002034235988352e-14,2.0050043932846678e-14,2.009820034682479e-14,2.0146961281662517e-14,2.0196343738446172e-14,2.0246186670320523e-14,2.0296278476641577e-14,2.0346409101072263e-14,2.0396529725586372e-14,2.0446610159326277e-14,2.049667531185625e-14,2.054673676938314e-14,2.0596769717971655e-14,2.0646725803136765e-14,2.0696570946333914e-14,2.0746331941678665e-14,2.0796075158677677e-14,2.084584531358548e-14,2.0895652875857854e-14,2.0945496398931218e-14,2.0995389850416936e-14,2.104521757280095e-14,2.1094835508656485e-14,2.114419904665301e-14,2.1193408711006977e-14,2.1242712120371743e-14,2.129235380491152e-14
6.124609640186212e-13,1.344309446998449e-13,1.0891408257584099e-13,8.34047956841271e-14,5.789118852776068e-14,3.2366752938853324e-14,6.831388593705311e-15,-1.8714972993689555e-14,-4.4265304004350767e-14,-6.980099682021577e-14,-9.53376368610674e-14,-1.2089808727882708e-13,-1.465239734485059e-13,-1.7251948754972415e-13,-1.5261909438160543e-13,-1.3293639767874895e-13,-1.1329695607550214e-13,-9.367046199437502e-14,-7.40487768014425e-14,-5.442767279524918e-14,-3.48057869247316e-14,-1.516495705636801e-14,4.538216978718589e-15,2.4275135378391103e-14,4.399976905810337e-14,6.368762392238384e-14,8.333812691686944e-14,1.0297879000458675e-13,1.2261797109232914e-13
1.0218553791082757e-12,2.5166838776895487e-13,1.4454023244184197e-13,1.2452157572771064e-13,1.0138083821860846e-13,7.768368342591232e-14,5.382684096848773e-14,2.9846928126785716e-14,5.466981650797536e-15,-2.4571564886700195e-14,-7.390918745186187e-14,1.1166127816282918e-13,1.0831191155501243e-14,3.429623605529079e-14,-3.455984605748081e-14,-8.46307234423325e-15,1.5300015171811982e-14,2.8898109376483368e-15,-4.831728581221126e-15,-3.7463332832634305e-15,-5.0111697682159665e-14,-3.8550764998197155e-14,-6.902140930815979e-14,-9.87530104112361e-14,-1.2833361055318349e-13,-1.57430874011772e-13,-3.81076299226605e-13,-2.3702831777545127e-13,-2.6472931325896657e-13
1.5634676581690308e-12,4.021407794418691e-13,4.0031579266686076e-13,3.985219414315359e-13,3.9674341454950626e-13,3.9497231187037985e-13,3.932045213428144e-13,3.914379767899581e-13,3.8967179685704514e-13,3.8790600474459664e-13,3.8614075229957284e-13,3.8437571991566563e-13,3.826100432092778e-13,3.808431931789291e-13,3.790752998181323e-13,3.7730645657167335e-13,3.7553697364200057e-13,3.737672793854543e-13,3.7199777269103943e-13,3.7022872006673623e-13,3.684602640692155e-13,3.66692261509336e-13,3.649242784230738e-13,3.631562962232938e-13,3.6138923899068665e-13,3.5962439064273096e-13,3.5786266702759426e-13,3.5610320326719055e-13,3.5434031077862575e-13
8.656750933525154e-12,2.2808696700351004e-12,2.2843715143798123e-12,2.287874583235557e-12,2.2913815611768737e-12,2.29489685720896e-12,2.29842552325499e-12,2.3019767564324444e-12,2.305571052004743e-12,2.3092517321059575e-12,2.3131286587680498e-12,2.3175110946427326e-12,2.32332680231976e-12,2.335418369000496e-12,-1.9661151819030344e-12,-1.8699695116573066e-12,-1.8674657926268823e-12,-1.868637698728711e-12,-1.8707773836484584e-12,-1.873297514554648e-12,-1.8759962512796964e-12,-1.8787824865675114e-12,-1.881613765926628e-12,-1.8844650791190342e-12,-1.887325038282507e-12,-1.890187877633539e-12,-1.8930504555733618e-12,-1.895910790836616e-12,-1.8987710989430835e-12
8.104955270032882e-12,1.9323800671953865e-12,1.9349776475297953e-12,1.937765095810653e-12,1.9407818920647352e-12,1.9440190111562094e-12,1.9474272465094864e-12,1.950920303269012e-12,1.9543878278976186e-12,1.957648066072096e-12,1.959177706038624e-12,1.958475069315578e-12,1.939396450868742e-12,1.952491587833842e-12,2.5596514934714568e-12,2.560079813224187e-12,2.558183653521461e-12,2.5603184344070595e-12,2.561519443733089e-12,2.5624785540443657e-12,2.5653075714688753e-12,2.5693238930093472e-12,2.5730689625908754e-12,2.5767510545868685e-12,2.580436736743328e-12,2.5841554166984464e-12,2.587917536355704e-12,2.5917327155020136e-12,2.59560656111793e-12
-2.1236715245685264e-13,-6.262726353395161e-14,-6.264945821869158e-14,-6.267242251974664e-14,-6.269567766052917e-14,-6.271893764545415e-14,-6.274199693848073e-14,-6.276472316359307e-14,-6.278709469960458e-14,-6.280912455604535e-14,-6.283087460818861e-14,-6.285245340125892e-14,-6.287398394064483e-14,-6.28955388979838e-14,-6.291718182305586e-14,-6.293903299253678e-14,-6.296105383391502e-14,-6.298309951265513e-14,-6.300512633782228e-14,-6.302713415328716e-14,-6.304922115826875e-14,-6.307151844749927e-14,-6.30941680619536e-14,-6.311697025367214e-14,-6.313986204204958e-14,-6.316273999825845e-14,-6.318543089193758e-14,-6.32076929893878e-14,-6.322973641583476e-14
2.9582973635746204e-12,6.21642014527649e-13,4.951161432031805e-13,3.685974202305423e-13,2.4205301958554803e-13,1.1544137440086564e-13,-1.1239946810140423e-14,-1.379725167615354e-13,-2.6473881138739534e-13,-3.9144369165906e-13,-5.179734092083084e-13,-6.44498417396055e-13,-7.712094315412505e-13,-8.984760719901443e-13,-7.889179846750286e-13,-6.848598129336255e-13,-5.810831668131191e-13,-4.773964061432742e-13,-3.7375701244050823e-13,-2.701343567307901e-13,-1.664466811715032e-13,-6.262370927416405e-14,4.127657832582758e-14,1.4517994446527658e-13,2.490639920413519e-13,3.529223277203083e-13,4.567530965939387e-13,5.605201285777922e-13,6.642271132599413e-13
3.8856716792787756e-12,8.251242980262159e-13,7.324867863752746e-13,6.349592495074198e-13,5.323189710730887e-13,4.26754961615717e-13,3.1992007376120293e-13,2.1249066300538137e-13,1.0438927615640759e-13,-7.466223823158823e-15,-7.020564582951586e-14,-6.427582173276383e-14,5.872844441200334e-13,1.8030207179249974e-14,-1.1983060893047385e-13,-3.22742931134795e-14,7.528496181256929e-14,2.1010507057158858e-14,-8.060565683054539e-15,-3.4170764742385944e-14,-1.327562665804371e-13,-2.7928285734877573e-13,-4.207873828993855e-13,-5.61449621754299e-13,-7.017574266981401e-13,-8.417362432023443e-13,-9.812764535589099e-13,-1.1209422991600716e-12,-1.261438816511559e-12
7.167486496212299e-12,1.7441724641738374e-12,1.7449548003278227e-12,1.745746256451774e-12,1.7465435592213468e-12,1.7473446326644332e-12,1.7481477153794283e-12,1.7489509268655858e-12,1.7497526330105475e-12,1.7505523752241015e-12,1.751351757813007e-12,1.7521505471807583e-12,1.7529481695486993e-12,1.75374504966571e-12,1.7545407589028698e-12,1.755337029389631e-12,1.7561358826811483e-12,1.7569358854465312e-12,1.7577358616552597e-12,1.7585361032980029e-12,1.7593366878336732e-12,1.7601370867821108e-12,1.7609363811428826e-12,1.7617350136530596e-12,1.7625345865016291e-12,1.763336642245699e-12,1.7641420750034345e-12,1.7649451556139398e-12,1.7657434736679117e-12
1.5168353478337898e-12,4.2157568267897333e-13,4.2220006999478297e-13,4.228243019152479e-13,4.2344935155267764e-13,4.240768627490571e-13,4.247095167531698e-13,4.253516343772058e-13,4.26010335212773e-13,4.2669660548799687e-13,4.2742710388226055e-13,4.282492427769498e-13,4.2929295717483025e-13,4.311757023335026e-13,-6.156377097769679e-13,-3.1714373962039777e-13,-3.1644738826599236e-13,-3.164857775189618e-13,-3.167342500339756e-13,-3.170782355218344e-13,-3.174750062359041e-13,-3.1790197297515806e-13,-3.1834546691665793e-13,-3.1879754613037464e-13,-3.19253585798922e-13,-3.197112166556799e-13,-3.201698018157046e-13,-3.2063003741481205e-13,-3.210928750702755e-13
1.0645343743712606e-12,2.3045685737725685e-13,2.307810662273115e-13,2.3111090106248227e-13,2.3145010215361056e-13,2.318048946416625e-13,2.321781359794302e-13,2.325651338650105e-13,2.329526716553291e-13,2.333197499736405e-13,2.336785948486895e-13,2.341277695895318e-13,2.294803749535419e-13,2.3268455589905603e-13,4.0611095875352727e-13,4.093267808199882e-13,4.090438733680244e-13,4.09372900767355e-13,4.0926301647141694e-13,4.099591741000283e-13,4.105867709913798e-13,4.111506458988189e-13,4.116983030405403e-13,4.122476764526187e-13,4.128068250371662e-13,4.133773955213873e-13,4.1395640694121697e-13,4.1453792841796823e-13,4.1511921545992037e-13
-2.72061167362501e-14,-3.30158980501609e-15,-3.2953687352222394e-15,-3.2896526733283213e-15,-3.2836963488982922e-15,-3.2773260663796545e-15,-3.27057977036856e-15,-3.2635607648096534e-15,-3.256384055421698e-15,-3.249158186900467e-15,-3.2420011779599852e-15,-3.2349372031268164e-15,-3.2279137721949595e-15,-3.220889852432154e-15,-3.2138811955022435e-15,-3.2069166092994535e-15,-3.2000166006147275e-15,-3.1931680584261015e-15,-3.1863388720922e-15,-3.179481382732372e-15,-3.1725792196023748e-15,-3.1656451077675384e-15,-3.1587446550111037e-15,-3.15192746877717e-15,-3.1452191341546022e-15,-3.1386138935797747e-15,-3.1320755181807284e-15,-3.1255445013880965e-15,-3.1189644839516473e-15
5.093146454117812e-13,1.1228538367813913e-13,8.943166682383884e-14,6.657645224141085e-14,4.37191410778262e-14,2.0855536237497782e-14,-2.019067451013049e-15,-2.4908239598994486e-14,-4.781401036991557e-14,-7.07305211258564e-14,-9.361884757773436e-14,-1.1649436747352308e-13,-1.393892846870408e-13,-1.623603417563031e-13,-1.289841542142214e-13,-1.1176307228161637e-13,-9.459685196164962e-14,-7.7444996925156e-14,-6.029816097619505e-14,-4.313829257177673e-14,-2.594437871181766e-14,-8.725152669325814e-15,8.494548243665739e-15,2.570774985877525e-14,4.291231931485162e-14,6.010792449719583e-14,7.729490001208005e-14,9.44723250794104e-14,1.1163169143677453e-13
6.053605238836783e-13,1.3031326410993585e-13,1.1789269628136074e-13,1.0556598067546373e-13,9.327131267856162e-14,8.092386343199031e-14,6.84832806677062e-14,5.595254853728636e-14,4.332535933246226e-14,3.0450409176112346e-14,1.5540506512841888e-14,-4.981478855139621e-15,1.6030101704950704e-13,2.623403203738013e-14,-1.1897768446540706e-14,-4.024762914606569e-15,1.3467624516134444e-14,5.446819075557052e-15,1.2192886626223249e-14,-1.2127521139358684e-14,-3.5343540752972856e-14,-5.75414152142935e-14,-7.956842104112671e-14,-1.0152345724259465e-13,-1.2342698095894204e-13,-1.4529960030473032e-13,-1.6717856343754943e-13,-1.8910429571238975e-13,-2.1110271245006009e-13
1.1781625880889354e-12,2.909131712406143e-13,2.906344173338574e-13,2.9037487727884855e-13,2.9012418079018565e-13,2.898774923209919e-13,2.896325174392785e-13,2.8938811446810154e-13,2.891437230988919e-13,2.8889919831787976e-13,2.886546622894174e-13,2.884100963339147e-13,2.8816542702001035e-13,2.8792023827918983e-13,2.8767461442547266e-13,2.8742881783971494e-13,2.8718251331734434e-13,2.8693597758689113e-13,2.8668955497187187e-13,2.8644328867927053e-13,2.861971455006142e-13,2.859508338084574e-13,2.8570414779910827e-13,2.854572259826843e-13,2.8521033567336887e-13,2.8496364585956493e-13,2.847170545931267e-13,2.84469988121405e-13,2.8422114310206674e-13
1.851471626622425e-11,4.715372902739344e-12,4.721935727410667e-12,4.728511297445734e-12,4.735111791059747e-12,4.741756489116499e-12,4.748473432212511e-12,4.75530093702067e-12,4.7622929199909524e-12,4.7695384514001545e-12,4.777223707355589e-12,4.7858722320637845e-12,4.797308471941899e-12,4.820213378713054e-12,-8.785383871112844e-13,-4.09512359244318e-12,-4.085009489838611e-12,-4.085835175021303e-12,-4.089414647673135e-12,-4.094044519383721e-12,-4.09915334978002e-12,-4.104511192435358e-12,-4.1100233918325736e-12,-4.115632641521082e-12,-4.121298396555131e-12,-4.126991938533689e-12,-4.132694871983869e-12,-4.13839813091408e-12,-4.144100562205513e-12
1.1174547583790097e-11,2.744333850982855e-12,2.7481978907407643e-12,2.7521389734370724e-12,2.7561865189333865e-12,2.7603635679860365e-12,2.7646680394214144e-12,2.7690520470814384e-12,2.773410251320258e-12,2.7775714863363563e-12,2.781292713318793e-12,2.7845593279016135e-12,2.7892288231466565e-12,2.780630764751576e-12,3.799337647107667e-12,3.765083071176979e-12,3.7434505385282906e-12,3.770649788591125e-12,3.7780409484838665e-12,3.78363087886739e-12,3.788482361214208e-12,3.7930901203337554e-12,3.797645303249427e-12,3.8022506437612256e-12,3.806959683579086e-12,3.811796807644234e-12,3.816768393108685e-12,3.821856610859926e-12,3.8270104082966346e-12
-3.763923838680698e-13,-9.29408051128634e-14,-9.294002933348084e-14,-9.29425858070755e-14,-9.294645454429757e-14,-9.295057599664947e-14,-9.295446079825358e-14,-9.295793143912837e-14,-9.296095056541412e-14,-9.296351358769202e-14,-9.296553829868971e-14,-9.296678023290685e-14,-9.296720563765949e-14,-9.296693186667289e-14,-9.29659273700785e-14,-9.296490819200899e-14,-9.296440384815892e-14,-9.296454609572546e-14,-9.296547065048302e-14,-9.296719383024166e-14,-9.296933177791671e-14,-9.297166526331987e-14,-9.297407017568902e-14,-9.297641462594204e-14,-9.297854468979752e-14,-9.298029096347939e-14,-9.298149152520092e-14,-9.298206347827479e-14,-9.298214941637765e-14
6.2311657248974594e-12,1.3460472314780942e-12,1.0967564300039136e-12,8.474931082193128e-13,5.982295263249491e-13,3.489196243878589e-13,9.950965503432926e-14,-1.500551228609104e-13,-3.998264858511075e-13,-6.498436579834391e-13,-9.000580569451418e-13,-1.1500740374277759e-12,-1.4001072023987717e-12,-1.651009157278276e-12,-1.602715463825914e-12,-1.3857989509054447e-12,-1.1696611390825598e-12,-9.536550317705965e-13,-7.374969135644139e-13,-5.209998255192115e-13,-3.044455725247759e-13,-8.794845535603471e-14,1.284724852604987e-13,3.448139469550172e-13,5.610818047876673e-13,7.77289444752684e-13,9.934487794996283e-13,1.2095577750950958e-12,1.4255871760262389e-12
7.166906688422975e-12,1.6406083695482451e-12,1.4957633149129987e-12,1.3517586782937414e-12,1.2081044185489852e-12,1.0641440333956448e-12,9.19400898085971e-13,7.736962712782083e-13,6.269391300830545e-13,4.786726849739354e-13,3.259336362657901e-13,1.5215988744933874e-13,-1.2882213406237894e-13,-3.091251334362528e-14,-4.2388183197755256e-13,-5.3788298303961607e-14,8.777151776388601e-13,-9.00645722084004e-14,-3.362445953190924e-13,-5.436114908192065e-13,-7.434487614390942e-13,-9.413985389601468e-13,-1.1382462454275711e-12,-1.3341413488247888e-12,-1.529251813598443e-12,-1.7240469931738212e-12,-1.919229068957531e-12,-2.1153635826897226e-12,-2.312691523452355e-12
1.4263803021522903e-11,3.5085907688475673e-12,3.5085109181653435e-12,3.5084744427423274e-12,3.5084623146688477e-12,3.5084639388644248e-12,3.508473500349108e-12,3.5084878819818322e-12,3.5085054241293425e-12,3.508525243106608e-12,3.5085467499279902e-12,3.5085710722627064e-12,3.508598515718388e-12,3.508628228209189e-12,3.508650561511745e-12,3.5086682290047776e-12,3.5086941879702474e-12,3.5087238907936852e-12,3.508753281836904e-12,3.508783698747313e-12,3.508814225836057e-12,3.508845829886951e-12,3.5088787791787286e-12,3.508912941259486e-12,3.5089477116327623e-12,3.508981651661358e-12,3.509011755452004e-12,3.509032357986706e-12,3.5090343595124338e-12
8.296696537454201e-12,1.6746839948059344e-12,1.6732856668031026e-12,1.6705086333742585e-12,1.6667202091276682e-12,1.6628202608559124e-12,1.6604175771710608e-12,1.661790331106415e-12,1.6694136430200136e-12,1.6849243676292538e-12,1.7076758202485747e-12,1.7331115942917764e-12,1.7528698362403022e-12,1.7629175060864217e-12,-1.1391786918307415e-13,-1.5065939067352236e-12,-1.49729375376871e-12,-1.4768299313652189e-12,-1.452933270407517e-12,-1.4311901750462201e-12,-1.4155336867682176e-12,-1.4075244067806079e-12,-1.406538449411392e-12,-1.4104655249643125e-12,-1.4168937462465862e-12,-1.4238481142859675e-12,-1.4300983165484566e-12,-1.4352412534832551e-12,-1.4396675146960448e-12
4.6314751606748745e-12,1.5263765147970343e-12,1.528026606358669e-12,1.5301443854527889e-12,1.5335795623353585e-12,1.5386955950967225e-12,1.5451600880452246e-12,1.5518445964836304e-12,1.5567768301621221e-12,1.5573706254008102e-12,1.551591148566284e-12,1.5402795311151796e-12,1.5290452968012392e-12,1.523482620776274e-12,1.866438012455205e-12,1.842349737642631e-12,1.840566763866839e-12,1.8507260232632085e-12,1.8623656387841056e-12,1.8711280901777263e-12,1.87521489574238e-12,1.8753578136119296e-12,1.8730144621290907e-12,1.8699397115696062e-12,1.8677167805041626e-12,1.867325680224204e-12,1.8686227820353898e-12,1.8696607057623073e-12,1.8663123560214517e-12
-1.5081741850043925e-13,-2.874299033962406e-14,-2.8699698255640105e-14,-2.897061586660766e-14,-2.928735224123338e-14,-2.9541050841735626e-14,-2.97057476987983e-14,-2.979197840270156e-14,-2.9821202902228577e-14,-2.981305012955022e-14,-2.977999229554586e-14,-2.9726641527978775e-14,-2.9652775657184405e-14,-2.9559634621505754e-14,-2.945498720015453e-14,-2.9358488037579233e-14,-2.928930322791789e-14,-2.924847991570691e-14,-2.923881726263555e-14,-2.9263329211165114e-14,-2.931896450215838e-14,-2.940048094780067e-14,-2.9502225017592467e-14,-2.9617542485441555e-14,-2.973684973670591e-14,-2.984577196697748e-14,-2.9925269035434046e-14,-2.995671713506235e-14,-2.9936474562766094e-14
2.6096406109422187e-12,5.709504292898197e-13,4.833722370004444e-13,3.955366159787156e-13,3.07870408352107e-13,2.2033415633339015e-13,1.3286602478216137e-13,4.542776966703338e-14,-4.2003569160355e-14,-1.2945362750870394e-13,-2.1698936486626892e-13,-3.048612624905504e-13,-3.934272557356639e-13,-4.827869873711912e-13,-4.766069062446419e-13,-3.9976004396029667e-13,-3.231402170950795e-13,-2.4693994756687204e-13,-1.7160365141055525e-13,-9.641490737840841e-14,-2.109687966664136e-14,5.43110925028431e-14,1.2976489448783323e-13,2.0524506779427519e-13,2.8074146794266174e-13,3.562204689570311e-13,4.3156683899872974e-13,5.064974593281073e-13,5.801720481522007e-13
2.9862416921024703e-12,7.327091946782549e-13,6.538795845050703e-13,5.751447282923798e-13,4.967302683800822e-13,4.184234057009297e-13,3.4004366688723756e-13,2.614881148321977e-13,1.8271971025833197e-13,1.037548438016367e-13,2.461866267709425e-14,-5.5012116304231846e-14,-1.3717434174787634e-13,-2.272964329942176e-13,-3.5661249585928447e-13,-7.585078131202068e-14,8.04856632353822e-14,-2.659136101878686e-14,-1.2436329283501073e-13,-2.2010732532024504e-13,-3.151331596645842e-13,-4.0971302608199597e-13,-5.039846965368172e-13,-5.980628892315553e-13,-6.920655804401811e-13,-7.860946476962644e-13,-8.801265982045124e-13,-9.73715331488011e-13,-1.0653564168230431e-12
6.096547000070382e-12,1.450271794436945e-12,1.4367384427359025e-12,1.4291558882585692e-12,1.4247838802946728e-12,1.4221279370409494e-12,1.4204184044237296e-12,1.4192794806901321e-12,1.418536312084936e-12,1.4181063275781277e-12,1.417933686426572e-12,1.4179397837647617e-12,1.4179809511732827e-12,1.4178770250774344e-12,1.4174369802429138e-12,1.4166751380834525e-12,1.4157801653744998e-12,1.4148444615930324e-12,1.4139485816840847e-12,1.4132263077187902e-12,1.412745180210476e-12,1.4125299510931741e-12,1.412581202310569e-12,1.4128791736604146e-12,1.4133709861158183e-12,1.4139337039060615e-12,1.4143004926615204e-12,1.4139401185366508e-12,1.4119314708196817e-12
