-4.042766199567233e-13,-2.3919680390446945e-13,-2.3994861405951536e-13,-2.4005091809856916e-13,-2.394433158708369e-13,-2.3766817629950134e-13,-2.3369054808613757e-13,-2.2526038851298473e-13,-2.0733848520091587e-13,-1.8718291490503943e-13,4.3374645108110645e-13,6.643418453116411e-13,6.66418177944433e-13,6.69079030639189e-13,6.720472276720474e-13,6.750495625229215e-13,6.779573257345691e-13,6.807970744559453e-13,6.836579526150414e-13,6.866164757517026e-13,6.896956702960572e-13,6.928489504257995e-13,6.959639759454598e-13,6.988942534548594e-13,7.01542211245684e-13,7.040228443051404e-13,7.068692793940707e-13,7.110313810021615e-13,7.175792295277386e-13
1.1012842592147135e-11,2.1807476176514286e-12,2.1931736905423535e-12,2.209815443135992e-12,2.2311184876033247e-12,2.2593516745358897e-12,2.300230400432274e-12,2.3687410529127716e-12,2.509542377489518e-12,2.57980433430053e-12,2.3498887613403993e-12,8.471846635901751e-13,7.680653800431633e-13,7.379983568186662e-13,7.240489950995519e-13,7.180090930590654e-13,7.169615525284889e-13,7.195419116626481e-13,7.24933529868461e-13,7.325062151161875e-13,7.416157221104756e-13,7.514290254476563e-13,7.607519610487514e-13,7.679493811482358e-13,7.712596320241771e-13,7.700534951324616e-13,7.662786069451612e-13,7.577359832008515e-13,7.217171598043282e-13
-3.15034942929974e-13,-3.79829842181693e-14,-3.7712292023918656e-14,-3.741079545952382e-14,-3.708968311521771e-14,-3.676089969589566e-14,-3.64336442167521e-14,-3.611341934040228e-14,-3.5803008623822505e-14,-3.550417307792494e-14,-3.521762271019087e-14,-3.494354162228988e-14,-3.46786143679855e-14,-3.441662823659163e-14,-3.415120804838375e-14,-3.3876431165805665e-14,-3.3586713864540236e-14,-3.327715571531398e-14,-3.2944299080434055e-14,-3.25868552187968e-14,-3.220599842095139e-14,-3.1805086333190146e-14,-3.1388961654530966e-14,-3.0963493365152654e-14,-3.053627151386668e-14,-3.011899621790993e-14,-2.972966199619433e-14,-2.9386637370247437e-14,-2.909839205681138e-14
9.704353277677714e-13,1.0227143264583855e-13,1.2189702378917176e-13,1.4140202139878958e-13,1.6101876127027785e-13,1.808823314646593e-13,2.0100369760806839e-13,2.2116009983429273e-13,2.4065261064148564e-13,2.5939286451522094e-13,2.252328362230592e-13,1.729726771032093e-13,1.2205482357039547e-13,7.196359087709027e-14,2.224134847061447e-14,-2.7411579080526022e-14,-7.715120316509803e-14,-1.270397681573727e-13,-1.7709541166363513e-13,-2.2732336272435013e-13,-2.7773279601752366e-13,-3.283518133580972e-13,-3.79246865683481e-13,-4.3053329762477816e-13,-4.823723129899933e-13,-5.349899675871046e-13,-5.887132191182337e-13,-6.43953770585445e-13,-7.013018608167264e-13
6.918163940148623e-12,1.478608820127368e-12,1.2967957178621899e-12,1.116823452197737e-12,9.37296783664014e-13,7.572271357721917e-13,5.762720115621017e-13,3.942475707071706e-13,2.1080252107352746e-13,2.6585690160902088e-14,-1.3047304224672615e-13,-1.8302969531046681e-13,-2.3630910205243984e-13,-2.8996259296499004e-13,-3.437208022176609e-13,-3.973373178940791e-13,-4.505897317317304e-13,-5.033015443707352e-13,-5.55346989753535e-13,-6.06652641342051e-13,-6.5720861436236e-13,-7.070775076751425e-13,-7.563963656639373e-13,-8.054215364908665e-13,-8.546207715408208e-13,-9.046581630353404e-13,-9.56217348068018e-13,-1.0101641296492813e-12,-1.0680397988366874e-12
9.003460977611383e-12,2.2354516031706195e-12,2.2311001183283527e-12,2.226414251984255e-12,2.221460036277031e-12,2.216341007676426e-12,2.2111315908823773e-12,2.205888213110494e-12,2.2006533834092783e-12,2.1954504219574655e-12,2.190282304787072e-12,2.1851452642927164e-12,2.1800385559701325e-12,2.1749637761171624e-12,2.16992430546728e-12,2.1649228036495593e-12,2.159958408247525e-12,2.155025335701746e-12,2.150112532642049e-12,2.1452037556641996e-12,2.1402775260458136e-12,2.135306390045986e-12,2.130254820356605e-12,2.1250759306678704e-12,2.1197103668500292e-12,2.1140966541183244e-12,2.1081993565597275e-12,2.101989864760041e-12,2.095177538085315e-12
-4.042766199567233e-13,-2.3919680390446945e-13,-2.3994861405951536e-13,-2.4005091809856916e-13,-2.394433158708369e-13,-2.3766817629950134e-13,-2.3369054808613757e-13,-2.2526038851298473e-13,-2.0733848520091587e-13,-1.8718291490503943e-13,4.3374645108110645e-13,6.643418453116411e-13,6.66418177944433e-13,6.69079030639189e-13,6.720472276720474e-13,6.750495625229215e-13,6.779573257345691e-13,6.807970744559453e-13,6.836579526150414e-13,6.866164757517026e-13,6.896956702960572e-13,6.928489504257995e-13,6.959639759454598e-13,6.988942534548594e-13,7.01542211245684e-13,7.040228443051404e-13,7.068692793940707e-13,7.110313810021615e-13,7.175792295277386e-13
1.1012842592147135e-11,2.1807476176514286e-12,2.1931736905423535e-12,2.209815443135992e-12,2.2311184876033247e-12,2.2593516745358897e-12,2.300230400432274e-12,2.3687410529127716e-12,2.509542377489518e-12,2.57980433430053e-12,2.3498887613403993e-12,8.471846635901751e-13,7.680653800431633e-13,7.379983568186662e-13,7.240489950995519e-13,7.180090930590654e-13,7.169615525284889e-13,7.195419116626481e-13,7.24933529868461e-13,7.325062151161875e-13,7.416157221104756e-13,7.514290254476563e-13,7.607519610487514e-13,7.679493811482358e-13,7.712596320241771e-13,7.700534951324616e-13,7.662786069451612e-13,7.577359832008515e-13,7.217171598043282e-13
-3.15034942929974e-13,-3.79829842181693e-14,-3.7712292023918656e-14,-3.741079545952382e-14,-3.708968311521771e-14,-3.676089969589566e-14,-3.64336442167521e-14,-3.611341934040228e-14,-3.5803008623822505e-14,-3.550417307792494e-14,-3.521762271019087e-14,-3.494354162228988e-14,-3.46786143679855e-14,-3.441662823659163e-14,-3.415120804838375e-14,-3.3876431165805665e-14,-3.3586713864540236e-14,-3.327715571531398e-14,-3.2944299080434055e-14,-3.25868552187968e-14,-3.220599842095139e-14,-3.1805086333190146e-14,-3.1388961654530966e-14,-3.0963493365152654e-14,-3.053627151386668e-14,-3.011899621790993e-14,-2.972966199619433e-14,-2.9386637370247437e-14,-2.909839205681138e-14
9.704353277677714e-13,1.0227143264583855e-13,1.2189702378917176e-13,1.4140202139878958e-13,1.6101876127027785e-13,1.808823314646593e-13,2.0100369760806839e-13,2.2116009983429273e-13,2.4065261064148564e-13,2.5939286451522094e-13,2.252328362230592e-13,1.729726771032093e-13,1.2205482357039547e-13,7.196359087709027e-14,2.224134847061447e-14,-2.7411579080526022e-14,-7.715120316509803e-14,-1.270397681573727e-13,-1.7709541166363513e-13,-2.2732336272435013e-13,-2.7773279601752366e-13,-3.283518133580972e-13,-3.79246865683481e-13,-4.3053329762477816e-13,-4.823723129899933e-13,-5.349899675871046e-13,-5.887132191182337e-13,-6.43953770585445e-13,-7.013018608167264e-13
6.918163940148623e-12,1.478608820127368e-12,1.2967957178621899e-12,1.116823452197737e-12,9.37296783664014e-13,7.572271357721917e-13,5.762720115621017e-13,3.942475707071706e-13,2.1080252107352746e-13,2.6585690160902088e-14,-1.3047304224672615e-13,-1.8302969531046681e-13,-2.3630910205243984e-13,-2.8996259296499004e-13,-3.437208022176609e-13,-3.973373178940791e-13,-4.505897317317304e-13,-5.033015443707352e-13,-5.55346989753535e-13,-6.06652641342051e-13,-6.5720861436236e-13,-7.070775076751425e-13,-7.563963656639373e-13,-8.054215364908665e-13,-8.546207715408208e-13,-9.046581630353404e-13,-9.56217348068018e-13,-1.0101641296492813e-12,-1.0680397988366874e-12
9.003460977611383e-12,2.2354516031706195e-12,2.2311001183283527e-12,2.226414251984255e-12,2.221460036277031e-12,2.216341007676426e-12,2.2111315908823773e-12,2.205888213110494e-12,2.2006533834092783e-12,2.1954504219574655e-12,2.190282304787072e-12,2.1851452642927164e-12,2.1800385559701325e-12,2.1749637761171624e-12,2.16992430546728e-12,2.1649228036495593e-12,2.159958408247525e-12,2.155025335701746e-12,2.150112532642049e-12,2.1452037556641996e-12,2.1402775260458136e-12,2.135306390045986e-12,2.130254820356605e-12,2.1250759306678704e-12,2.1197103668500292e-12,2.1140966541183244e-12,2.1081993565597275e-12,2.101989864760041e-12,2.095177538085315e-12
1.647234764171279e-11,5.660423399676563e-12,5.75520906371805e-12,5.864902155936403e-12,5.923874586780694e-12,5.8604553856004545e-12,5.564109143263232e-12,4.841556830896943e-12,3.417830457009876e-12,1.2176162725667964e-12,-1.1001264130722355e-12,-1.3523492407560484e-12,-2.3080663031657944e-12,-2.5883364543737533e-12,-2.5424564894004406e-12,-2.3858835917479513e-12,-2.228161729867241e-12,-2.1143154050607633e-12,-2.0555216210692998e-12,-2.049318072986087e-12,-2.090865454260387e-12,-2.1785752908538756e-12,-2.3163553656772914e-12,-2.511951471535463e-12,-2.7676183178173017e-12,-3.05859305964846e-12,-3.304192584033195e-12,-3.3559931082505606e-12,-3.0825321457696083e-12
1.3762825337210247e-11,2.26260255257359e-12,2.2650748770924864e-12,2.3066865801356423e-12,2.2820522145563944e-12,2.138145195921134e-12,1.8217295797808635e-12,1.256236891691527e-12,4.709490217193824e-13,-3.394732576423168e-14,6.77453636683773e-13,9.24494793928471e-13,3.1587720067602646e-12,4.824660762111679e-12,5.813917314232594e-12,6.229143049580869e-12,6.1803347905988986e-12,5.766392315671528e-12,5.083326614965822e-12,4.229936813290114e-12,3.3093562153344796e-12,2.420196561934089e-12,1.6252185375769144e-12,8.93205281403989e-13,4.765349675340855e-14,-1.1435089809442942e-12,-2.4372812406646095e-12,-2.633116950010886e-12,-2.443292520249865e-12
-1.1489645150318092e-12,-3.103969724359501e-13,-3.01889681366822e-13,-3.029909743970171e-13,-3.117690845663865e-13,-3.269483686496815e-13,-3.4723295281774185e-13,-3.7127684436240244e-13,-3.978376717841375e-13,-4.258909578456415e-13,-4.5458897688813815e-13,-4.832830150621994e-13,-5.116466614274997e-13,-5.395496606338687e-13,-5.669775556479188e-13,-5.939826906369204e-13,-6.206389516998144e-13,-6.470139905587166e-13,-6.731523663774697e-13,-6.990603735948544e-13,-7.246894852614912e-13,-7.49914505744534e-13,-7.744954922355366e-13,-7.98004587226293e-13,-8.197104667003219e-13,-8.384899294293213e-13,-8.52961442849526e-13,-8.618833136501279e-13,-8.641814275913937e-13
1.8423243378440638e-12,5.432128116893001e-13,3.7584850873647176e-13,2.735557845167468e-13,2.0031897454122918e-13,1.3344969788515782e-13,6.141323211061469e-14,-1.0300838483381607e-14,-4.524397973400814e-14,1.7815866139837778e-14,1.9150529200359978e-13,2.834799160906841e-13,3.583437487986542e-13,3.815427608006067e-13,3.5345366926945844e-13,2.866056033865111e-13,1.9384390465135333e-13,8.543993905254603e-14,-3.073920957773064e-14,-1.4862176343606216e-13,-2.6337382236049737e-13,-3.7084839924613116e-13,-4.668424315730147e-13,-5.458847808970337e-13,-5.995116434339631e-13,-6.14999615189177e-13,-5.752382666915029e-13,-4.636289846692365e-13,-2.936449403041219e-13
5.430876853638548e-12,1.3284504482519023e-12,1.233308354684589e-12,1.1268591153420746e-12,1.0118577845101292e-12,8.960983146460744e-13,7.875598684245632e-13,7.054808802233481e-13,6.775438608760321e-13,6.946192232928257e-13,6.674382130052433e-13,6.512030720904494e-13,4.83580260163069e-13,2.2601057103458063e-13,-6.117643298514845e-14,-3.425635296950642e-13,-6.021870688822575e-13,-8.351710851591913e-13,-1.0417215655373105e-12,-1.2230012475712794e-12,-1.3788784997221055e-12,-1.5074561964654291e-12,-1.6056698939094095e-12,-1.669057534758165e-12,-1.6879204663443643e-12,-1.6408319767148784e-12,-1.4987057522408223e-12,-1.2757042370420254e-12,-1.0988357811425493e-12
3.003673438629759e-11,7.013608142552778e-12,6.9090687520551915e-12,6.80156841105313e-12,6.701422836557288e-12,6.613271489988303e-12,6.539232576035966e-12,6.479704592935625e-12,6.4339737225169965e-12,6.40080016335728e-12,6.37876667749923e-12,6.3660288149828095e-12,6.3603201177906906e-12,6.359774135697652e-12,6.36330369685773e-12,6.370421238246079e-12,6.3810046382206595e-12,6.395193658834426e-12,6.4133672654642455e-12,6.436137412343819e-12,6.4643340257469494e-12,6.498987799053452e-12,6.541317375452972e-12,6.59265178652421e-12,6.653964658789929e-12,6.724106611520737e-12,6.794686368329454e-12,6.835238724292311e-12,6.7376602007416126e-12
7.353844227023472e-12,2.718271312918676e-12,2.7708150941950812e-12,2.835513213621743e-12,2.8852607288093584e-12,2.892455017418975e-12,2.814553942104669e-12,2.5803728799835914e-12,2.0877750529165974e-12,1.2326477873235031e-12,1.3946109845493736e-13,4.8321610457469706e-14,-7.503049381502968e-13,-1.0785104232411342e-12,-1.1459925061337794e-12,-1.1020400117105767e-12,-1.030531124429768e-12,-9.708623787924653e-13,-9.366689180166386e-13,-9.293506799370724e-13,-9.465918123168798e-13,-9.869495489569278e-13,-1.0517854318008143e-12,-1.1446962863087107e-12,-1.266938553504853e-12,-1.4068167129160623e-12,-1.5255702375874142e-12,-1.5521465542697676e-12,-1.4262380401909624e-12
6.164776506737415e-12,1.1674932742105668e-12,1.1838487857068957e-12,1.220261646636046e-12,1.2292521568832753e-12,1.1892332223174062e-12,1.0804561728866745e-12,8.716505497882615e-13,5.493429922143541e-13,2.0754458187670484e-13,1.8139802332178734e-13,2.776263406453871e-13,1.397564320320484e-12,2.369226840576577e-12,3.0178412309195507e-12,3.346989155046457e-12,3.4137088321701964e-12,3.275803558987153e-12,2.988128586055888e-12,2.6051741154196303e-12,2.1817912210514764e-12,1.7686733406355558e-12,1.3976370856863633e-12,1.0554345428661416e-12,6.61608489027401e-13,1.1054112900886028e-13,-4.853087446299452e-13,-5.713124662773975e-13,-4.718383562200675e-13
-4.2386287696331956e-13,-4.4366039815152926e-15,-8.649384604037642e-16,-1.9293820127078414e-15,-6.51127207224044e-15,-1.3883946684030411e-14,-2.3387412940658696e-14,-3.4395789402276726e-14,-4.6370986767706106e-14,-5.890971659456886e-14,-7.173614253831216e-14,-8.465236329236056e-14,-9.755304089135559e-14,-1.10411919328888e-13,-1.232265703994074e-13,-1.3600485304057222e-13,-1.487572048923076e-13,-1.614871813053849e-13,-1.7418490575129324e-13,-1.8682123511549259e-13,-1.9934038006101446e-13,-2.1164900044545896e-13,-2.2359680402374234e-13,-2.3493984921421964e-13,-2.452837203794156e-13,-2.540438488465884e-13,-2.60528650227282e-13,-2.641688842571058e-13,-2.6453994612512485e-13
1.3152062959142992e-12,4.741176639258752e-13,3.892873708486697e-13,3.3489786762016074e-13,2.937105178729142e-13,2.5474090048404767e-13,2.119531249946432e-13,1.6542478490767564e-13,1.2495778848084624e-13,1.1508432027850524e-13,1.574815626576261e-13,1.6348937164314316e-13,1.898494763054899e-13,2.0190793590978487e-13,1.8916719800663762e-13,1.542321213109168e-13,1.0328877674182932e-13,4.208901197487539e-14,-2.476876000713415e-14,-9.365966128172463e-14,-1.616509495653638e-13,-2.2622302789925063e-13,-2.8491741342256794e-13,-3.347885210749954e-13,-3.716296155719013e-13,-3.8936533388496896e-13,-3.797877936733466e-13,-3.34603086654484e-13,-2.601889504319971e-13
4.23603440421024e-12,1.12073106395142e-12,1.0476016787851707e-12,9.656582547201603e-13,8.769587792930007e-13,7.854144537235806e-13,6.948081557553636e-13,6.129986695521286e-13,5.5224975554611e-13,5.210104442477009e-13,4.994655448740665e-13,4.849123246745829e-13,3.9351992798684784e-13,2.440917718923525e-13,6.818392794162478e-14,-1.111434397808787e-13,-2.819446861237563e-13,-4.394976397590397e-13,-5.828022347835025e-13,-7.120830884778977e-13,-8.272879016878742e-13,-9.275773408038115e-13,-1.011506637180655e-12,-1.0770392329894877e-12,-1.120101586913366e-12,-1.1319526129534815e-12,-1.1009771460702162e-12,-1.0359770549533781e-12,-1.0004480971350187e-12
1.750531831833983e-11,4.390255055308848e-12,4.325765799965641e-12,4.262120635171071e-12,4.203367401922222e-12,4.150873926428467e-12,4.104965519329681e-12,4.065328441401142e-12,4.031267240895802e-12,4.001952056370395e-12,3.976662241656886e-12,3.954865360899195e-12,3.936047672547199e-12,3.919713637074285e-12,3.905535658054883e-12,3.893363404663442e-12,3.883176132644929e-12,3.875062965489129e-12,3.869225690100862e-12,3.865982356588021e-12,3.86576335924857e-12,3.869104098556018e-12,3.8766342322563396e-12,3.8890191727861156e-12,3.906676985811953e-12,3.92881504467987e-12,3.950869514655916e-12,3.957584628073913e-12,3.897016866548711e-12
1.3320344673170197e-12,1.2161971188470998e-12,1.2348971043565043e-12,1.258435459919089e-12,1.2791248991030124e-12,1.289823102508109e-12,1.279620793927888e-12,1.2306358452467327e-12,1.1139901705030095e-12,8.969443997573182e-13,5.611668702941008e-13,2.4047612950112833e-13,8.150886227276736e-13,6.601549059418317e-13,6.162603992189331e-13,6.243986663002057e-13,6.488290302291202e-13,6.722117690570781e-13,6.87993227209832e-13,6.950329005152864e-13,6.940720840497369e-13,6.857555528331953e-13,6.697818736917159e-13,6.450302384218745e-13,6.110507082353709e-13,5.715040627499878e-13,5.386644353389911e-13,5.34906486824177e-13,5.787663120865615e-13
9.36631068483103e-12,2.4886635984966845e-12,2.503815923211692e-12,2.5255068517962623e-12,2.5392756610697546e-12,2.539008819755184e-12,2.5197279694160578e-12,2.4735115479190936e-12,2.3908712859395644e-12,2.28233660631075e-12,2.2129768680953788e-12,2.3017105077966153e-12,1.7217531401141088e-12,2.0659348941690955e-12,2.3217884506845908e-12,2.466016052748344e-12,2.515983393659978e-12,2.493635970664607e-12,2.419382690509049e-12,2.31257624705607e-12,2.1919358529740395e-12,2.0742374728642843e-12,1.9698327869345214e-12,1.8747843501789076e-12,1.7644218806982252e-12,1.6065195118477348e-12,1.4358944877403206e-12,1.4228152866208594e-12,1.4651035082572185e-12
-6.318370553447475e-13,-3.7331502967261614e-14,-3.600101680998497e-14,-3.6111144816269675e-14,-3.727508981056372e-14,-3.92462965547766e-14,-4.181323812771087e-14,-4.4785290167919633e-14,-4.800630149440695e-14,-5.136699936994071e-14,-5.480703414476884e-14,-5.829581657356341e-14,-6.181780519163602e-14,-6.537515335273533e-14,-6.896962470662892e-14,-7.259910773677457e-14,-7.625964598176074e-14,-7.994433837206689e-14,-8.364150462770836e-14,-8.733305104864675e-14,-9.099233124421999e-14,-9.458076397421647e-14,-9.804166285236944e-14,-1.0128856634824777e-13,-1.041874082066721e-13,-1.0654535145815866e-13,-1.0814226039763759e-13,-1.0881119219591462e-13,-1.0844415934081125e-13
2.100501163336475e-12,8.618097722264951e-13,7.996087235309406e-13,7.46480036914979e-13,6.971858322860773e-13,6.484180666782997e-13,5.983276351350936e-13,5.466066654033503e-13,4.951950198851012e-13,4.5011991935023496e-13,4.212278119779879e-13,4.072752288804192e-13,3.293240975900584e-13,2.507074633266793e-13,1.648121122099254e-13,7.111963271337835e-14,-2.852571848498264e-14,-1.3209142637865942e-13,-2.379117955506751e-13,-3.4467359318122966e-13,-4.5131803911476926e-13,-5.569465368199084e-13,-6.60710626066987e-13,-7.616468328769535e-13,-8.584420529877857e-13,-9.49232589626922e-13,-1.0314660329566636e-12,-1.102488191806345e-12,-1.1643090655997993e-12
9.935877503631161e-12,2.4927337104082175e-12,2.2742752213830824e-12,2.0524551540752834e-12,1.828121907472461e-12,1.6025639867404122e-12,1.376971987453523e-12,1.153529453831474e-12,9.357170375430636e-13,7.275576242942873e-13,5.283442661167572e-13,3.2679882724511107e-13,1.8225169629679424e-13,1.6333361077229636e-14,-1.6175436334921983e-13,-3.430762813868792e-13,-5.22514971938039e-13,-6.978250185615251e-13,-8.683264111011163e-13,-1.033962760016281e-12,-1.1947152404433884e-12,-1.3503658918000488e-12,-1.5005267953931899e-12,-1.6446754004013817e-12,-1.7817910067873968e-12,-1.9096188266906617e-12,-2.0251591724864697e-12,-2.131794147842422e-12,-2.2504348953112104e-12
2.0141596442164974e-11,5.094977783306111e-12,5.0648801431541864e-12,5.035423336322002e-12,5.007703952246751e-12,4.981992870262791e-12,4.958266012642908e-12,4.9363301223951605e-12,4.91589634723726e-12,4.896652042116363e-12,4.878345203057805e-12,4.860855284157837e-12,4.844154223490464e-12,4.828210925583995e-12,4.812990573562454e-12,4.7984754727563035e-12,4.784672012955646e-12,4.771615231465964e-12,4.759374366440236e-12,4.748055567587873e-12,4.737800658394011e-12,4.728783859044587e-12,4.721206044637497e-12,4.715270153339448e-12,4.711077453647221e-12,4.708299243046235e-12,4.7053556557275496e-12,4.697293770331148e-12,4.6677095536064835e-12
4.050877323531662e-11,1.3661183529521526e-11,1.3929883705367891e-11,1.4288478753108413e-11,1.4616214803234256e-11,1.4806348195021368e-11,1.4693338387694426e-11,1.4002495152861164e-11,1.2293033119532973e-11,9.01498097991997e-12,3.3296967840297314e-12,3.593455534736612e-13,-1.8019007764280438e-12,-5.090364539474784e-12,-6.1095702511225305e-12,-6.078605586978026e-12,-5.71265819416614e-12,-5.3511972993828434e-12,-5.121427892189108e-12,-5.044541632392132e-12,-5.104722679011439e-12,-5.287625461653613e-12,-5.596521672227918e-12,-6.050159401402359e-12,-6.656858781209296e-12,-7.355535851339365e-12,-7.939482742636168e-12,-8.03331870920983e-12,-7.332878971330943e-12
3.199862074781248e-11,7.046129950624016e-12,7.154909521764149e-12,7.371481973324878e-12,7.457389481447301e-12,7.313255326200229e-12,6.859539824348017e-12,5.9647253692193456e-12,4.443400897099718e-12,2.315654691740188e-12,2.4831924778926865e-13,7.125436360571252e-13,2.376548890041832e-12,8.635969400663053e-12,1.3384624717491562e-11,1.6106089402225702e-11,1.7116728132330092e-11,1.6836761306451044e-11,1.5643598776486774e-11,1.388236526974966e-11,1.1877856178989826e-11,9.916268027714643e-12,8.174616287638849e-12,6.595144618445938e-12,4.782315375690628e-12,2.2163982054139855e-12,-5.361675936343173e-13,-7.108188912760125e-13,1.1814500108473855e-14
-3.3132415549772247e-12,-7.464698978846746e-13,-7.370080580604494e-13,-7.513211443115976e-13,-7.825900238477849e-13,-8.265263543920457e-13,-8.795680264324717e-13,-9.38603009045516e-13,-1.0011650034090868e-12,-1.0656230331503249e-12,-1.1312255035611237e-12,-1.197795608624772e-12,-1.265298362588349e-12,-1.3338678713287417e-12,-1.4035814173515387e-12,-1.4743847125959236e-12,-1.5461654764268075e-12,-1.6187548816702196e-12,-1.6918956293627547e-12,-1.7652118900103447e-12,-1.838172468237485e-12,-1.91003526581142e-12,-1.979746730072221e-12,-2.0457486700917876e-12,-2.105681408515057e-12,-2.1562095437258006e-12,-2.193597851489401e-12,-2.2151155634618247e-12,-2.219053943587394e-12
1.0023648257217704e-11,2.4818976754274917e-12,2.0650089526392596e-12,1.7983621074039824e-12,1.5934096404905297e-12,1.395205055037256e-12,1.1725621218797635e-12,9.182134251345054e-13,6.574001015814912e-13,4.752139023047383e-13,5.641818074623337e-13,6.933808277035702e-13,7.642098376524468e-13,8.677316897972668e-13,8.510690253928697e-13,6.940065669529277e-13,4.2893167322642276e-13,9.319450623109567e-14,-2.8302215963270516e-13,-6.763109445798325e-13,-1.0680439380752553e-12,-1.4426628999769202e-12,-1.7858111384983883e-12,-2.0815524354158186e-12,-2.308339062465357e-12,-2.4352934923845106e-12,-2.41932024950875e-12,-2.2147974985482705e-12,-1.8534734492759954e-12
2.859150321352926e-11,7.110329504409253e-12,6.5337992170427865e-12,5.891177027163814e-12,5.199454736500946e-12,4.481532609601662e-12,3.758270239465699e-12,3.066296794900261e-12,2.464368851281149e-12,2.029692946640464e-12,1.8067800180861416e-12,1.6232876848626305e-12,1.413408437059641e-12,7.967840906346353e-13,-6.742618192189326e-14,-1.0076120766801744e-12,-1.9219635904638746e-12,-2.764883432935909e-12,-3.5218816931992685e-12,-4.1914705006499624e-12,-4.7738939881913916e-12,-5.2663555376766685e-12,-5.663344880288998e-12,-5.957722000798709e-12,-6.1356782014738215e-12,-6.165326616672982e-12,-6.004019174953054e-12,-5.716062112328308e-12,-5.663180228076698e-12
9.746504653614026e-11,2.2798582285285608e-11,2.2548675550915668e-11,2.231295756329838e-11,2.210807736921192e-11,2.1936932621723266e-11,2.179779369922843e-11,2.1686402480314438e-11,2.159718302439376e-11,2.1524452441976297e-11,2.14638702431489e-11,2.1413845725636047e-11,2.137509520116324e-11,2.1348377771119247e-11,2.1333817535312362e-11,2.1331387107489317e-11,2.1341293311736227e-11,2.1364206411033025e-11,2.1401413975756222e-11,2.1454870883863966e-11,2.1527151828096908e-11,2.162135637329582e-11,2.174096533193553e-11,2.1889354830748162e-11,2.2067910603910532e-11,2.2270280523158202e-11,2.2468421123852138e-11,2.257719075253376e-11,2.2318658724294225e-11
8.75136688792951e-12,3.21581787017777e-12,3.273158778906858e-12,3.3496812866338537e-12,3.4197933561322827e-12,3.460793606912158e-12,3.4373560823429485e-12,3.2908782475005983e-12,2.9276447733659412e-12,2.2289796651528513e-12,9.992576157030315e-13,-1.497218972829236e-13,-2.6666382126575394e-13,-9.574118717116246e-13,-1.1660867329353715e-12,-1.155419456234549e-12,-1.0756420683126634e-12,-9.977489375834451e-13,-9.481331933797128e-13,-9.309884083186508e-13,-9.428419467639034e-13,-9.806263739753873e-13,-1.0450476355292567e-12,-1.1401047729397743e-12,-1.2675832571828513e-12,-1.4145313227530442e-12,-1.5370690586303193e-12,-1.555482680801022e-12,-1.4052439145118628e-12
8.478722662805391e-12,2.0261061026033186e-12,2.049695931144925e-12,2.0959497368563053e-12,2.114231162191777e-12,2.0833375127251653e-12,1.986112506781591e-12,1.7940626185026385e-12,1.467048177829477e-12,1.007554989976648e-12,5.539339902609668e-13,6.693799809284761e-13,7.530707639013724e-13,2.098501985867935e-12,3.1039555567803917e-12,3.678108922040964e-12,3.891605879887765e-12,3.833342976396623e-12,3.5825780012609766e-12,3.2118407473695247e-12,2.7895018505915614e-12,2.3758938995121118e-12,2.008423553435592e-12,1.6750626327026378e-12,1.2925326394293807e-12,7.512539787282676e-13,1.7087310535794189e-13,1.3564400765752102e-13,2.930841462985995e-13
-9.18382176797815e-13,-2.5990933128289615e-13,-2.5816457275831474e-13,-2.6145169901077633e-13,-2.683197562275847e-13,-2.7785824814979406e-13,-2.893128767702588e-13,-3.020261001646791e-13,-3.154778854984361e-13,-3.2932531774340237e-13,-3.4341098441495287e-13,-3.57696870736273e-13,-3.721725459360774e-13,-3.8686581637009097e-13,-4.0179415772443104e-13,-4.169497291375642e-13,-4.3231386319961e-13,-4.4785579958910845e-13,-4.635251765973e-13,-4.792453205330067e-13,-4.949053039198634e-13,-5.103482820880721e-13,-5.253504502394713e-13,-5.395803297732034e-13,-5.525358508894741e-13,-5.635072382350172e-13,-5.716987329093964e-13,-5.765250321451072e-13,-5.77612116367854e-13
2.635086414798285e-12,7.916294094920132e-13,6.761491348888063e-13,5.927375991878424e-13,5.224077752514042e-13,4.5339800719343824e-13,3.7897936130052904e-13,2.974977546375006e-13,2.1418792253564244e-13,1.470596932009642e-13,1.3876065137151552e-13,1.8331035652187646e-13,1.8555546863047405e-13,1.9395030957238347e-13,1.7686662981731723e-13,1.3049498815648299e-13,6.171186629106826e-14,-2.1669375445191395e-14,-1.1336353049482724e-13,-2.0850163972085813e-13,-3.032078120793275e-13,-3.9424305735390215e-13,-4.786142911122064e-13,-5.52986132053167e-13,-6.128239871722903e-13,-6.516044144257713e-13,-6.602068771141126e-13,-6.289792940465405e-13,-5.64661777370254e-13
7.834149214961072e-12,1.957665309131945e-12,1.787903194761127e-12,1.6042494692859725e-12,1.4103169339472242e-12,1.2109758091785212e-12,1.0106927226757188e-12,8.173530628480775e-13,6.436465106135714e-13,5.06351096446514e-13,4.156999650392849e-13,3.321173786086092e-13,2.662783075132772e-13,1.1281138069456473e-13,-9.312971401688064e-14,-3.1502077471488017e-13,-5.313561306496747e-13,-7.325567970817392e-13,-9.15604522056641e-13,-1.0802138771522849e-12,-1.2264520895586093e-12,-1.3537346574233123e-12,-1.4609005905223307e-12,-1.5464419623235558e-12,-1.6074244505216208e-12,-1.6370529635080449e-12,-1.626234871558016e-12,-1.588620055660581e-12,-1.600967211077523e-12
2.364868989155336e-11,5.5317939178129355e-12,5.485123104908248e-12,5.441487683719669e-12,5.404397814800157e-12,5.374443610054244e-12,5.351239103744957e-12,5.333870455910509e-12,5.321156319093139e-12,5.3119069001758506e-12,5.305227389703493e-12,5.300801836218239e-12,5.298778483462924e-12,5.2992829807333335e-12,5.3023064346174196e-12,5.3078293704401455e-12,5.315898722167727e-12,5.326667617908919e-12,5.3404233393338815e-12,5.357595946217855e-12,5.37874681604088e-12,5.40454716187203e-12,5.435746582223378e-12,5.473069695804135e-12,5.516816306904764e-12,5.565641572086792e-12,5.6135888616535825e-12,5.642541622172306e-12,5.593331506894928e-12
8.742398839908245e-12,3.212954404829907e-12,3.2702068903182353e-12,3.34661002827663e-12,3.416605420968829e-12,3.4575211414824746e-12,3.434077315103675e-12,3.2877472708274337e-12,2.924933071665729e-12,2.2271263225309773e-12,9.990791376784979e-13,-1.522590869176152e-13,-2.7028908072827595e-13,-9.59992375711356e-13,-1.1682793594378919e-12,-1.1575632584674679e-12,-1.077871547306718e-12,-1.0000869917389126e-12,-9.505532819549517e-13,-9.334496481386437e-13,-9.453040479071435e-13,-9.830519167531533e-13,-1.047398178779274e-12,-1.1423365889304701e-12,-1.2696500234229464e-12,-1.416403696299294e-12,-1.5387766876112115e-12,-1.5571637599856742e-12,-1.4071226743212267e-12
8.45368869824189e-12,2.0176692783144507e-12,2.0411916846425222e-12,2.0873497564901336e-12,2.1055748300258673e-12,2.0746932456182096e-12,1.977573171613043e-12,1.7857614951212372e-12,1.459172811912845e-12,1.000303459154742e-12,5.473696327271125e-13,6.627984715063828e-13,7.473788476189175e-13,2.091085892224716e-12,3.09523780183178e-12,3.6686134279383915e-12,3.881803765190519e-12,3.823602010019521e-12,3.573163201410728e-12,3.2029195476468965e-12,2.781148842565876e-12,2.368102546547617e-12,2.0011391905599528e-12,1.6682508474912886e-12,1.286274469241477e-12,7.457779452256248e-13,1.6624321888349361e-13,1.311254461676088e-13,2.8837986710374857e-13
-9.157087934947874e-13,-2.5882206359225316e-13,-2.570784942388904e-13,-2.6036008819018076e-13,-2.6721787633849963e-13,-2.767426012382356e-13,-2.881809741665306e-13,-3.008763255596879e-13,-3.1430932196241686e-13,-3.2813753903853973e-13,-3.422038495203703e-13,-3.564703936322228e-13,-3.7092681513968555e-13,-3.85600842607827e-13,-4.0050981110768597e-13,-4.1564574767657605e-13,-4.309898841510189e-13,-4.4651141393181727e-13,-4.621599960216712e-13,-4.778590441047857e-13,-4.934977887473921e-13,-5.089196205289268e-13,-5.239010723506629e-13,-5.381111550396423e-13,-5.510485221524798e-13,-5.620043981004855e-13,-5.70184122862188e-13,-5.750031782325796e-13,-5.760880431620874e-13
2.6293078424018733e-12,7.896364864136815e-13,6.741770503284238e-13,5.907413132785417e-13,5.20370169931676e-13,4.513199200780825e-13,3.7687389584803433e-13,2.953845270085766e-13,2.1208574147232145e-13,1.4497220560629427e-13,1.3662763793465917e-13,1.8139850196537226e-13,1.840276199664069e-13,1.9278638591248234e-13,1.7607108898961922e-13,1.3008347638232717e-13,6.170134134367983e-14,-2.1266240684155926e-14,-1.1253903855853864e-13,-2.0725261862087059e-13,-3.015352501033331e-13,-3.92151931428387e-13,-4.761136375421894e-13,-5.500895806618942e-13,-6.095510551041363e-13,-6.479824949064365e-13,-6.562742066746245e-13,-6.2478598563074e-13,-5.602462034842916e-13
7.809542941960953e-12,1.949548978806979e-12,1.7805156084721384e-12,1.5976058695752691e-12,1.4044280272434568e-12,1.205846310376908e-12,1.0063214969297309e-12,8.137279170432903e-13,6.407371578920551e-13,5.041027107736773e-13,4.140383517711616e-13,3.310239352057289e-13,2.656482817438751e-13,1.1275836574239569e-13,-9.253152101272442e-14,-3.1374161518311133e-13,-5.293962685467942e-13,-7.299316272989287e-13,-9.123356326069315e-13,-1.0763248795215312e-12,-1.2219675417825003e-12,-1.3486804577404146e-12,-1.4553045117730488e-12,-1.5403341956444572e-12,-1.6008399696165715e-12,-1.630037494226866e-12,-1.6188487021552584e-12,-1.580908414192716e-12,-1.592877615011235e-12
2.3592269105232765e-11,5.514085542566423e-12,5.467452171958334e-12,5.423849569378276e-12,5.386783503154244e-12,5.356843531154411e-12,5.333644249317502e-12,5.3162728937856025e-12,5.303549349927846e-12,5.29428495162009e-12,5.287585801892525e-12,5.28313673410378e-12,5.281086773710289e-12,5.281562408738344e-12,5.284555193741236e-12,5.290045469139477e-12,5.298079618317552e-12,5.308810052397667e-12,5.322523264119976e-12,5.339648443197001e-12,5.360746011774486e-12,5.386486154694355e-12,5.417617405726718e-12,5.4548634235072225e-12,5.4985237268203115e-12,5.5472555751489525e-12,5.5951109021612e-12,5.623998246883251e-12,5.574829634003439e-12
8.742145797277526e-12,3.2131924031736038e-12,3.2704421815769445e-12,3.3468411188791726e-12,3.416832739795459e-12,3.4577468138774606e-12,3.4343061086335004e-12,3.287988337123841e-12,2.925202536495347e-12,2.227449302430497e-12,9.994962459706025e-13,-1.5310637185706806e-13,-2.715926545432495e-13,-9.612473901935647e-13,-1.1695225942125678e-12,-1.1588117345689257e-12,-1.0791308209948389e-12,-1.0013571058496026e-12,-9.518321762654696e-13,-9.34734883326365e-13,-9.465934214657982e-13,-9.84343452432552e-13,-1.0486898472215292e-12,-1.1436260594605945e-12,-1.2709348283561024e-12,-1.4176823437206345e-12,-1.5400510030440934e-12,-1.5584416033185405e-12,-1.408416773083779e-12
8.451414798943987e-12,2.0155651704773877e-12,2.0390781302713154e-12,2.085225057294078e-12,2.103441108493101e-12,2.0725542267972483e-12,1.975433880462523e-12,1.7836291183931615e-12,1.4570575785859096e-12,9.98215617001105e-13,5.453095948964936e-13,6.607573183410797e-13,7.456962432445924e-13,2.089295929246823e-12,3.093365806830107e-12,3.66669173367686e-12,3.8798596328068565e-12,3.821656046499107e-12,3.5712300236752867e-12,3.2010082772214643e-12,2.7792634209750017e-12,2.3662423517029787e-12,1.9993007852028344e-12,1.6664317249635794e-12,1.2844784288960468e-12,7.44017057468218e-13,1.6452049697666236e-13,1.2939971276591953e-13,2.8663633321844387e-13
-9.155056283543364e-13,-2.5864296188937424e-13,-2.5689953532488953e-13,-2.6018089246624267e-13,-2.6703817439813265e-13,-2.76562192841736e-13,-2.8799971629026104e-13,-3.0069412437161013e-13,-3.1412612287442015e-13,-3.2795331349469395e-13,-3.4201858079393654e-13,-3.5628406855524986e-13,-3.7073942069475096e-13,-3.85412364212413e-13,-4.0032023157102316e-13,-4.1545504956272185e-13,-4.307980507834372e-13,-4.463184302699366e-13,-4.619658503746814e-13,-4.776637307045152e-13,-4.933013104251557e-13,-5.087219922519789e-13,-5.237023260502074e-13,-5.379113485490328e-13,-5.508477512369129e-13,-5.618028128793676e-13,-5.69981933715115e-13,-5.748006399825607e-13,-5.758854385188759e-13
2.6288575118732184e-12,7.892351653533046e-13,6.737441752477898e-13,5.9027444796125e-13,5.198683305346418e-13,4.507830265880952e-13,3.763023983534206e-13,2.947790317571914e-13,2.1144650890636902e-13,1.442982161340829e-13,1.3591463064480956e-13,1.8075869820001923e-13,1.835038826286193e-13,1.9237814077605997e-13,1.7578006195917493e-13,1.29911731728556e-13,6.165049379667036e-14,-2.1195129182961106e-14,-1.1234535931019171e-13,-2.069361187778652e-13,-3.010959635687425e-13,-3.91590135231158e-13,-4.754298350430427e-13,-5.492845283059705e-13,-6.086258508898301e-13,-6.46938723498751e-13,-6.551141340608364e-13,-6.235126008038675e-13,-5.588619685719739e-13
7.807109843291826e-12,1.947382248399896e-12,1.7785373202438475e-12,1.595817066693334e-12,1.4028294772905704e-12,1.2044384139680729e-12,1.0051043141767138e-12,8.127009075658979e-13,6.398988131145176e-13,5.034502334203127e-13,4.1356809845225994e-13,3.3073238248917064e-13,2.6550214314962844e-13,1.1276425957630178e-13,-9.236955713470389e-14,-3.134222900003531e-13,-5.289199398428068e-13,-7.292994006122136e-13,-9.115488604093497e-13,-1.075384948439503e-12,-1.2208758408213105e-12,-1.3474384233693044e-12,-1.4539136698023399e-12,-1.5387961867094909e-12,-1.5991566605733177e-12,-1.6282112723712973e-12,-1.6168826536452139e-12,-1.5788046107523997e-12,-1.5906323571045202e-12
2.3587317180408232e-11,5.509884173926216e-12,5.463254631560207e-12,5.419655620116075e-12,5.382592646460184e-12,5.352655227320173e-12,5.32945798980862e-12,5.312088239842022e-12,5.299365950702524e-12,5.290102542920235e-12,5.283404185717388e-12,5.278955737877662e-12,5.276906218850602e-12,5.27738211270545e-12,5.2803749772338345e-12,5.2858651523618385e-12,5.293899015115659e-12,5.3046289609074156e-12,5.318341458298827e-12,5.3354656621396655e-12,5.356561950368398e-12,5.382300456137103e-12,5.413429656003624e-12,5.450673153855553e-12,5.494330446797324e-12,5.54305889859751e-12,5.5909108978606995e-12,5.619796359102188e-12,5.5706317862374145e-12
8.740744907449659e-12,3.2115400336891917e-12,3.2687855359913353e-12,3.3451808830395943e-12,3.4151686831847913e-12,3.456077893361869e-12,3.43263001709305e-12,3.2863006698325848e-12,2.9234955342256246e-12,2.2257109648052796e-12,9.977076270764708e-13,-1.4979246272968398e-13,-2.662191006731778e-13,-9.558781583467897e-13,-1.1641404578915118e-12,-1.1534088554856182e-12,-1.0737047324529574e-12,-9.959078783961525e-13,-9.463608211642566e-13,-9.29242560818074e-13,-9.410811669588815e-13,-9.78812190932271e-13,-1.0431405295669583e-12,-1.1380597796436837e-12,-1.2653527443228753e-12,-1.4120851500408616e-12,-1.5344378247392253e-12,-1.5528087134189193e-12,-1.4027581361274968e-12
8.4595686701841e-12,2.023741289286495e-12,2.0472865403879107e-12,2.093466572698489e-12,2.1117147320213304e-12,2.080858203283811e-12,1.983765841836393e-12,1.7919856773544863e-12,1.4654339119316782e-12,1.0066069925879619e-12,5.53716260919062e-13,6.690701881192154e-13,7.523897989733522e-13,2.0960625084441886e-12,3.1001932842080116e-12,3.6735646847306246e-12,3.8867651623722786e-12,3.828584440350296e-12,3.578174402991773e-12,3.20796435795867e-12,2.7862293648437015e-12,2.373218478462446e-12,2.0062887529900705e-12,1.6734327618210245e-12,1.2914907827050511e-12,7.510350542787829e-13,1.715427429603298e-13,1.364457167942261e-13,2.937129845838847e-13
-9.161882412241008e-13,-2.5932088495881715e-13,-2.5757738251342655e-13,-2.608588436123406e-13,-2.6771635787435433e-13,-2.772407041381094e-13,-2.8867862409925944e-13,-3.0137347382724615e-13,-3.148059406138297e-13,-3.2863361346249916e-13,-3.426993716971925e-13,-3.5696535766207656e-13,-3.714212150354483e-13,-3.860946713626708e-13,-4.010030601091909e-13,-4.1613840758782537e-13,-4.31481945831396e-13,-4.4700286850688585e-13,-4.626508363577892e-13,-4.783492662793022e-13,-4.939873931608258e-13,-5.094086144382489e-13,-5.243894717563821e-13,-5.385989899687435e-13,-5.515358429957951e-13,-5.624912837243437e-13,-5.706706843648817e-13,-5.754895496821593e-13,-5.765743738273262e-13
2.6302804769290997e-12,7.907764888175588e-13,6.754281094395555e-13,5.921021409288869e-13,5.218402516275006e-13,4.5289922479245267e-13,3.7856268207440245e-13,2.97183151716948e-13,2.1399440393351732e-13,1.4699047079505185e-13,1.3875335147204603e-13,1.8330346105019305e-13,1.8557701014962987e-13,1.9397984884800583e-13,1.7690943352430141e-13,1.3056771455859666e-13,6.183228278575436e-14,-2.1488058356108632e-14,-1.1311330653448488e-13,-2.0817920922993063e-13,-3.028141843684034e-13,-3.937833577958227e-13,-4.780978242217409e-13,-5.524269297297471e-13,-6.122421481056224e-13,-6.510281671959355e-13,-6.596756482381655e-13,-6.285447645424207e-13,-5.643636016755558e-13
7.816221228199534e-12,1.955803246369524e-12,1.786222657679005e-12,1.602766245756432e-12,1.40904212965453e-12,1.209914344691955e-12,1.009843488056664e-12,8.167035702359508e-13,6.431656642015603e-13,5.059825719645144e-13,4.153675862345254e-13,3.3181038608187245e-13,2.6600130035605427e-13,1.1268143326888657e-13,-9.30362484793569e-14,-3.146734219545173e-13,-5.307553201370933e-13,-7.317184955994329e-13,-9.145510300084118e-13,-1.0789695432656493e-12,-1.2250422149774607e-12,-1.352185910472095e-12,-1.459241562729947e-12,-1.5447037254043697e-12,-1.6056429802523236e-12,-1.6352752654663957e-12,-1.624522888751903e-12,-1.5870201453641405e-12,-1.5994249961115668e-12
2.3603323121392238e-11,5.525678778710628e-12,5.479047251537393e-12,5.435446363482955e-12,5.398381747163696e-12,5.368442940892795e-12,5.345244557726069e-12,5.327873870945983e-12,5.315150811582114e-12,5.305886757713803e-12,5.299187846347202e-12,5.2947389248056924e-12,5.292689018481224e-12,5.293164615657971e-12,5.2961572740411e-12,5.301647333030355e-12,5.309681170802928e-12,5.320411188544882e-12,5.334123864803497e-12,5.35124836976172e-12,5.37234510158234e-12,5.398084217345174e-12,5.429214219996628e-12,5.466458739849874e-12,5.510117284334692e-12,5.558847169304718e-12,5.606700570220544e-12,5.635586753561744e-12,5.586420106481375e-12
2.665641724161849e-12,1.414618162515868e-12,1.447181483688041e-12,1.4898831284394914e-12,1.5311994334521497e-12,1.561445076288781e-12,1.5655364975484738e-12,1.517958120208399e-12,1.3767432425573006e-12,1.088719719604691e-12,5.936295247990794e-13,4.2817778009254277e-13,7.33547914176594e-13,4.3502210918427974e-13,3.4866360629221273e-13,3.5699540801839145e-13,3.945353957944801e-13,4.3119139395578794e-13,4.5599433878054e-13,4.673572165777526e-13,4.667842954647614e-13,4.554029318615847e-13,4.325320377706377e-13,3.9591537259729806e-13,3.4423541735605146e-13,2.8300077771370004e-13,2.3244596983488865e-13,2.3029467947310234e-13,3.095744751307093e-13
9.950553783097551e-12,2.4570865110523233e-12,2.480470526695101e-12,2.5152736712671885e-12,2.5390325025517526e-12,2.543676415651778e-12,2.52304741798073e-12,2.4652814765604332e-12,2.351529544164838e-12,2.180895368202921e-12,2.0178410679555603e-12,2.069404694772619e-12,1.8214170204835482e-12,2.4027907832984877e-12,2.8278648580987073e-12,3.055871341637083e-12,3.127029190389922e-12,3.083001031928447e-12,2.957629074326139e-12,2.78116271752111e-12,2.583072734862945e-12,2.3910488124164827e-12,2.224021404718078e-12,2.078474512138295e-12,1.9156039535839687e-12,1.6789653818259677e-12,1.414721493302872e-12,1.405485612446657e-12,1.5290072198848692e-12
-9.300301267082646e-13,-2.1134993439802948e-13,-2.105149705652425e-13,-2.1196226536460846e-13,-2.150291792386046e-13,-2.1928585538745673e-13,-2.2436819680893334e-13,-2.2995940789414195e-13,-2.3581255783064753e-13,-2.4176939973056974e-13,-2.4776383197615607e-13,-2.5379190619688445e-13,-2.598679526172404e-13,-2.660223962732212e-13,-2.7227754417498845e-13,-2.786417994579985e-13,-2.851178812347029e-13,-2.917032406288737e-13,-2.983864728316957e-13,-3.0514340609201123e-13,-3.119327263540259e-13,-3.1869016114026363e-13,-3.2531838580851516e-13,-3.3166743389716933e-13,-3.375034708354805e-13,-3.424867264890705e-13,-3.462211828207954e-13,-3.483970617846003e-13,-3.488324789956262e-13
2.3170691471807656e-12,7.747413727779777e-13,7.257361798057425e-13,6.903870865878909e-13,6.601841688724959e-13,6.30122093534534e-13,5.973584565363443e-13,5.609873796789263e-13,5.226782501356352e-13,4.891376333376424e-13,4.754655264584328e-13,4.5322505958811756e-13,3.7889226966230434e-13,3.0440462837111177e-13,2.1720669928344394e-13,1.1697408771968185e-13,7.458027666108152e-15,-1.0773248911165569e-13,-2.2594073254479008e-13,-3.4524958616120336e-13,-4.642178316900586e-13,-5.816831759192108e-13,-6.965676775857993e-13,-8.075986776204312e-13,-9.128906277672545e-13,-1.0095236475886504e-12,-1.0931837322501409e-12,-1.1590800166667658e-12,-1.2093885097204493e-12
1.0659855682573359e-11,2.5356482430018947e-12,2.319815552694137e-12,2.0972591854551298e-12,1.8697659013152144e-12,1.6393711841923355e-12,1.4076845362515063e-12,1.177659236438622e-12,9.543769394399894e-13,7.449840446033882e-13,5.535336282218799e-13,3.6609833321916986e-13,2.1240058284677573e-13,2.3522754034472275e-14,-1.842233801076386e-13,-3.9531214203363535e-13,-6.018621689578026e-13,-8.011254369950814e-13,-9.927693512221542e-13,-1.1772331671667804e-12,-1.3548442164059197e-12,-1.5255211304938604e-12,-1.6888901082447801e-12,-1.8443794861427444e-12,-1.9905509121797453e-12,-2.123570568539386e-12,-2.237539264901445e-12,-2.336882054605928e-12,-2.4568713221679006e-12
2.252124254925279e-11,5.454532610085864e-12,5.4321582770980325e-12,5.410995839602478e-12,5.392755748871342e-12,5.37777013306537e-12,5.365861211678707e-12,5.356570622957533e-12,5.349298863235199e-12,5.343433071159425e-12,5.338496993684769e-12,5.334304650831638e-12,5.330926573165646e-12,5.328451985324555e-12,5.326908566735321e-12,5.326303929906164e-12,5.326659849379353e-12,5.328042480323987e-12,5.330586196501318e-12,5.334502693918867e-12,5.34007807698382e-12,5.3476652296588985e-12,5.357673107529876e-12,5.370526998823047e-12,5.386497412095055e-12,5.4051431039395025e-12,5.4238943269708256e-12,5.434446030287416e-12,5.409352898542967e-12
3.834211770214147e-13,3.957422158886853e-13,4.120544118242823e-13,4.2568101236170896e-13,4.370459254243538e-13,4.450834569649745e-13,4.4751061308951475e-13,4.40504258225647e-13,4.1674773749154843e-13,3.5845496404380896e-13,2.2727441573657103e-13,2.5862582442951295e-13,4.0202173976957366e-13,3.232244674868312e-13,3.0564639992022913e-13,3.0284609014279907e-13,3.042343919575226e-13,3.0720367158110303e-13,3.106922335029993e-13,3.139591619381474e-13,3.1640443289153677e-13,3.176385276842689e-13,3.1751228137740034e-13,3.159859537917222e-13,3.1284591278934917e-13,3.074912656811901e-13,2.993467137132103e-13,2.8940447093489385e-13,2.8128212973110056e-13
4.325152703470361e-12,1.074377705249992e-12,1.0943056178010636e-12,1.1083057454805884e-12,1.1188529537297046e-12,1.1269780448173092e-12,1.132306764905646e-12,1.1331339749535758e-12,1.1256946389516316e-12,1.1024319316203769e-12,1.0637674176564068e-12,1.0749857445229833e-12,9.517218952627774e-13,1.0967171111299649e-12,1.1498149611192538e-12,1.1559553055451007e-12,1.1441271008993562e-12,1.1231146472091095e-12,1.0947245500899038e-12,1.0591393139887699e-12,1.0167168822829078e-12,9.68892641055959e-13,9.188485423113877e-13,8.714117806301944e-13,8.307275150651974e-13,7.951256381705749e-13,7.554470641571647e-13,7.152190281659364e-13,6.97635517367488e-13
-3.3085883553091034e-13,-7.733715344911399e-14,-7.761022731102403e-14,-7.843454990641936e-14,-7.963033857425598e-14,-8.105489295852313e-14,-8.260493378488133e-14,-8.421188664894076e-14,-8.583402529461572e-14,-8.744904419910013e-14,-8.904820683140424e-14,-9.063132403915308e-14,-9.220212282889268e-14,-9.376732469561218e-14,-9.533559809189687e-14,-9.691598508124152e-14,-9.85147882023026e-14,-1.001341859210624e-13,-1.0177234404038797e-13,-1.0342323964566889e-13,-1.0507573521430922e-13,-1.0671225029308237e-13,-1.0830738503600413e-13,-1.0982630519559162e-13,-1.1122182985702565e-13,-1.1242952074918733e-13,-1.1336666956866192e-13,-1.139586803301961e-13,-1.1419972216693e-13
9.418880218002584e-13,3.4803288875888163e-13,3.3349464794707367e-13,3.213783008869931e-13,3.100695799683832e-13,2.9886379529104624e-13,2.8734622442149387e-13,2.7531530223067144e-13,2.6296210186239197e-13,2.515225586033829e-13,2.450727856214302e-13,2.2809462560337674e-13,1.8976854280485078e-13,1.5026095437118995e-13,1.071887831884588e-13,6.156719826178751e-14,1.4299068186493553e-14,-3.4061072487756224e-14,-8.310331419609848e-14,-1.324849118757905e-13,-1.8191099409392444e-13,-2.3111517867660216e-13,-2.7982657758938674e-13,-3.277221659783108e-13,-3.743626722274906e-13,-4.1912076092006566e-13,-4.61164572932768e-13,-4.994424992002904e-13,-5.308833164170904e-13
4.6798391204403505e-12,1.0815120101256672e-12,9.888688655230309e-13,8.952765299923032e-13,8.008441482076073e-13,7.055252713218026e-13,6.095142344559223e-13,5.13250072859262e-13,4.175579144313146e-13,3.240391312229749e-13,2.346107687759771e-13,1.462927292723826e-13,7.229981742530317e-14,-9.332205814285385e-15,-9.149145058371587e-14,-1.718191269164477e-13,-2.5025391374793545e-13,-3.2721237248363e-13,-4.0304478151599784e-13,-4.77937439735277e-13,-5.51937378506665e-13,-6.249757008677454e-13,-6.968570259764934e-13,-7.672205977792075e-13,-8.35474171645132e-13,-9.007196756707908e-13,-9.619571786561531e-13,-1.0192593112130316e-12,-1.0740978446569248e-12
8.556005314236037e-12,2.0283457216950854e-12,2.0211237341241704e-12,2.0155466700465427e-12,2.011429390832057e-12,2.008479940146486e-12,2.0064053912863735e-12,2.00495621650524e-12,2.0039348323253793e-12,2.0031918060017134e-12,2.002624219611452e-12,2.00217173420214e-12,2.001795974614634e-12,2.001466403551551e-12,2.001180035927936e-12,2.000965198667759e-12,2.000857264202641e-12,2.000885599843087e-12,2.001076186062291e-12,2.0014590227628647e-12,2.002073198946795e-12,2.0029672505493343e-12,2.004194715200692e-12,2.005805129966623e-12,2.007827232526664e-12,2.0102247841424483e-12,2.0127614388811574e-12,2.0146586423656204e-12,2.0137010709588935e-12
2.6682435893218265e-12,1.4157352781556376e-12,1.4483337011595175e-12,1.4910819713422191e-12,1.532443347349203e-12,1.5627215040545173e-12,1.5668157590291754e-12,1.5191815865738945e-12,1.3778046786559118e-12,1.0894525805481785e-12,5.937989667063075e-13,4.288825138507057e-13,7.343290920836596e-13,4.3546441398887165e-13,3.490077237329085e-13,3.573487831312134e-13,3.9493118103751045e-13,4.316285922456649e-13,4.564595020752231e-13,4.678350924018786e-13,4.672613364187612e-13,4.55866870459683e-13,4.3296983444107875e-13,3.9631142871539796e-13,3.445726396417073e-13,2.8326832150551937e-13,2.326559494209882e-13,2.3050201184159364e-13,3.0987154867103686e-13
9.961037296248975e-12,2.4593663732725983e-12,2.4827749579716554e-12,2.5176156283550828e-12,2.541399450669594e-12,2.5460466596663766e-12,2.525392278847691e-12,2.4675588195290575e-12,2.353675856614286e-12,2.1828461288199022e-12,2.0196049000486344e-12,2.0712068300412112e-12,1.8231541949387904e-12,2.405186176590261e-12,2.8307412616116662e-12,3.0590051913394662e-12,3.130242531128441e-12,3.0861631628379296e-12,2.9606476840456427e-12,2.7839798170631046e-12,2.585663778250463e-12,2.3934206761024715e-12,2.226202445440135e-12,2.080489092223047e-12,1.917432394173395e-12,1.6805239513109373e-12,1.4159788521474763e-12,1.4067311260147087e-12,1.5303915492633284e-12
-9.31024310913594e-13,-2.115545036326441e-13,-2.1071859298619085e-13,-2.121675299003958e-13,-2.1523792508923548e-13,-2.1949943521709978e-13,-2.2458754989136533e-13,-2.3018511309519104e-13,-2.360449142224409e-13,-2.420085269357506e-13,-2.480097737804276e-13,-2.540447010252653e-13,-2.6012765588700805e-13,-2.6628909685541035e-13,-2.725513551512394e-13,-2.789228447324777e-13,-2.854062878601004e-13,-2.9199913294472704e-13,-2.986899628413856e-13,-3.054545776822018e-13,-3.1225161793389826e-13,-3.190167370788013e-13,-3.2565250027916756e-13,-3.3200877006788805e-13,-3.378514452549516e-13,-3.428403686613079e-13,-3.4657907236334367e-13,-3.4875742630937844e-13,-3.491933398035958e-13
2.31927202655851e-12,7.752892536868609e-13,7.262717538315714e-13,6.90925888097052e-13,6.607320191866842e-13,6.306790852029811e-13,5.979214893237384e-13,5.615523664254531e-13,5.232430195753374e-13,4.897075950197005e-13,4.760632164139122e-13,4.537785168155509e-13,3.7936564402284246e-13,3.047977070196771e-13,2.1750505979236727e-13,1.1716295281721946e-13,7.526845721277777e-15,-1.0779014679547896e-13,-2.2612827398906534e-13,-3.455682464255605e-13,-4.646672131568812e-13,-5.82261565177276e-13,-6.972721417884147e-13,-8.084248434781563e-13,-9.13831986185236e-13,-1.0105703760919202e-12,-1.0943211105993378e-12,-1.1602878911129782e-12,-1.2106492040542067e-12
1.067107795944485e-11,2.5380374315594995e-12,2.322005472242033e-12,2.099242203020989e-12,1.8715364397459996e-12,1.6409259527545414e-12,1.409022070495732e-12,1.1787814271264384e-12,9.552914292893716e-13,7.457065693524388e-13,5.540845307809391e-13,3.6648373261964404e-13,2.1264000470279746e-13,2.3576316383341905e-14,-1.8437708375688606e-13,-3.9567689727109447e-13,-6.024328269635793e-13,-8.018937602288858e-13,-9.937267080105602e-13,-1.1783714146798032e-12,-1.356155578110213e-12,-1.526997731548546e-12,-1.6905236422970553e-12,-1.846160988020497e-12,-1.99246977280373e-12,-2.1256118347912045e-12,-2.2396813025174627e-12,-2.3391082432048025e-12,-2.459205091563753e-12
2.25453952515177e-11,5.459915381672283e-12,5.437515630972597e-12,5.416329154642691e-12,5.398068309292002e-12,5.383065632032867e-12,5.3711431508554694e-12,5.3618419753069406e-12,5.354561922167135e-12,5.348689440480563e-12,5.34374772583635e-12,5.339550581961444e-12,5.3361686343062386e-12,5.3336912142757415e-12,5.3321460179903905e-12,5.331540661866296e-12,5.331896954006391e-12,5.333281123332728e-12,5.335827694410799e-12,5.3397486049817265e-12,5.34533028574465e-12,5.352926022293147e-12,5.362945236902638e-12,5.375813702461377e-12,5.391802232826791e-12,5.4104690758102476e-12,5.429241565934026e-12,5.4398052422509245e-12,5.414683632384519e-12
8.742578537119871e-12,3.21395525165086e-12,3.2712048531688352e-12,3.3476024038617013e-12,3.4175930126450986e-12,3.458507846733659e-12,3.435071867810147e-12,3.2887664315857417e-12,2.9260063721552216e-12,2.228299707227396e-12,1.0004301202238358e-12,-1.5492212053853662e-13,-2.745130384661762e-13,-9.641350373275116e-13,-1.1724083181852326e-12,-1.1617092801007637e-12,-1.0820445295234922e-12,-1.0042868633470527e-12,-9.547762081022823e-13,-9.376911475094225e-13,-9.49560092964215e-13,-9.873188993251812e-13,-1.0516723981211831e-12,-1.1466137980691628e-12,-1.2739257279051067e-12,-1.4206751799797e-12,-1.5430472767207645e-12,-1.5614477758047037e-12,-1.4114432632842417e-12
8.446298077835795e-12,2.01102287928445e-12,2.0345171088943735e-12,2.080643936470772e-12,2.0988416427181987e-12,2.0679394824270664e-12,1.970808004425369e-12,1.7789980352200797e-12,1.452429698292622e-12,9.935993471078379e-13,5.407062583206067e-13,6.5620070662474e-13,7.420083110883956e-13,2.085508481185992e-12,3.0895019121330376e-12,3.662778153664577e-12,3.875918810267655e-12,3.817704971662973e-12,3.567280794833828e-12,3.197068513646055e-12,2.775336522438543e-12,2.3623279902014198e-12,1.995396297577922e-12,1.6625351195432548e-12,1.2805927310500063e-12,7.401519518631024e-13,1.6067840354066761e-13,1.2554722249544907e-13,2.827606890612594e-13
-9.150472934203446e-13,-2.582472347002599e-13,-2.56503914856621e-13,-2.597850744468036e-13,-2.6664194982539585e-13,-2.7616540493974884e-13,-2.8760224425450665e-13,-3.0029587844161917e-13,-3.1372703701422397e-13,-3.2755333275151e-13,-3.416176474770097e-13,-3.558821178081072e-13,-3.703363826440604e-13,-3.850081623672295e-13,-3.9991478708277396e-13,-4.150482905090946e-13,-4.303899156116743e-13,-4.459088695588786e-13,-4.61554830646916e-13,-4.7725123752039e-13,-4.928873521174352e-13,-5.083066029122263e-13,-5.232855687097308e-13,-5.374933184721866e-13,-5.504285838032983e-13,-5.613826917281443e-13,-5.695610949868306e-13,-5.743793526395181e-13,-5.754639825201346e-13
2.6279010974781747e-12,7.883604805895754e-13,6.727965393369197e-13,5.892520052370389e-13,5.18770365576033e-13,4.4960947584557113e-13,3.7505362484658417e-13,2.9345551699004065e-13,2.1004840941156792e-13,1.4282449336948658e-13,1.3436132328777347e-13,1.7936519119915177e-13,1.823677478687006e-13,1.9149891405667144e-13,1.7515934487171114e-13,1.2955135911152146e-13,6.155177004246042e-14,-2.1031339864163133e-14,-1.1191856574316539e-13,-2.062461266966177e-13,-3.0014280983115005e-13,-3.903740480568611e-13,-4.739512199938124e-13,-5.475439941284171e-13,-6.066242883131924e-13,-6.446774305334288e-13,-6.525949787187986e-13,-6.207380717431194e-13,-5.558341058966293e-13
7.801464852826926e-12,1.942711713418791e-12,1.7742747584007978e-12,1.5919634225612492e-12,1.3993854238915591e-12,1.201404272451797e-12,1.0024801624070063e-12,8.104863522859284e-13,6.380926481467751e-13,5.020501682312608e-13,4.125710585187535e-13,3.3013181568519906e-13,2.6522042691558293e-13,1.1280701989253563e-13,-9.199909852189962e-14,-3.1272313942022845e-13,-5.278924337016243e-13,-7.27944529032366e-13,-9.098677599336856e-13,-1.0733787498443143e-12,-1.2185456588257413e-12,-1.3447854028434878e-12,-1.4509390262769763e-12,-1.535501232783355e-12,-1.5955428989332138e-12,-1.6242806670936102e-12,-1.6126377750965711e-12,-1.5742471694228953e-12,-1.5857593001723229e-12
2.3576941548395907e-11,5.501036115687319e-12,5.4544085601834496e-12,5.410811199668695e-12,5.373749383635096e-12,5.343812712771972e-12,5.320615864583605e-12,5.303246192649186e-12,5.290523750159651e-12,5.281260042592658e-12,5.274561245840614e-12,5.27011220207795e-12,5.268061953335815e-12,5.26853698113918e-12,5.271528783484513e-12,5.2770176642026054e-12,5.285050002366684e-12,5.295778168608853e-12,5.309488602793131e-12,5.3266104285951425e-12,5.347703991051708e-12,5.373439394876336e-12,5.404565095842156e-12,5.4418046854838115e-12,5.485457663443848e-12,5.534181464143849e-12,5.5820288304925244e-12,5.610910823062695e-12,5.561747620660339e-12
2.6679596380601132e-12,1.4152955923270223e-12,1.4478954701162448e-12,1.490646303485526e-12,1.5320100717969532e-12,1.5622893866923757e-12,1.5663818969951983e-12,1.518740238569625e-12,1.3773454281374716e-12,1.0889590912721446e-12,5.932482164953576e-13,4.2998637152889216e-13,7.360933545839127e-13,4.372018626954164e-13,3.50741952222734e-13,3.590903124361346e-13,3.96683248335581e-13,4.333910937148936e-13,4.582311194440792e-13,4.696143347841669e-13,4.690468814108439e-13,4.576575208337035e-13,4.3476431600503055e-13,3.9810821546692216e-13,3.463700587325361e-13,2.850653140438925e-13,2.3445370741971487e-13,2.3230592376257033e-13,3.1169067936051915e-13
9.964563839406346e-12,2.4621356830247317e-12,2.48555655232841e-12,2.520410779250836e-12,2.54420693560074e-12,2.5488643620685803e-12,2.5282173952345455e-12,2.4703872224587028e-12,2.3565013154005656e-12,2.185662311226003e-12,2.022412666166034e-12,2.0739879535093252e-12,1.825415538549274e-12,2.407519947476551e-12,2.8331300398616322e-12,3.0614270463050126e-12,3.13268001692508e-12,3.088603480271558e-12,2.9630818055283548e-12,2.7864020784563256e-12,2.588071788487954e-12,2.3958151194557236e-12,2.2285861098683585e-12,2.0828643798065397e-12,1.9197974026230815e-12,1.6828705081055181e-12,1.4183039049169921e-12,1.409063019512782e-12,1.532745022781629e-12
-9.31330119786896e-13,-2.1178577577442314e-13,-2.1094977065967768e-13,-2.1239886732795628e-13,-2.1546960134398332e-13,-2.1973157971021308e-13,-2.2482025219067924e-13,-2.3041842851496956e-13,-2.3627886991721897e-13,-2.422431326799314e-13,-2.48245032919384e-13,-2.542806166606963e-13,-2.6036423266468734e-13,-2.6652634396117166e-13,-2.727892848530624e-13,-2.791614691963346e-13,-2.8564561928981915e-13,-2.9223918315858735e-13,-2.9893074186170604e-13,-3.056960931194187e-13,-3.124938718627937e-13,-3.1925972543050423e-13,-3.2589620759984954e-13,-3.3225316535783816e-13,-3.3809647256738806e-13,-3.430859362138925e-13,-3.468250443535467e-13,-3.4900363304160793e-13,-3.4943959168295536e-13
2.3199139890683044e-12,7.758201326895316e-13,7.268470002106304e-13,6.915469807394653e-13,6.613995474609732e-13,6.313931319496199e-13,5.986817884153471e-13,5.623585101427043e-13,5.240947639840221e-13,4.906054687198368e-13,4.770094245721945e-13,4.5462821373391303e-13,3.800595840291127e-13,3.0533590393047807e-13,2.1788609888766083e-13,1.1738537101537385e-13,7.589628604787047e-15,-1.078876401263971e-13,-2.26386395329928e-13,-3.459871318349744e-13,-4.652468361612413e-13,-5.830017664093982e-13,-6.981726391565613e-13,-8.094852089033305e-13,-9.150515792957896e-13,-1.0119482311826035e-12,-1.095855785192999e-12,-1.161977407163863e-12,-1.212491816995222e-12
1.0674988463549186e-11,2.5408937410614708e-12,2.3246130604708063e-12,2.1016003176569364e-12,1.8736445001982106e-12,1.6427836282804996e-12,1.4106292094158904e-12,1.180138202377744e-12,9.563985927649012e-13,7.465656835327426e-13,5.546975973752413e-13,3.668548134305892e-13,2.1281594592382333e-13,2.3553179969756565e-14,-1.8460139653540178e-13,-3.961027654046866e-13,-6.030597458293824e-13,-8.027208905317485e-13,-9.947531899086823e-13,-1.1795964470113675e-12,-1.3575784011068677e-12,-1.5286175824798064e-12,-1.6923397234124983e-12,-1.848172448508058e-12,-1.994675613489235e-12,-2.1280106239207917e-12,-2.2422709390892818e-12,-2.3418871262726664e-12,-2.4621755145833393e-12
2.255258617496574e-11,5.4653378994055506e-12,5.4429356645093685e-12,5.421746834585804e-12,5.4034839920249e-12,5.388479679213335e-12,5.376555893713015e-12,5.367253702910719e-12,5.35997285634059e-12,5.3540997289619005e-12,5.349157474693742e-12,5.344959881781059e-12,5.341577568726492e-12,5.339099871431984e-12,5.3375545039524045e-12,5.3369490878878165e-12,5.337305425246396e-12,5.3386897535874355e-12,5.341236614098062e-12,5.345157966341107e-12,5.3507402716625504e-12,5.35833685314625e-12,5.368357175937627e-12,5.381227058369144e-12,5.397217345246545e-12,5.4158862442020965e-12,5.4346608053419775e-12,5.445225630897241e-12,5.420101211545389e-12
3.8306828445267326e-13,3.954257373708929e-13,4.1173953740511753e-13,4.253672476901373e-13,4.36732854256736e-13,4.4477046665631156e-13,4.4719667105682533e-13,4.4018762788974457e-13,4.1642533528349953e-13,3.581204312370487e-13,2.2691431609111159e-13,2.5937071371300866e-13,4.0322224516207037e-13,3.2441471898019716e-13,3.0683767356251656e-13,3.0404110735041847e-13,3.054339241168368e-13,3.084080104946914e-13,3.1190147551534974e-13,3.151732667158953e-13,3.1762325012291187e-13,3.1886183488140737e-13,3.187398287883155e-13,3.1721748447356046e-13,3.1408113022076235e-13,3.0872976277655444e-13,3.0058797756895043e-13,2.906481706549944e-13,2.8252860098240275e-13
4.3277898326135715e-12,1.0762564873515682e-12,1.096194593108039e-12,1.1102038233393326e-12,1.1207594992761936e-12,1.1288926131798527e-12,1.1342288422617971e-12,1.1350627338562066e-12,1.1276285580450414e-12,1.1043680957682142e-12,1.0657029843973656e-12,1.0769022408585335e-12,9.5327826980744e-13,1.0983053615201819e-12,1.1514181616268013e-12,1.1575648138651795e-12,1.1457396115818783e-12,1.1247284716954857e-12,1.096338332671928e-12,1.0607517323939854e-12,1.0183266800417237e-12,9.704988260054781e-13,9.204507074546328e-13,8.730104077759668e-13,8.323238488667364e-13,7.967206157659598e-13,7.5703993617609e-13,7.168096945148775e-13,6.992281468784389e-13
-3.310704512852649e-13,-7.748792970301697e-14,-7.776104233129647e-14,-7.858550519247496e-14,-7.978150245914593e-14,-8.12063074500759e-14,-8.275662204504968e-14,-8.436385913022963e-14,-8.598628487116047e-14,-8.760158936312316e-14,-8.920103471730056e-14,-9.078443164075887e-14,-9.235550809959047e-14,-9.392098644494067e-14,-9.548953697270986e-14,-9.707020315036558e-14,-9.866928898781795e-14,-1.0028897316133753e-13,-1.0192742115348249e-13,-1.03578609122934e-13,-1.0523139727494288e-13,-1.0686820194246897e-13,-1.0846361893009343e-13,-1.0998280699758218e-13,-1.1137857709675095e-13,-1.1258647878782593e-13,-1.1352378853990798e-13,-1.141158967822562e-13,-1.1435697163393233e-13
9.423598142156818e-13,3.4839967066261977e-13,3.338911924726235e-13,3.2180505416101397e-13,3.105266910961957e-13,2.99351283800949e-13,2.8786403315350895e-13,2.758633374196978e-13,2.635403048660128e-13,2.521310982931737e-13,2.4571258354406284e-13,2.286692136479374e-13,1.902373585433635e-13,1.5062378175548584e-13,1.0744496651019682e-13,6.171626835884765e-14,1.4340721613817888e-14,-3.412703655568058e-14,-8.32770222527213e-14,-1.3276642724678254e-13,-1.8230032600580985e-13,-2.3161228777398547e-13,-2.804313748515986e-13,-3.2843450321395445e-13,-3.751823206462299e-13,-4.2004737640891235e-13,-4.621976588074099e-13,-5.005813650168655e-13,-5.321267066676866e-13
4.6827712099656036e-12,1.0834429175996098e-12,9.906313581639333e-13,8.968704387940437e-13,8.02269324084293e-13,7.067815557878386e-13,6.106015043467079e-13,5.141682841918815e-13,4.1830717582926573e-13,3.2461984499380817e-13,2.3502368977124434e-13,1.4654043899206404e-13,7.2414481630709e-14,-9.351995872999918e-15,-9.164579439703913e-14,-1.7210769028488734e-13,-2.506763520092939e-13,-3.277684174927528e-13,-4.037342302218601e-13,-4.787601242702831e-13,-5.528931396059139e-13,-6.260643674587053e-13,-6.980783914115095e-13,-7.685743893102533e-13,-8.369600079758944e-13,-9.023370109492408e-13,-9.637052832115692e-13,-1.0211374691173895e-12,-1.0761056113172073e-12
8.561148680582113e-12,2.031958693730769e-12,2.024735109650927e-12,2.0191567523875722e-12,2.0150384483879924e-12,2.0120881878867307e-12,2.0100129903834518e-12,2.0085632819096363e-12,2.007541442987603e-12,2.0067980127383427e-12,2.006230055002843e-12,2.00577721922871e-12,2.005401123458236e-12,2.0050712246854124e-12,2.0047845372932873e-12,2.0045693932125088e-12,2.0044611717197515e-12,2.0044892452312553e-12,2.0046795992930858e-12,2.005062239012287e-12,2.005676261052229e-12,2.0065702096361526e-12,2.0077976328303415e-12,2.0094080766084754e-12,2.0114302842328892e-12,2.013828009795201e-12,2.0163648643551384e-12,2.0182621497334176e-12,2.0173041352416845e-12
