-1.9921041639685687e-14,0.004752787611197868,0.01909436015172311,0.04318182943164381,0.07718160493746866,0.12126012110451363,0.1755837943324757,0.24031902302625996,0.31563219712794555,0.4016897056985309,0.49862486156219576,0.6062843918960854,0.7237440001359199,0.8494197007951384,0.9815188512572122,1.1182268606464303,1.2577291381131965,1.3982110941694499,1.53785814115674,1.6748556926316032,1.8073891619552285,1.93364396118281,2.0518055009980203,2.1600591907611277,2.2565904379236903,2.3395846464100676,2.4072272149651743,2.4577035466345905,2.489199064494165,2.500000000000004
-8.047988893784986e-15,0.02992892047614605,0.11659245513553505,0.25409117371396917,0.436178623042393,0.6566083762388434,0.9091340239018414,1.1875091543114413,1.4854873447165058,1.796822162757787,2.115283711941088,2.4348914671173185,2.750899025004965,3.06079919529555,3.3630377246717926,3.6561774096923227,3.9387810458025645,4.209411426951909,4.466631346473336,4.709003598446393,4.935090979103583,5.14345628834874,5.332662330102775,5.501271910439699,5.647847834633051,5.770952904126996,5.869149905919184,5.941001597484151,5.985070747170716,5.99999999999999
5.525107482051288e-15,-1.2382922369858824e-9,-1.5114525152181633e-8,-3.677286454183547e-8,-5.811180836774215e-8,-8.295117151790595e-8,-1.1722539734146627e-7,-1.5989481342651357e-7,-2.0331091081832187e-7,-2.3799303340536392e-7,-2.5733768606945503e-7,-2.59773890364713e-7,-2.4710646023021357e-7,-2.2240869100579009e-7,-1.8866049439314464e-7,-1.4855201560275036e-7,-1.0488051802491887e-7,-6.074243474125459e-8,-1.929939597017571e-8,1.6677217491410248e-8,4.5239689840433075e-8,6.567161949507722e-8,7.871426975387173e-8,8.624438455669002e-8,9.034978520457095e-8,9.18389269089685e-8,8.60411908338243e-8,6.066886074483114e-8,2.067356406058517e-8,-5.535233144952819e-15
-2.3816884993725604e-14,0.11047923511011878,0.22256679284186862,0.33658424887537985,0.4525323302020161,0.5704109805338868,0.6902199386101409,0.8119590519037603,0.9356282710585643,1.0612276208583185,1.187605967821215,1.3082435875316876,1.4135657044163628,1.4986023444884744,1.5625897366492745,1.6055278717379404,1.6274167589857782,1.6282564189185835,1.608046871253727,1.566788122547962,1.50448016234035,1.4211229736711688,1.3167165416626594,1.1912608490021608,1.0447558673405217,0.8772015382173476,0.6885978208322071,0.4789449062657162,0.2482429177122851,7.897192513899257e-16
-7.305198354714562e-15,0.6862999713668574,1.3122175532339695,1.8656762283684987,2.346676176445649,2.7552177137094356,3.0913009186202665,3.3549256887306895,3.5460918908019665,3.6647994419887704,3.7116239206526944,3.693516667106844,3.6337223055393326,3.553183051336077,3.4559722375198403,3.3420898595901964,3.211535899468226,3.0643103431684944,2.900413191198643,2.719844460042986,2.522604184159989,2.308692411916665,2.0781091829430856,1.8308545050742586,1.566928354411461,1.286330657595716,0.9890610959609236,0.675119487387466,0.34450623004039904,1.4033733692081324e-14
4.960097197391497e-15,-7.47423813019242e-8,-2.2701585417621612e-7,-2.53797475710584e-7,-2.5409985826257036e-7,-3.368083349539568e-7,-4.5581986123839397e-7,-5.175511239709639e-7,-4.697516790576803e-7,-3.2126038391999564e-7,-1.2533873381405072e-7,6.464132617327681e-8,2.2281991582010322e-7,3.443877733809776e-7,4.33548424943127e-7,4.916306525202392e-7,5.154719630249501e-7,5.022547278715904e-7,4.53731989967072e-7,3.7702102560706696e-7,2.8414390706037957e-7,1.9140834783677578e-7,1.1513789293171538e-7,6.397211221239037e-8,3.388940131647354e-8,-4.8398393626012354e-9,-1.6446932593034965e-7,-4.220013593613139e-7,-4.223188498298458e-7,8.861825573540602e-15
-1.9921041639685687e-14,0.004752787611197868,0.01909436015172311,0.04318182943164381,0.07718160493746866,0.12126012110451363,0.1755837943324757,0.24031902302625996,0.31563219712794555,0.4016897056985309,0.49862486156219576,0.6062843918960854,0.7237440001359199,0.8494197007951384,0.9815188512572122,1.1182268606464303,1.2577291381131965,1.3982110941694499,1.53785814115674,1.6748556926316032,1.8073891619552285,1.93364396118281,2.0518055009980203,2.1600591907611277,2.2565904379236903,2.3395846464100676,2.4072272149651743,2.4577035466345905,2.489199064494165,2.500000000000004
-8.047988893784986e-15,0.02992892047614605,0.11659245513553505,0.25409117371396917,0.436178623042393,0.6566083762388434,0.9091340239018414,1.1875091543114413,1.4854873447165058,1.796822162757787,2.115283711941088,2.4348914671173185,2.750899025004965,3.06079919529555,3.3630377246717926,3.6561774096923227,3.9387810458025645,4.209411426951909,4.466631346473336,4.709003598446393,4.935090979103583,5.14345628834874,5.332662330102775,5.501271910439699,5.647847834633051,5.770952904126996,5.869149905919184,5.941001597484151,5.985070747170716,5.99999999999999
5.525107482051288e-15,-1.2382922369858824e-9,-1.5114525152181633e-8,-3.677286454183547e-8,-5.811180836774215e-8,-8.295117151790595e-8,-1.1722539734146627e-7,-1.5989481342651357e-7,-2.0331091081832187e-7,-2.3799303340536392e-7,-2.5733768606945503e-7,-2.59773890364713e-7,-2.4710646023021357e-7,-2.2240869100579009e-7,-1.8866049439314464e-7,-1.4855201560275036e-7,-1.0488051802491887e-7,-6.074243474125459e-8,-1.929939597017571e-8,1.6677217491410248e-8,4.5239689840433075e-8,6.567161949507722e-8,7.871426975387173e-8,8.624438455669002e-8,9.034978520457095e-8,9.18389269089685e-8,8.60411908338243e-8,6.066886074483114e-8,2.067356406058517e-8,-5.535233144952819e-15
-2.3816884993725604e-14,0.11047923511011878,0.22256679284186862,0.33658424887537985,0.4525323302020161,0.5704109805338868,0.6902199386101409,0.8119590519037603,0.9356282710585643,1.0612276208583185,1.187605967821215,1.3082435875316876,1.4135657044163628,1.4986023444884744,1.5625897366492745,1.6055278717379404,1.6274167589857782,1.6282564189185835,1.608046871253727,1.566788122547962,1.50448016234035,1.4211229736711688,1.3167165416626594,1.1912608490021608,1.0447558673405217,0.8772015382173476,0.6885978208322071,0.4789449062657162,0.2482429177122851,7.897192513899257e-16
-7.305198354714562e-15,0.6862999713668574,1.3122175532339695,1.8656762283684987,2.346676176445649,2.7552177137094356,3.0913009186202665,3.3549256887306895,3.5460918908019665,3.6647994419887704,3.7116239206526944,3.693516667106844,3.6337223055393326,3.553183051336077,3.4559722375198403,3.3420898595901964,3.211535899468226,3.0643103431684944,2.900413191198643,2.719844460042986,2.522604184159989,2.308692411916665,2.0781091829430856,1.8308545050742586,1.566928354411461,1.286330657595716,0.9890610959609236,0.675119487387466,0.34450623004039904,1.4033733692081324e-14
4.960097197391497e-15,-7.47423813019242e-8,-2.2701585417621612e-7,-2.53797475710584e-7,-2.5409985826257036e-7,-3.368083349539568e-7,-4.5581986123839397e-7,-5.175511239709639e-7,-4.697516790576803e-7,-3.2126038391999564e-7,-1.2533873381405072e-7,6.464132617327681e-8,2.2281991582010322e-7,3.443877733809776e-7,4.33548424943127e-7,4.916306525202392e-7,5.154719630249501e-7,5.022547278715904e-7,4.53731989967072e-7,3.7702102560706696e-7,2.8414390706037957e-7,1.9140834783677578e-7,1.1513789293171538e-7,6.397211221239037e-8,3.388940131647354e-8,-4.8398393626012354e-9,-1.6446932593034965e-7,-4.220013593613139e-7,-4.223188498298458e-7,8.861825573540602e-15
6.201420775961297e-14,0.003428545184346778,0.014004181804003217,0.03227464498938242,0.058819978077206354,0.0942202224010526,0.13905540161407257,0.19390553605160357,0.25935064682759723,0.3359707615884449,0.4243459407681399,0.5249819707772965,0.6377900316424593,0.7613436185221373,0.8936216649820435,1.0325287898942028,1.1759696270650601,1.3218488196355545,1.4680710157089658,1.6125408660488878,1.7531630227619257,1.887842138432013,2.0144828654808347,2.130989855648108,2.2352677595104575,2.32522122594444,2.3987549015038097,2.4537734297274922,2.4881814469716312,2.5000000000000213
-3.896729504348257e-14,0.02633917646112431,0.1028759316198726,0.22492430790814646,0.38752270153160395,0.5857095228150452,0.8145231814810049,1.0690020834659695,1.3441846313558674,1.635109218718806,1.9368142585167851,2.244420331724692,2.5537045415349997,2.8619216347930525,3.1669831666867623,3.4668827690310717,3.759614050398347,4.0431706089557125,4.315546038051586,4.574733928642428,4.81872787058464,5.045521453460873,5.253108267225828,5.439481902906186,5.602635953654482,5.740564016511032,5.851259694945562,5.932716600296227,5.982928346301334,5.999999999999984
-1.2533521345738081e-14,2.019121544017045e-8,7.271728857427046e-8,1.68617893485182e-7,3.0692328943970107e-7,4.774634317455472e-7,6.718827321463328e-7,8.835721438011863e-7,1.1063613311500114e-6,1.3340738344043771e-6,1.5529280978741555e-6,1.7322496872560011e-6,1.8684531584514301e-6,1.9567905056722234e-6,1.9993889303516793e-6,1.9997311265885263e-6,1.959858032001174e-6,1.881426691521861e-6,1.7665795179197919e-6,1.6184325664609939e-6,1.4413667654308076e-6,1.2412134383837147e-6,1.025367231792347e-6,8.028542667542622e-7,5.843836148228145e-7,3.82410640400415e-7,2.111647624386134e-7,8.588756045549947e-8,1.752030609272876e-8,1.253210476897292e-14
3.462340311645388e-14,0.08028986713134925,0.16618605822263785,0.2588101731770852,0.35816295935997683,0.46424408329241046,0.5770534465366599,0.696591045583984,0.8228569045433302,0.9558511849128739,1.0955745849287288,1.2394405551421903,1.3745175569310752,1.4878745586591393,1.576925048656557,1.641669210469452,1.6821071899613207,1.6982390646906558,1.6900648760899857,1.6575846461391992,1.6007983848019565,1.5197060935915176,1.4143077674559508,1.2846033957109892,1.1305929619375883,0.952276442858184,0.7496538080061455,0.5227250167759296,0.2714899071791616,-9.284050058490223e-15
-1.9944019236295683e-14,0.6046740526947136,1.1613862095762262,1.6605436833526293,2.102146649937354,2.4861951956538832,2.812689269682368,3.08162883626553,3.293013840898723,3.446844106938188,3.54312075655,3.584699599467933,3.585862694610621,3.5608949688624536,3.512653585210259,3.4411381617657693,3.3463485208743227,3.2282845840985672,3.086946313048716,2.9223336887901117,2.7344467039288154,2.5232853591663655,2.2888496625111427,2.03113963148003,1.7501552992817675,1.4458967248393182,1.1183639982907463,0.7675571977256328,0.3934762779924929,3.44511831270203e-14
1.0647986059086837e-14,4.220913975514072e-7,8.421992226361615e-7,1.3743614434061717e-6,1.8107251632203948e-6,2.1305639785955734e-6,2.3676089025284934e-6,2.5315850091541877e-6,2.6259077801849462e-6,2.642244240280261e-6,2.3456403447445075e-6,1.8317157334637937e-6,1.307770574259386e-6,7.512242662081142e-7,2.438991079597406e-7,-2.3248513755029992e-7,-6.896318003170068e-7,-1.1259799151843046e-6,-1.5325386764787924e-6,-1.8960587128459975e-6,-2.2006279754981283e-6,-2.428652694881521e-6,-2.561542605033716e-6,-2.580073585817832e-6,-2.4643903913087317e-6,-2.1938004590112424e-6,-1.7484211973632062e-6,-1.131515252794278e-6,-4.643421609649677e-7,-4.206894105680236e-14
4.824375673063835e-14,0.0027477025879715654,0.011400214407207773,0.026730867211835947,0.04955858422071774,0.0807022664569112,0.12098079754350327,0.17121305721831795,0.23221792246028788,0.30481427077445855,0.3898209890552164,0.48797288165760244,0.5993319014207978,0.7224460098350171,0.855190341375377,0.9953559518696442,1.1407338386009704,1.2891150038814372,1.4382904648515469,1.5860512448651796,1.730188369934745,1.8684928669719927,1.9987557628027808,2.118768083628834,2.22632085473738,2.3192051003326903,2.3952118434955336,2.452132106352899,2.4877569096220866,2.5000000000000133
-3.970544864849571e-15,0.02364037100320081,0.09255409975918624,0.20294944502650689,0.35081159382752886,0.5321257530975345,0.7428771411361644,0.9790509772786076,1.2366324787858796,1.5116068569036183,1.7999593098970363,2.0977182998761736,2.401258533069452,2.7077337688456997,3.014643933537421,3.319532222166338,3.6199418548873536,3.9134160355155174,4.1974979572731534,4.469730811600018,4.727657790080905,4.968822084719249,5.19076688793931,5.391035392890949,5.567170794543212,5.716716292447285,5.837215096189586,5.926210428033025,5.981245503967092,5.999999999999987
1.1626931844854977e-14,-9.27206981290089e-9,-3.2111843997538264e-8,-5.725396428450077e-8,-6.970358493796514e-8,-6.554174777837217e-8,-4.632012940381551e-8,-1.434870597480169e-8,2.8428129342211448e-8,8.057352070347448e-8,1.3989691204139992e-7,1.990453510049077e-7,2.460532550462165e-7,2.805452985920397e-7,3.0278369459574296e-7,3.107319181292389e-7,3.094606619758658e-7,3.024596571682745e-7,2.9083636600569627e-7,2.748245526944699e-7,2.54390834431705e-7,2.29434011333568e-7,1.9981480799198438e-7,1.6539717458172217e-7,1.2632429208655932e-7,8.396268359496977e-8,4.317187379050939e-8,1.3837698702757297e-8,2.2484962286745822e-9,-1.1626294581686837e-14
3.393365288301008e-14,0.06480206676133381,0.13751919430966225,0.21973528490185312,0.31145093558427694,0.4126656664807198,0.5233794221168049,0.6435921635401924,0.7733038708181945,0.9125145849334396,1.0612245069460817,1.2165070460126,1.3637270593250763,1.4882495772624682,1.5871483420471155,1.660423037357281,1.708073211977639,1.7300991247456474,1.7265008825627655,1.6972785312403487,1.6424320893738857,1.5619615605839878,1.4558669401006938,1.3241482186742968,1.1668053845293351,0.9838384245060177,0.7752473262341129,0.5410320800648665,0.2811926547147133,-9.225286267877362e-15
9.041823303851195e-15,0.5432820225207052,1.0477545815284552,1.505655427373912,1.9169845025515448,2.281742083288941,2.5999282106305297,2.8715428756877857,3.096586036826312,3.275057587955902,3.4069573340177084,3.493791291418045,3.5430904667092644,3.562385161881499,3.55318082204484,3.5154777254902028,3.4492759389637047,3.3545752231977115,3.231375531262576,3.0796768594843535,2.899479212502403,2.690782595048865,2.4535870127691344,2.1878924782451965,1.8936990240622198,1.5710067300636592,1.2198157529752975,0.8401261764186025,0.43193773200804014,2.060550503006887e-14
4.862990327243554e-14,-2.0257107819349384e-7,-3.072080202308637e-7,-2.3836721189592195e-7,-4.7516165377965923e-8,1.4001656358236398e-7,3.0119373228550463e-7,4.367259486151123e-7,5.531414857945375e-7,6.540012306483802e-7,7.09966891628765e-7,6.289505883267477e-7,4.684712111518658e-7,3.333624909624545e-7,1.7229789859418734e-7,2.7940080722345892e-8,-5.1699921651964526e-8,-1.0901521173639959e-7,-1.6036483949393211e-7,-2.1122714616850377e-7,-2.6303112581140415e-7,-3.162392130888445e-7,-3.712577374396929e-7,-4.272117240161716e-7,-4.773652620185094e-7,-4.972474331641711e-7,-4.273490602729988e-7,-2.337056822176173e-7,-6.196162101348025e-8,-1.96334367817857e-14
1.0065292873607169e-13,0.0028650351041995398,0.011845697937225296,0.027670133423979056,0.05110938680516998,0.08293450285352867,0.12391651707038395,0.17482646216650524,0.23643537078036067,0.3095142817958923,0.3948342479058684,0.49308921063079814,0.6043506698002715,0.7272584664647718,0.8597380263581037,0.9995943105565279,1.1446268540828666,1.2926351860001006,1.4414188333959292,1.5887773288468099,1.7325102107978447,1.8704170212245206,2.0002973035887535,2.1199506012423295,2.22717645590999,2.3197744058528316,2.3955439838945227,2.452284717235474,2.487796129071151,2.5000000000000284
3.4532260475016396e-14,0.02202313972389441,0.08637219493073967,0.18979757835467753,0.32885853983544433,0.500114311637577,0.700124145430532,0.9254473131279933,1.1726430912361927,1.4382707477932772,1.7188895372255146,2.0110734335530416,2.3115195855581327,2.6172334519383873,2.925436016245015,3.2334062062551707,3.538428389562604,3.8377869821345847,4.128766401703225,4.408651048704476,4.674725308706534,4.924273559021258,5.154580174030384,5.362929529464502,5.5466060066271385,5.7028939970817705,5.829077904862193,5.922442137638257,5.980271086943915,6.000000000000008
1.6371595849203966e-14,-3.839408368364954e-9,1.427484728897853e-8,7.048196795960837e-8,1.6477131311947141e-7,3.0236370429432304e-7,4.786672644025766e-7,6.810806074428876e-7,8.965349263017208e-7,1.1146994735306515e-6,1.3268521417210443e-6,1.521749230359248e-6,1.6890365434034157e-6,1.8309459817433787e-6,1.930030137476522e-6,1.9799544554485604e-6,1.977712321452144e-6,1.9236003544400187e-6,1.8213931448425722e-6,1.676241144844657e-6,1.4940397110603578e-6,1.281773917840511e-6,1.0481599947316746e-6,8.043935044872646e-7,5.64937926911443e-7,3.4812268348171903e-7,1.750665868182138e-7,6.3169518333484e-8,1.2444711409103806e-8,-1.6372541824732112e-14
6.312251199927901e-14,0.06746282746771519,0.14237897833346216,0.22623868071928727,0.3190426713863162,0.4207906898761526,0.5314827023309083,0.6511186848843189,0.7796986672317728,0.9172227692845869,1.0636911795917048,1.2164200357984702,1.3618001591390323,1.4854694306688556,1.5838021263975604,1.6566094381337122,1.7038913258891037,1.7256477237459344,1.7218786592213964,1.6925842104335906,1.6377644326305045,1.5574193537883168,1.4515489813394782,1.3201533054731895,1.1632322975465008,0.9807859047860696,0.7728140571708509,0.5393167026464623,0.28029378439000974,-1.820641800906552e-14
3.363842252212655e-14,0.5065021340152694,0.9797438475123789,1.4130729402795124,1.806489194046272,2.1599926017732085,2.473583473562808,2.747261955834878,2.981028017127518,3.1748815019997543,3.328822295294719,3.443362781254187,3.5212522616557362,3.5659968119264414,3.579052278537524,3.5606059241422776,3.5106586163397995,3.4292106110962766,3.3162617617627514,3.1718118584790815,2.9958607680304383,2.7884084284177755,2.5494548315633905,2.2790000167487734,1.9770440758040297,1.6435871531118296,1.2786293703245972,0.8821706569518933,0.45421073830841874,-8.06797586918271e-16
3.5278888549059105e-14,1.7907558219429644e-8,4.251342153152073e-7,8.67938867988293e-7,1.3403867108749524e-6,1.8399980985411906e-6,2.2231993858486893e-6,2.446551976949446e-6,2.5323867338326467e-6,2.5138370260561628e-6,2.3873036620676677e-6,2.1022792713927557e-6,1.8075958446955812e-6,1.4273837177938664e-6,8.694457832958835e-7,2.803274643372836e-7,-3.3141620189207755e-7,-9.15785929466481e-7,-1.4453479782877427e-6,-1.910923197623595e-6,-2.3028592672646827e-6,-2.605099767296991e-6,-2.793356320316378e-6,-2.834313858859572e-6,-2.685516721759182e-6,-2.3018443379330825e-6,-1.6746290712667539e-6,-9.160100317997513e-7,-3.2057257278379413e-7,5.62154136711861e-15
9.95765335850638e-14,0.0030741498692291058,0.012633905929727457,0.02931682147942434,0.05379800656769573,0.08675240930317987,0.1288549174250477,0.18078042194860813,0.2432038273062218,0.31680005216430646,0.40224405801069996,0.5001547912625663,0.6106785311200538,0.7327609544253939,0.8644695920862713,1.0036250547510512,1.1480239959404102,1.2954631015247635,1.4437390942386308,1.590648708849797,1.7339886863683696,1.8715557717921514,2.0011467119481927,2.120558253828233,2.2275871432590755,2.3200301233477516,2.3956839315209137,2.452345294251611,2.48781093141693,2.5000000000000404
6.515917501753764e-14,0.021992920897782854,0.0862648124684605,0.18959170382818688,0.3285599236394267,0.49975575469494216,0.6997655064562679,0.925175524347141,1.1725721609345034,1.4385417668912934,1.719670692501433,2.0125465001930674,2.3137853152556964,2.620175589282217,2.9288537025477788,3.2371075875718196,3.5422439750681725,3.8415695226685056,4.132390871700512,4.412014666159907,4.677747550807726,4.926896171375564,5.156767174820569,5.36466720909915,5.547902923710797,5.703780973286592,5.8296080309903395,5.922690808993233,5.980336030963869,6.000000000000068
-6.767400124446646e-15,5.965285913375739e-9,8.390188639892415e-8,1.948477781956323e-7,3.1078665008012663e-7,4.4144514897103026e-7,5.903220278453838e-7,7.478370829362871e-7,9.036759057018037e-7,1.0499785297698312e-6,1.1754857216403463e-6,1.2607803303281605e-6,1.3027314444009462e-6,1.3120223228368706e-6,1.2943786718886111e-6,1.2506890227277709e-6,1.193031885252882e-6,1.1271180353932434e-6,1.0534421467289095e-6,9.71104572492482e-7,8.789635855959209e-7,7.764291915913421e-7,6.639495981793602e-7,5.430627875199529e-7,4.1621621850845746e-7,2.8704298300276384e-7,1.639783317618221e-7,6.693734910318793e-8,1.4535069258182187e-8,6.755283132419769e-15
5.0617209893581465e-14,0.07218943037848953,0.15090220476830934,0.23744672254608754,0.3318216072108819,0.43402530483847895,0.5440576712318519,0.6619188502558114,0.7876089915716441,0.9211283149289166,1.0624777771998668,1.2097054968734784,1.3522198995079884,1.4761093831653895,1.5752714894644821,1.6488753503243971,1.6969203633780103,1.7194072239043294,1.716336161797434,1.6877072638310917,1.6335205890067506,1.5537761705494657,1.4484740189871717,1.3176141283720133,1.1611964771589551,0.9792210222881564,0.7716876652186994,0.5385962643112037,0.2799468739385361,-2.7602712816315052e-14
3.596852173995259e-14,0.5058357152719429,0.9786726127643618,1.4119114796300984,1.8055513374458674,2.1595921407301106,2.4740343816403834,2.748878316586143,2.9841239278404377,3.179771212574077,3.335820120381902,3.4523130247944582,3.530116652284855,3.5727126663636772,3.5834125600121047,3.5628706340399603,3.5110863875026963,3.4280591572744155,3.3137889861645995,3.1682758915293125,2.9915198806140757,2.783520967488684,2.5442791650524064,2.273794485061128,1.972066956065623,1.6390966843860875,1.2748840397101202,0.8794294393628815,0.45273260191906406,-6.396103747756504e-15
3.720725266612177e-14,4.284335610036339e-7,1.2060581272327412e-6,1.3204468153020138e-6,1.4077465475101642e-6,1.630157712165219e-6,1.7994560556927046e-6,1.8344597896929307e-6,1.7674222926535295e-6,1.610376093928528e-6,1.2500577845209262e-6,7.252984431221613e-7,2.7690277037764073e-7,-4.968484769791178e-8,-3.6883636101832137e-7,-6.093648839042467e-7,-7.205684406811682e-7,-8.086277031622435e-7,-9.026394634389387e-7,-1.0100785916796133e-6,-1.1288955610346566e-6,-1.2490377071759441e-6,-1.3574354848141978e-6,-1.4423661569108713e-6,-1.494216279842579e-6,-1.490252548407084e-6,-1.3226464788040425e-6,-8.788319829269682e-7,-3.626454375306421e-7,-5.4667987822323475e-14
6.0275218891202e-14,0.0030708431016680166,0.012621803009196608,0.029292359236280156,0.05375968947307181,0.08670088160019072,0.12879298919913226,0.18071307312113727,0.2431382032413072,0.3167454548347523,0.4022119241543946,0.5001578379651731,0.6107250209318568,0.7328462968365107,0.8645839726834759,1.0037589181684188,1.1481688852604697,1.2956116373678896,1.4438849570703982,1.5907866334848955,1.7341144589894542,1.871666228172479,2.0012397367087384,2.1206327804662317,2.227643154775552,2.3200686535222443,2.3957070674389835,2.4523561814596966,2.4878137775890883,2.500000000000019
2.915939196343812e-14,0.02199403077196886,0.08626894907552352,0.1896001634107422,0.32857338532936614,0.49977429929386463,0.6997885992441849,0.925201998833258,1.1726002158360094,1.4385689676851514,1.7196939742711754,2.0125623780256205,2.313791319085097,2.6201723880825867,2.9288432802332003,3.2370918870744725,3.542224709871354,3.8415482043480065,4.132368816922985,4.4119929962571405,4.677727191072943,4.9268778502885615,5.156751423424726,5.364654360587466,5.547893112645077,5.703774132598853,5.829603882385523,5.922688846085289,5.980335516512682,6.00000000000002
-8.284437919075701e-15,-1.3441731718448694e-9,2.8858413422908925e-8,7.739256338674442e-8,1.2654358604154313e-7,1.8076880791795667e-7,2.4365328956734056e-7,3.107414857469924e-7,3.765616871270759e-7,4.3687013615074607e-7,4.851969389180391e-7,5.103333522648645e-7,5.117967501269649e-7,4.968743710091246e-7,4.7058076038686634e-7,4.345524892263089e-7,3.9606779140956436e-7,3.5916062418499473e-7,3.248273880840251e-7,2.9293736774642894e-7,2.6270009479140206e-7,2.3303574375736918e-7,2.0286016798738684e-7,1.7114741779488832e-7,1.3686614138664514e-7,9.905771958445003e-8,5.8843463186108615e-8,2.438487441741339e-8,5.485603119925039e-9,8.277524264595454e-15
3.671222135622986e-14,0.07211578786559603,0.1507755932386106,0.23729060065408153,0.3316604530773639,0.43388416528980733,0.5439617162194482,0.6618932347505101,0.7876787934356578,0.9213184751308993,1.0628127938079253,1.2101812825703293,1.3527178437656366,1.4765057110916395,1.5755508328263907,1.649050179956522,1.6970034050304823,1.7194108280666143,1.7162725816918452,1.6875887100409306,1.6333592449306253,1.55358420536753,1.4482635982334902,1.3173974215243534,1.1609856643976484,0.9790283032380034,0.7715252833417929,0.538476535622531,0.2798820873962776,-1.399335028684179e-14
1.6709602090345066e-14,0.5058607345873614,0.9787164894644745,1.4119667233783855,1.8056109986499376,2.159649210748664,2.47408160258523,2.748908322875559,2.984129363302587,3.1797447399550527,3.3357544704168274,3.4522080582228503,3.530000896213461,3.5726167069034864,3.5833405241234475,3.562819761514331,3.511054181219108,3.428043354719347,3.3137873252911505,3.168286102545272,2.991539684938422,2.783548077987552,2.544311288947508,2.273829324619298,1.9721021974393413,1.6391299516163658,1.2749127830606002,0.87945094546835,0.45274430269100635,-3.937204331295537e-15
2.4198660607619548e-15,1.2354225951746335e-7,5.101061474223816e-7,5.760725932350462e-7,5.850484998809754e-7,6.812277445858773e-7,7.654592532442264e-7,7.799855059825515e-7,7.398120624707574e-7,6.500444160514741e-7,4.4051820790574634e-7,1.4440387833960228e-7,-9.245904993458399e-8,-2.429389481465918e-7,-3.701002861080707e-7,-4.4546004243913096e-7,-4.4110947541604015e-7,-4.1373753233660707e-7,-3.831049664079009e-7,-3.584104223099773e-7,-3.4528160799201326e-7,-3.450380792893695e-7,-3.569939077077676e-7,-3.8069837523582466e-7,-4.1680302266352493e-7,-4.60809303772836e-7,-4.551472046165698e-7,-3.172151061993115e-7,-1.3284410039324885e-7,-2.32404116781647e-14
6.02987070269587e-14,0.0030708202727794047,0.012621718971338002,0.02929218939038656,0.05375942381367335,0.08670052479295004,0.12879256061185246,0.18071260682723203,0.24313774801134155,0.31674507412900627,0.40221169611295404,0.5001578497855934,0.6107253294868921,0.7328468711133861,0.8645847459799516,1.0037598255751219,1.1481698690761544,1.2956126471118605,1.4438859494604217,1.5907875724294405,1.7341153155867357,1.871666980708578,2.00124037065533,2.120633288477668,2.2276435366861222,2.3200689163431267,2.3957072253581635,2.452356255857717,2.4878137970756184,2.50000000000002
2.879894909669828e-14,0.021994046804814305,0.08626900932621454,0.18960028872340792,0.32857358870911985,0.4997745859332823,0.6997889665458263,0.9252024363970306,1.1726007054485612,1.4385694833140386,1.7196944820519808,2.0125628382182246,2.313791700038239,2.620172687335935,2.9288435083572275,3.237092055476524,3.5422248289467624,3.841548283537974,4.1323688647470656,4.411993020309879,4.677727198021406,4.926877845873298,5.156751412461857,5.364654346969707,5.54789309934177,5.703774121651752,5.829603874899697,5.9226888422098485,5.980335515429434,6.000000000000021
-8.245737109162572e-15,-1.359205687029134e-9,2.8804930822985678e-8,7.727655265947824e-8,1.2637349547112548e-7,1.8056178336066529e-7,2.4342036216141217e-7,3.1049214748802897e-7,3.763080682364819e-7,4.3662853243696125e-7,4.849909192580644e-7,5.101974758984798e-7,5.117647538949358e-7,4.969635822055136e-7,4.70796255850376e-7,4.3489071281235376e-7,3.965120166288467e-7,3.596831193938556e-7,3.253957574889819e-7,2.9351746255040513e-7,2.6325781820423607e-7,2.33541066990138e-7,2.0328920802103376e-7,1.7148573063275365e-7,1.3710977737784096e-7,9.921473950378587e-8,5.8930121171151306e-8,2.4419148450173483e-8,5.489836689250149e-9,8.238842127291564e-15
3.664078260921803e-14,0.07211527696139182,0.15077471233795847,0.2372895189691255,0.33165934028825866,0.43388319187630914,0.5439610527722787,0.6618930518167678,0.7876792614523369,0.9213197644658668,1.0628150746120542,1.2101845299294305,1.3527212470824659,1.4765084239498791,1.5755527510787517,1.6490513870068586,1.6970039846452576,1.7194108638941066,1.7162721571541084,1.6875879085443886,1.6333581498671295,1.553582900104137,1.4482621661065649,1.3173959458372064,1.160984228419623,0.9790269902059893,0.7715241765475122,0.5384757187160916,0.2798816443601163,-1.4207680232172968e-14
1.631623105233714e-14,0.5058610965380439,0.978717138385852,1.4119675686799684,1.8056119494136447,2.159650176563247,2.474082493044912,2.748909047389828,2.9841298312055398,3.1797448604949907,3.33575415260937,3.452207279730114,3.5299999143891676,3.572615812007298,3.5833397670793277,3.5628191309618615,3.511053665581165,3.4280429432431565,3.313787007287728,3.1682858672595655,2.9915395216131677,2.783547975887816,2.544311237357379,2.27382931283274,1.9721022147285119,1.6391299871851703,1.2749128259445532,0.8794509844575418,0.45274432666005887,-4.286379410981755e-15
1.8374174605463913e-15,1.232315619828384e-7,5.094877341250997e-7,5.753428961146265e-7,5.845277385733993e-7,6.808731990474793e-7,7.652114678794047e-7,7.798586698208349e-7,7.398471233214451e-7,6.503001647893754e-7,4.4111659867615015e-7,1.4543387370027723e-7,-9.112141171216218e-8,-2.414864556525936e-7,-3.686351893094561e-7,-4.4410729758275355e-7,-4.400257626401321e-7,-4.1301248152414395e-7,-3.827686696885057e-7,-3.584761996763408e-7,-3.457252812398325e-7,-3.4579966469113387e-7,-3.579820801712095e-7,-3.817960677259673e-7,-4.178761467779931e-7,-4.6172811463790235e-7,-4.5586167844123424e-7,-3.177099638270924e-7,-1.3301857210871606e-7,-2.256106612068131e-14
6.034477346096028e-14,0.0030708198138847563,0.01262171727964336,0.029292185965946963,0.053759418453744635,0.0867005175915221,0.12879255195965153,0.18071259741247453,0.24313773881983264,0.3167450664439384,0.4022116915151362,0.5001578500410268,0.6107253357485709,0.7328468827547922,0.8645847616515675,1.003759843963626,1.1481698890134766,1.2956126675752633,1.4438859695725104,1.5907875914585157,1.7341153329466785,1.8716669959591614,2.001240383502122,2.120633298771829,2.2276435444244083,2.320068921668053,2.395707228557583,2.4523562573652904,2.4878137974708006,2.50000000000002
2.857487076802942e-14,0.021994047208208713,0.08626901083919042,0.1896002918604279,0.32857359377936746,0.4997745930410146,0.6997889755912302,0.9252024470764697,1.1726007172544244,1.4385694955347037,1.7196944937718475,2.0125628483727644,2.3137917078057795,2.620172692727639,2.9288435117481586,3.237092057256774,3.542224829470716,3.8415482831240615,4.132368863677532,4.411993018830625,4.677727196342028,4.9268778441672865,5.156751410866754,5.364654345586769,5.5478930982358206,5.703774120852017,5.82960387439937,5.92268884196619,5.980335515363965,6.000000000000022
-8.24552062471959e-15,-1.3598345815964178e-9,2.8805071305362016e-8,7.727857843772792e-8,1.263772684852601e-7,1.8056728575542766e-7,2.43427595500695e-7,3.1050097250750753e-7,3.7631861766045195e-7,4.3664107357706433e-7,4.850057670309446e-7,5.102147895207343e-7,5.117845263054763e-7,4.969858076686937e-7,4.70820544302516e-7,4.3491630882288984e-7,3.965385723034798e-7,3.59710602131179e-7,3.254232704187636e-7,2.935439733218009e-7,2.632829363794486e-7,2.3356400502920557e-7,2.0330854614793087e-7,1.7150120814972444e-7,1.3712189984980005e-7,9.922314369553092e-8,5.893514908012539e-8,2.442143780473484e-8,5.4904119397204665e-9,8.23862531760606e-15
3.6609499164272196e-14,0.07211526668575068,0.15077469456954465,0.23728949711745517,0.33165931780880614,0.4338831722065922,0.5439610393595234,0.6618930481136339,0.7876792709097082,0.9213197905327083,1.0628151207477585,1.2101845956492125,1.3527213159781206,1.4765084788793337,1.5755527899310964,1.6490514114670431,1.6970039963987693,1.7194108646263682,1.7162721485534347,1.6875878923002274,1.6333581276697775,1.5535828736462154,1.448262137077946,1.3173959159260813,1.1609841993167545,0.9790269635992414,0.7715241541248207,0.538475702169727,0.27988163538082295,-1.4352845658127047e-14
1.60567549196978e-14,0.5058611056384131,0.978717154635954,1.4119675897093724,1.8056119728389926,2.1596502000132545,2.4740825141549783,2.7489090637949536,2.9841298405389605,3.179744860390831,3.33575414069992,3.452207255570943,3.52999988539438,3.572615786398928,3.583339746201582,3.5628191144027004,3.5110536529247574,3.42804293407109,3.313787001179041,3.168285863792526,2.9915395203675255,2.783547976446286,2.544311239301844,2.273829315739364,1.9721022181801073,1.6391299907676125,1.2749128292388756,0.8794509870492453,0.45274432813197846,-4.517468452291324e-15
1.4249484614257475e-15,1.2322817937846053e-7,5.095061515698402e-7,5.753649903311405e-7,5.845473564079248e-7,6.808936185954629e-7,7.652305890723027e-7,7.798773901892579e-7,7.398685181046527e-7,6.503251839141071e-7,4.411447086135614e-7,1.4546249660586581e-7,-9.109263731349212e-8,-2.414592450290046e-7,-3.686156490499874e-7,-4.440953748298394e-7,-4.4001409509724887e-7,-4.130054176690558e-7,-3.8277528244474717e-7,-3.5849063849230456e-7,-3.4574425192903684e-7,-3.458336756876281e-7,-3.580282121565224e-7,-3.8183715597472474e-7,-4.1791676777290353e-7,-4.6177069533355175e-7,-4.558976268603641e-7,-3.177363872588082e-7,-1.3303188418854157e-7,-2.214804638874136e-14
6.016927208744344e-14,0.003070819800360936,0.012621717235206371,0.029292185882704033,0.0537594183286324,0.08670051742733277,0.1287925517653938,0.18071259720333804,0.24313773861737392,0.3167450662757696,0.40221169141515695,0.5001578500465146,0.6107253358827114,0.7328468830037481,0.8645847619860876,1.0037598443553561,1.1481698894375587,1.295612668010025,1.4438859699994264,1.590787591862251,1.7341153333149537,1.8716669962827155,2.0012403837746744,2.120633298990276,2.2276435445886285,2.320068921781016,2.395707228625597,2.4523562573973976,2.487813797479203,2.500000000000019
2.9459411958677383e-14,0.021994047215723414,0.08626901086860266,0.18960029192341532,0.3285735938834415,0.4997745931892318,0.6997889757820761,0.925202447303626,1.1726007175069935,1.4385694957971447,1.719694494023956,2.0125628485911076,2.313791707972191,2.6201726928419746,2.928843511818421,3.237092057291457,3.5422248294777083,3.8415482831101624,4.132368863648862,4.4119930187927245,4.677727196299718,4.926877844124572,5.156751410826774,5.364654345552083,5.547893098208075,5.703774120831932,5.829603874387065,5.922688841960421,5.980335515362484,6.00000000000002
-8.245441199818784e-15,-1.3593430264874677e-9,2.880518063988148e-8,7.727940676770167e-8,1.263792186032791e-7,1.8057050796465186e-7,2.434323594762759e-7,3.105069977046046e-7,3.763255830327376e-7,4.366487720861512e-7,4.850138877981785e-7,5.102230925615655e-7,5.117930883397273e-7,4.969943039315823e-7,4.708292887771163e-7,4.3492560048603885e-7,3.965485932205791e-7,3.5972100309241493e-7,3.2543356595142863e-7,2.935533246562052e-7,2.6329066748760516e-7,2.3356994477660933e-7,2.033129925447623e-7,1.7150406886271262e-7,1.371234449841136e-7,9.922403900839579e-8,5.893522497438961e-8,2.442116436629425e-8,5.4901693375577635e-9,8.23854625478474e-15
3.6738129662501606e-14,0.07211526640330834,0.15077469415292655,0.23728949664015747,0.33165931732712856,0.4338831717936797,0.5439610390866004,0.6618930480540879,0.7876792711354302,0.9213197911150538,1.0628151217589554,1.2101845970653478,1.3527213174497394,1.4765084800493766,1.5755527907524751,1.649051411979986,1.6970039966423334,1.7194108646366244,1.7162721483674244,1.6875878919542466,1.6333581271989859,1.5535828730850234,1.4482621364623094,1.3173959152920522,1.1609841986984992,0.9790269630354137,0.7715241536503692,0.5384757018175349,0.279881635189524,-1.3781175973908863e-14
1.708140854070134e-14,0.5058611058120853,0.9787171549647365,1.4119675901509785,1.8056119733419709,2.159650200525677,2.4740825146219314,2.7489090641617575,2.9841298407527015,3.1797448603969416,3.335754140445647,3.452207255047232,3.5299998847611826,3.572615785835971,3.5833397457406324,3.5628191140374565,3.5110536526448484,3.4280429338652807,3.313787001041097,3.168285863714859,2.99153952034131,2.783547976461158,2.5443112393497267,2.273829315812326,1.9721022182660402,1.639129990859031,1.274912829324508,0.8794509871134805,0.45274432816607435,-3.605758694879932e-15
3.053243619649009e-15,1.2322926649554525e-7,5.095056117165789e-7,5.753777879501454e-7,5.845607687319992e-7,6.809104838089508e-7,7.652476448887085e-7,7.798898516960551e-7,7.398782309175397e-7,6.503321084878333e-7,4.4114751021609613e-7,1.4546540678043017e-7,-9.109171860148834e-8,-2.4145910026924696e-7,-3.6861079264089205e-7,-4.44087260788286e-7,-4.4000698348678724e-7,-4.1300337057856215e-7,-3.8278102133178867e-7,-3.585062531079076e-7,-3.457652918706887e-7,-3.458526194179664e-7,-3.580457006103678e-7,-3.818554041923593e-7,-4.1792724579021053e-7,-4.617789252166396e-7,-4.5590535404991723e-7,-3.1773791557512197e-7,-1.3302912160300078e-7,-2.3776147705982948e-14
6.6825339945695e-14,0.0030707728531980025,0.012621649479563976,0.02929212622470311,0.053759358102097164,0.08670045154783054,0.12879248824475592,0.18071254613082932,0.2431377053480862,0.31674505368495925,0.40221169637610554,0.5001578511912763,0.6107253386726067,0.7328469081214852,0.8645848219737685,1.0037599099285675,1.1481699400175327,1.295612695187841,1.443885969906626,1.5907875647722294,1.734115283537184,1.8716669312702072,2.001240312929888,2.120633232140962,2.2276434900806397,2.3200688844458983,2.3957072086530236,2.452356251735223,2.4878137995313128,2.500000000000027
1.3549457034525262e-14,0.021994016575575415,0.08626897576615788,0.18960026981613365,0.32857357502854573,0.49977457840737366,0.6997889768259495,0.9252024721540895,1.1726007679489934,1.4385695665104588,1.7196945666751042,2.0125628945196548,2.3137917114277764,2.6201726539015464,2.928843445432803,3.2370919763891597,3.54222471961219,3.841548136064697,4.132368680851545,4.411992806765178,4.677726965445096,4.926877607712455,5.156751183547062,5.364654142021892,5.547892931779818,5.70377400296958,5.829603811515503,5.922688823956633,5.980335515277878,6.000000000000006
1.0992567097393267e-15,-2.382462246639535e-8,-3.712491493625618e-8,-1.589040922624053e-8,4.617903316713275e-8,1.51887673680366e-7,2.9982702569382995e-7,4.860754232071116e-7,7.05377771977707e-7,9.511891643538212e-7,1.2144443393175886e-6,1.4813978809584507e-6,1.7340938778408693e-6,1.9568807211464767e-6,2.138553016837646e-6,2.27220895935744e-6,2.3519834300589572e-6,2.3716895093801794e-6,2.326282716862626e-6,2.2134864187692975e-6,2.0349613809428024e-6,1.7971695358123396e-6,1.5119274595056372e-6,1.196515460229801e-6,8.731599755282209e-7,5.677600210662456e-7,3.079584265790988e-7,1.201716926397191e-7,2.153777399233059e-8,-1.1031634386011064e-15
3.868734222060991e-14,0.07211467225227156,0.15077471286954217,0.23728957359152497,0.33165925282199615,0.4338831363586944,0.5439611307010493,0.661893232318787,0.7876794952131639,0.9213200497061587,1.062815193731943,1.2101845285817678,1.3527214438577473,1.4765088771584587,1.5755530663886206,1.6490513201737587,1.6970037608396833,1.7194105634905266,1.7162718253388571,1.6875875966908886,1.633357902241097,1.5535827484744453,1.4482621267273472,1.3173960149185922,1.160984378444686,0.9790271715148087,0.7715243418155336,0.5384758428921812,0.27988164918091296,-1.9681917599915926e-14
9.60431436727784e-15,0.5058607673184333,0.9787172873729798,1.4119676959547929,1.8056119831325788,2.15965031048359,2.474082757476224,2.7489093619907297,2.9841301256363586,3.1797450190592293,3.3357539937893788,3.452206820497651,3.5299993616074583,3.572615359557326,3.583339543533098,3.5628188888729087,3.511053242410861,3.4280424981849618,3.3137866159714346,3.1682855782988093,2.9915393746820467,2.7835479959318277,2.544311431533065,2.273829671898747,1.9721027193666854,1.6391306116093232,1.2749134489936211,0.8794513627619289,0.45274439088601365,5.486459643670166e-16
7.998847746488367e-15,-3.3137086744700804e-7,3.3538009849768267e-8,4.7332991829604165e-7,9.721201804009917e-7,1.4768671197114594e-6,1.947361963765121e-6,2.3634192020224503e-6,2.712127704609778e-6,2.9740286907135007e-6,3.1072746087998093e-6,3.0481367593823533e-6,2.7839828571603763e-6,2.3627352278146948e-6,1.8402548603538803e-6,1.2496686260289107e-6,5.884496366830177e-7,-1.4154339580171074e-7,-9.166602218763611e-7,-1.6972826034945573e-6,-2.4321911706075345e-6,-3.0617795409850353e-6,-3.5222704156750464e-6,-3.751899895182186e-6,-3.699237699939974e-6,-3.331837827564888e-6,-2.6424241202143e-6,-1.6745387367979312e-6,-6.268588515344394e-7,-5.3089753010386014e-15
3.221019019186172e-14,0.003070808860703497,0.01262177971580341,0.02929235178022443,0.05375962628462394,0.08670070570049264,0.1287926930679991,0.1807126881759565,0.24313778786187215,0.3167450916630045,0.4022117099078996,0.5001578492284221,0.6107253027451652,0.7328468182122004,0.8645846676993098,1.0037596966068008,1.148169686359008,1.2956124251287522,1.4438857066468405,1.5907873274999014,1.7341150855311636,1.8716667789665555,2.0012402059566523,2.1206331642989507,2.227643451114805,2.320068862410476,2.3957071929480884,2.4523562372114633,2.4878137902803332,2.5000000000000138
2.0148360715794835e-15,0.021994031208865856,0.08626896868541242,0.18960023371583837,0.32857351842284566,0.4997745042397728,0.6997888884265994,0.9252023742509281,1.172600664931988,1.4385694628710761,1.7196944693949618,2.012562815330311,2.3137916667521323,2.6201726617987906,2.9288435150612124,3.2370921038207836,3.542224891834136,3.8415483361407357,4.132368890828272,4.411993009249633,4.677727144777228,4.9268777510537145,5.156751282124768,5.364654192670661,5.547892938550588,5.703773977875274,5.829603772598604,5.92268878969342,5.980335499043615,6.0
-9.841768490945418e-17,4.9691905848725136e-9,2.7740281266444665e-8,5.086375857262774e-8,7.604763315576414e-8,1.0977210822153783e-7,1.5035340258124986e-7,1.9398363416318256e-7,2.3758694000002132e-7,2.782696986186766e-7,3.118923042939379e-7,3.322939742594875e-7,3.3531842395225187e-7,3.229191713208132e-7,2.9900394940772714e-7,2.682017288182248e-7,2.3473054489180295e-7,2.013565358326204e-7,1.6968525582295103e-7,1.406222465409689e-7,1.1461457115354844e-7,9.174712046634552e-8,7.177840910734456e-8,5.418623327416941e-8,3.829669630619504e-8,2.3601819546706398e-8,1.0422000817563887e-8,8.012048521936611e-10,-2.06564280840443e-9,1.0029517987114014e-16
2.041637372010404e-14,0.07211549834756002,0.1507759407162108,0.23729043238450775,0.33165939033825015,0.43388272268532535,0.5439604429793887,0.6618924955407667,0.7876788736818819,0.9213196510786579,1.0628150092031579,1.2101842753835144,1.3527209199988517,1.476508165256383,1.5755523193796108,1.6490507253571483,1.6970034285492208,1.7194105130098116,1.7162720254280084,1.687587987794049,1.633358408570137,1.5535832889648662,1.4482626263773242,1.317396415093086,1.160984644753957,0.9790273001720995,0.7715243703558291,0.5384758614788997,0.2798817708906714,-1.2797643537013457e-14
1.3052443585631075e-15,0.5058608004602124,0.9787169084049627,1.411967413159925,1.805611769815313,2.1596501218090007,2.4740826190765555,2.7489092782701925,2.984130090227393,3.1797450447986075,3.335754125886897,3.4522071172324695,3.5299998732100732,3.572616047027829,3.5833402598321467,3.562819496006219,3.511053667837934,3.4280427173736414,3.31378662766076,3.168285396170313,2.9915390250790894,2.78354751829288,2.544310881441349,2.273829124209169,1.9721022653384221,1.6391303395557033,1.2749134013078196,0.8794515064826491,0.4527446530461633,-7.185155314567313e-16
-2.1147823353382805e-15,1.6849798364867678e-7,2.91370461312277e-7,2.6315132379376157e-7,3.37120276701437e-7,4.3837832730086727e-7,4.952073840008554e-7,5.113534358480178e-7,4.951061750392553e-7,4.4137711094268827e-7,3.252122663200215e-7,1.3781882753353513e-7,-6.125839633282063e-8,-2.190281640273472e-7,-3.263724375549341e-7,-3.796488576925385e-7,-3.917463778300572e-7,-3.795781121233629e-7,-3.535169948654784e-7,-3.1990693334841403e-7,-2.833148508194629e-7,-2.476877992458772e-7,-2.1663213619800117e-7,-1.9290227099249978e-7,-1.7692212263159744e-7,-1.637465697871167e-7,-1.3813073230577928e-7,-7.719162110579392e-8,1.232749215428402e-8,1.8725136669810927e-15
6.6847097017646e-14,0.0030707728920767712,0.012621649632321328,0.029292126532055904,0.05375935858353052,0.08670045219825687,0.1287924890303812,0.1807125469885528,0.24313770618590175,0.31674505438343853,0.4022116967915287,0.5001578511701488,0.6107253381226104,0.7328469071069712,0.8645848206193214,1.0037599083505564,1.1481699383151367,1.2956126934453023,1.4438859681952128,1.590787563151443,1.7341152820553023,1.871666929964528,2.0012403118266673,2.1206332312550042,2.2276434894146155,2.3200688839895545,2.3957072083823827,2.4523562516118016,2.487813799501563,2.500000000000027
1.3520881625668568e-14,0.02199401653922434,0.0862689756436198,0.18960026957403547,0.32857357464386044,0.4997745778693909,0.6997889761384494,0.9252024713363383,1.1726007670360366,1.4385695655529656,1.7196945657388638,2.012562893681152,2.3137917107456816,2.620172653373613,2.9288434450322685,3.2370919760920613,3.5422247193999454,3.841548135922176,4.132368680765919,4.411992806725256,4.677726965440953,4.9268776077351335,5.156751183588295,5.364654142073685,5.547892931834213,5.703774003018739,5.82960381155259,5.922688823977781,5.980335515284415,6.000000000000007
1.1005449585000674e-15,-2.383197046318152e-8,-3.713734498190244e-8,-1.589723068259807e-8,4.6190329255678524e-8,1.5193004650896303e-7,2.999126650498465e-7,4.862149803395895e-7,7.055800622422951e-7,9.514607474014235e-7,1.2147889404803428e-6,1.4818157352079633e-6,1.7345810471886453e-6,1.9574288070268244e-6,2.139150489664459e-6,2.2728421580065415e-6,2.3526368524515312e-6,2.372345992784711e-6,2.326923906024306e-6,2.2140935897284907e-6,2.0355165359578107e-6,1.797656750761911e-6,1.5123343064630425e-6,1.1968345341336479e-6,8.733902287803058e-7,5.679076341716481e-7,3.080370015955288e-7,1.2020141708183276e-7,2.1542628376713324e-8,-1.1044544437686919e-15
3.8689600317847804e-14,0.0721146731765939,0.15077471448820215,0.2372895755354553,0.3316592548655355,0.4338831381795604,0.5439611319599224,0.6618932326763677,0.787679494340189,0.9213200472987808,1.062815189535168,1.2101845227339272,1.3527214378492933,1.4765088724702677,1.575553063154962,1.649051318186897,1.6970037599121668,1.7194105634618981,1.7162718260670944,1.687587598043557,1.633357904089894,1.5535827506923157,1.4482621291844677,1.3173960174785422,1.1609843809622062,0.9790271738353525,0.7715243437751848,0.5384758443187341,0.27988164989804043,-1.9708791080435157e-14
9.567835141938084e-15,0.5058607665558372,0.978717286159027,1.411967694413198,1.8056119813901907,2.159650308697959,2.4740827558231833,2.7489093606525903,2.9841301247960708,3.1797450188954977,3.3357539944743224,3.452206822062471,3.5299993635074784,3.5726153612002416,3.5833395448597187,3.56281888995658,3.5110532433021007,3.4280424989156377,3.3137866165637413,3.168285578769249,2.9915393750434984,2.783547996194097,2.5443114317017193,2.2738296719751037,1.9721027193506522,1.6391306115053528,1.2749134488231693,0.8794513625729419,0.45274439074925726,5.134986746216688e-16
7.944532041761994e-15,-3.3147839931393086e-7,3.353557206584605e-8,4.734655242651565e-7,9.72405864368394e-7,1.4773007391693344e-6,1.947928948028756e-6,2.3640996602761632e-6,2.7128983398241223e-6,2.9748601949997283e-6,3.1081303770460895e-6,3.0489724205594753e-6,2.784745816712192e-6,2.3633797892806525e-6,1.8407522162706077e-6,1.2499965660637851e-6,5.88587565118311e-7,-1.416127397337113e-7,-9.169464901508369e-7,-1.6977842590997327e-6,-2.43289226828164e-6,-3.062647963745737e-6,-3.523256747561372e-6,-3.7529374532891854e-6,-3.7002465959683127e-6,-3.3327315210840123e-6,-2.6431188519085534e-6,-1.674968641782195e-6,-6.270099775195717e-7,-5.2515069543173085e-15
6.043651339702458e-14,0.0030708197763612936,0.012621717144235772,0.029292185693451225,0.05375941802530156,0.08670051701218126,0.12879255126007658,0.18071259664876427,0.24313773807293396,0.3167450658194312,0.4022116911429068,0.5001578500645212,0.6107253362595328,0.7328468837019497,0.8645847629252418,1.0037598454561356,1.1481698906295381,1.2956126692322396,1.4438859711998338,1.5907875929975503,1.7341153343506202,1.8716669971927564,2.0012403845416546,2.1206332996052812,2.227643545051421,2.320068922099789,2.3957072288170087,2.4523562574872075,2.487813797502448,2.50000000000002
2.8102722741253175e-14,0.02199404725081776,0.08626901099967184,0.18960029219375946,0.3285735943170411,0.49977459379139044,0.6997889765403082,0.9252024481874724,1.172600718467541,1.4385694967670175,1.7196944949169215,2.01256284930751,2.313791708439637,2.6201726930717952,2.928843511857411,3.2370920571858495,3.5422248292663197,3.8415482828267358,4.132368863323173,4.411993018450543,4.6777271959628095,4.9268778438106775,5.1567514105494885,5.364654345320877,5.547893098028392,5.703774120704792,5.829603874308932,5.922688841923246,5.980335515352781,6.000000000000022
-8.243796965562627e-15,-1.3594313512824653e-9,2.8805881432208933e-8,7.728059608025656e-8,1.263821511097589e-7,1.805765613762166e-7,2.4344203637760855e-7,3.1052088077776214e-7,3.7634397887548507e-7,4.366717526237418e-7,4.850416629454223e-7,5.102560992264567e-7,5.118314527576502e-7,4.970379795128668e-7,4.708773501130291e-7,4.3497704909266687e-7,3.9660189620097184e-7,3.597745614382238e-7,3.2548563770998216e-7,2.9360228977704624e-7,2.6333463257649527e-7,2.3360720095178844e-7,2.033426343919411e-7,1.7152580295093024e-7,1.371372297602237e-7,9.923096921315105e-8,5.89377315567144e-8,2.442147323499095e-8,5.4901316872965726e-9,8.23690032067464e-15
3.653996827399348e-14,0.07211526585818273,0.15077469316762504,0.23728949537566177,0.3316593159802598,0.43388317058435755,0.5439610382416132,0.6618930477914446,0.7876792716695024,0.9213197926599848,1.062815124517348,1.2101846009940271,1.3527213215643317,1.4765084833331708,1.575552793071942,1.6490514134280965,1.6970039973288085,1.7194108646686153,1.7162721478463345,1.687587890982029,1.6333581258760137,1.5535828715101772,1.448262134734455,1.3173959135111584,1.1609841969642538,0.9790269614444539,0.7715241523044782,0.5384757008242187,0.279881634656529,-1.46573745512884e-14
1.5510718276170085e-14,0.5058611066021103,0.9787171563659612,1.411967591942815,1.8056119753015285,2.159650202442828,2.474082516291053,2.7489090653709325,2.984129841287543,3.179744860042189,3.3357541389780643,3.452207252451656,3.52999988180308,3.5726157833309573,3.583339743808529,3.5628191125980417,3.5110536516215025,3.428042933209978,3.3137870007081127,3.1682858636575184,2.9915395205133084,2.783547976815044,2.5443112398371044,2.2738293163865313,1.9721022188785002,1.6391299914564987,1.2749128298560863,0.8794509875205156,0.45274432838777884,-5.0036485413565704e-15
5.586416409050766e-16,1.2323347630189433e-7,5.095131547709522e-7,5.753878597476804e-7,5.845905942608012e-7,6.809503722146452e-7,7.652929624766532e-7,7.799411575251416e-7,7.399311011146164e-7,6.503859059378356e-7,4.412058430838878e-7,1.455271802455461e-7,-9.102864643173445e-8,-2.414018922180716e-7,-3.685652518418173e-7,-4.440561372021423e-7,-4.3999461694783964e-7,-4.1301054882030773e-7,-3.8280752811366113e-7,-3.5855289844440316e-7,-3.4583432375177274e-7,-3.459373262410635e-7,-3.581362978085877e-7,-3.81948484674407e-7,-4.180161601012412e-7,-4.6184537070837626e-7,-4.5594314584229556e-7,-3.1775073321265695e-7,-1.330286070070949e-7,-2.1277422095620915e-14
6.679426975496747e-14,0.0030707728504791292,0.012621649479177207,0.029292126223030304,0.05375935810165429,0.08670045155303437,0.12879248825724596,0.18071254614885046,0.2431377053670824,0.31674505369912315,0.4022116963817884,0.5001578511918493,0.6107253386786514,0.7328469081420842,0.864584822014002,1.0037599099880425,1.148169940091144,1.295612695268357,1.4438859699868014,1.590787564846116,1.7341152836007672,1.871666931321648,2.001240312969417,2.120633232170413,2.2276434901027056,2.320068884463258,2.395707208667396,2.452356251746529,2.487813799537132,2.500000000000027
1.379446940454416e-14,0.021994016570526104,0.08626897576215681,0.1896002698216354,0.32857357504621687,0.49977457843601847,0.6997889768628573,0.9252024721960682,1.1726007679928168,1.4385695665526534,1.7196945667113839,2.0125628945445717,2.3137917114354924,2.620172653887044,2.928843445394029,3.2370919763287582,3.542224719536211,3.8415481359804398,4.132368680766345,4.4119928066856815,4.677726965376827,4.926877607659488,5.156751183511675,5.364654142004109,5.547892931777124,5.70377400297698,5.829603811526443,5.922688823965159,5.9803355152811015,6.000000000000006
1.1006576012687694e-15,-2.3832669401088404e-8,-3.7137825602308815e-8,-1.589620748135723e-8,4.61943036631199e-8,1.519384831927177e-7,2.999269122379431e-7,4.862362436823152e-7,7.056092606186418e-7,9.514985438318703e-7,1.214835689695635e-6,1.481871392869679e-6,1.7346450497213122e-6,1.9575000961191854e-6,2.139227599251164e-6,2.2729233592410516e-6,2.352720201365426e-6,2.3724293297892953e-6,2.32700493423849e-6,2.2141699794722467e-6,2.035586082726344e-6,1.7977174898623322e-6,1.5123847735458541e-6,1.196873928681803e-6,8.734185490352749e-7,5.679257215046685e-7,3.0804658694450125e-7,1.202050196597591e-7,2.154320071708325e-8,-1.1045676233682207e-15
3.872994685430307e-14,0.07211467224526025,0.15077471288412758,0.23728957357659972,0.3316592528651598,0.43388313644027093,0.5439611307816449,0.6618932323608703,0.7876794951906512,0.9213200496198944,1.0628151936362011,1.2101845285780373,1.352721443981013,1.4765088773660215,1.5755530666248574,1.64905132037413,1.6970037609634963,1.7194105635271175,1.7162718252971134,1.6875875965905736,1.633357902106687,1.5535827483312719,1.4482621265973588,1.3173960148164503,1.1609843783755016,0.9790271714729141,0.7715243417845576,0.5384758428472955,0.2798816490937679,-1.9532777200583172e-14
9.884440742012449e-15,0.5058607672658862,0.9787172874438909,1.4119676960908527,1.8056119832716095,2.1596503105967715,2.474082757553883,2.7489093620309184,2.984130125638578,3.179745019017653,3.3357539936909184,3.452206820331766,3.529999361375404,3.572615359279579,3.5833395432582553,3.562818888652781,3.5110532422715397,3.4280424981322044,3.3137866160008618,3.1682855783994985,2.9915393748390104,2.7835479961264666,2.5443114317418294,2.2738296720933944,1.972102719517044,1.6391306116895985,1.2749134489964802,0.8794513627093479,0.4527443908249635,7.949709928149623e-16
8.447965609384868e-15,-3.3148516228437584e-7,3.3545900390461585e-8,4.734909054183741e-7,9.72449047633455e-7,1.477360615618793e-6,1.9480037527413028e-6,2.3641869339695996e-6,2.7129947430789784e-6,2.9749626608843155e-6,3.108234881570616e-6,3.0490735098622547e-6,2.784837372068503e-6,2.363456453183019e-6,1.840810131941846e-6,1.2500331830673614e-6,5.886003123580366e-7,-1.4162601847220256e-7,-9.169868806382599e-7,-1.6978511807702511e-6,-2.4329837441120114e-6,-3.062759780075207e-6,-3.52338197785471e-6,-3.7530675049972796e-6,-3.7003718673487623e-6,-3.332841872843617e-6,-2.6432041464949696e-6,-1.6750211789285571e-6,-6.270281854130972e-7,-5.754665161747026e-15
3.2178377198665737e-14,0.0030708088623279542,0.01262177971905059,0.029292351782814575,0.05375962628521643,0.08670070569857107,0.12879269306354152,0.18071268816949185,0.2431377878542148,0.3167450916553274,0.40221170990247623,0.5001578492289158,0.6107253027549059,0.7328468182309505,0.8645846677254089,1.003759696638503,1.1481696863943907,1.2956124251659626,1.443885706684273,1.590787327536178,1.7341150855651608,1.8716667789974046,2.001240205983674,2.120633164321659,2.2276434511329417,2.320068862423987,2.3957071929570875,2.4523562372163457,2.487813790281951,2.500000000000014
2.1908542895143265e-15,0.02199403120891436,0.0862689686868308,0.18960023372164103,0.32857351843467697,0.4997745042577979,0.6997888884499939,0.9252023742782172,1.1726006649611878,1.4385694628998302,1.7196944694206133,2.012562815350112,2.313791666764233,2.6201726618034558,2.928843515059734,3.2370921038148985,3.542224891825799,3.8415483361316896,4.132368890819937,4.411993009243058,4.677727144773116,4.9268777510523565,5.156751282125948,5.364654192673717,5.54789293855467,5.70377397787931,5.82960377260169,5.922688789695134,5.980335499044146,6.000000000000001
-9.811541075329478e-17,4.971226180652314e-9,2.774964186060966e-8,5.088448580820577e-8,7.608291394039424e-8,1.0982427166054221e-7,1.5042366838219255e-7,1.94071945278069e-7,2.376919599066782e-7,2.783887719892403e-7,3.1202134546104985e-7,3.324276215743069e-7,3.3545067462167286e-7,3.2304483231007273e-7,2.9911909171380465e-7,2.683036218791132e-7,2.348175449784307e-7,2.0142797982828292e-7,1.6974142591442468e-7,1.4066408436523913e-7,1.1464330310235082e-7,9.176438541014697e-8,7.178642378701069e-8,5.418744250530088e-8,3.8293670786877064e-8,2.3596902908324137e-8,1.0417055626189863e-8,7.976221122873472e-10,-2.067111826295018e-9,9.999306880543131e-17
2.0443868606009792e-14,0.0721154983742649,0.1507759407223966,0.2372904323666686,0.3316593903110412,0.4338827226549938,0.5439604429521836,0.6618924955218193,0.7876788736735265,0.9213196510888352,1.0628150092485382,1.210184275476153,1.352720920110635,1.4765081653519334,1.5755523194548902,1.649050725411205,1.6970034285807731,1.7194105130212203,1.7162720254221413,1.687587987773607,1.6333584085382271,1.553583288924056,1.4482626263296965,1.3173964150411137,1.160984644700271,0.979027300118727,0.7715243703050025,0.5384758614352848,0.27988177085910176,-1.2685338122604903e-14
1.509033348192786e-15,0.5058608004642907,0.9787169084379912,1.4119674132239652,1.805611769888487,2.1596501218776,2.4740826191313716,2.748909278304713,2.9841300902365147,3.1797450447785454,3.3357541258345194,3.4522071171504685,3.529999873118848,3.572616046947956,3.5833402597702726,3.5628194959664525,3.5110536678202076,3.428042717374336,3.313786627675773,3.168285396195494,2.991539025110239,2.783547518324592,2.544310881467509,2.273829124226394,1.972102265344257,1.6391303395492223,1.2749134012931749,0.8794515064668492,0.4527446530352224,-5.375586239903718e-16
-1.7910282820953184e-15,1.6855159274914219e-7,2.9148177424094857e-7,2.633029320114673e-7,3.37304554621331e-7,4.3858358763983904e-7,4.954195431265979e-7,5.115574791698958e-7,4.952872867624489e-7,4.415191487065421e-7,3.2529894531586607e-7,1.378372486470231e-7,-6.130706810139325e-8,-2.191298220842969e-7,-3.265125043872139e-7,-3.79814055120675e-7,-3.919248691198494e-7,-3.797585747688236e-7,-3.536895348273498e-7,-3.2006660448972565e-7,-2.834584734533324e-7,-2.478087736911999e-7,-2.167255762699919e-7,-1.9296627491517407e-7,-1.769568659652365e-7,-1.6375677301162285e-7,-1.3812197946131701e-7,-7.717000811997022e-8,1.2353258942291772e-8,1.5495162193671895e-15
