4.548356541724779e-11,1.1507437551342491e-11,1.1072707278510752e-11,1.0562602406326064e-11,9.988028229446748e-12,9.35670707513693e-12,8.686854670936153e-12,8.018047094925863e-12,7.418423084360493e-12,6.980930012216532e-12,6.802033154049799e-12,6.980561281677122e-12,7.918018884922853e-12,2.5386792214738092e-12,2.9736236458542376e-13,-2.2133662665048395e-12,-7.084397716960536e-12,-5.831826882147285e-12,-5.459140550465276e-12,-5.612016351353536e-12,-6.090710295062855e-12,-6.743648431304644e-12,-7.452149691144036e-12,-8.126633324074464e-12,-8.702996007642304e-12,-9.13952819290481e-12,-9.420131621744576e-12,-9.575441407159107e-12,-9.749357174271167e-12
1.700484469139528e-11,5.773392245309008e-12,5.080782293679252e-12,4.5085563503606865e-12,4.165568126712179e-12,3.9543388241011516e-12,3.6867373800757024e-12,3.1040785274296982e-12,1.836027474617135e-12,-7.348858501133221e-13,-5.791782612961275e-12,-1.501060321031296e-11,-2.1864631066008845e-11,2.2384836526459965e-11,6.991786951869474e-11,2.0120103767575014e-11,-2.3870328186710403e-11,-1.8658297411280562e-11,-9.136245093603387e-12,-3.009121181802772e-12,5.592301231698557e-13,2.6453628769762863e-12,3.916027729536201e-12,4.790405403659003e-12,5.554380923688805e-12,6.400218063057027e-12,7.403550701138678e-12,8.400760906359692e-12,8.57290488051694e-12
4.056342883638488e-11,1.0845535584948728e-11,1.0422505922302404e-11,9.85104482050573e-12,9.15463286044469e-12,8.36295283916048e-12,7.514213098771298e-12,6.66366245279774e-12,5.890122242509931e-12,5.294403109002015e-12,4.9900606295876735e-12,5.132773352940398e-12,6.2755107915509024e-12,4.782687526520614e-13,-1.7735658306079827e-12,-4.375221267280936e-12,-9.260573439606639e-12,-8.618021430932947e-12,-8.699884026289364e-12,-9.207673498219372e-12,-9.97503173310055e-12,-1.0868859954933615e-11,-1.1785077749932434e-11,-1.2648921319455707e-11,-1.341014123520376e-11,-1.4036193074411058e-11,-1.4508699171784545e-11,-1.4830597638925644e-11,-1.5063334033553418e-11
1.1317277317015166e-11,2.3189624000227368e-12,1.784050767835783e-12,1.3248467559003388e-12,8.895681703014973e-13,4.581065158135856e-13,2.7274178751085505e-14,-3.9739674101403216e-13,-8.089365102103794e-13,-1.2041853731346404e-12,-1.5842965800278223e-12,-1.9581411532856735e-12,-2.3988622113909057e-12,-2.426056292857169e-12,-2.3804726334376774e-12,-2.2566342575244455e-12,-1.8020302225282358e-12,-1.4891086814160252e-12,-1.1861125984137355e-12,-8.400706206217411e-13,-4.568263057820105e-13,-5.636611864284683e-14,3.4922582238637975e-13,7.560395459644067e-13,1.1641347541972878e-12,1.5769774309565255e-12,2.005800809286229e-12,2.4809609217082676e-12,3.1016028638406244e-12
1.3275808589995057e-11,2.855616275707065e-12,2.7445037533958543e-12,2.7021437949763017e-12,2.6381118574260344e-12,2.5278906039678057e-12,2.368693576480562e-12,2.1627665971475567e-12,1.9135613595669425e-12,1.6331538814213976e-12,1.3553787306078157e-12,1.141054491416795e-12,1.11192846128341e-12,6.159431189236321e-13,1.7112072931470408e-13,-1.853723310981593e-13,-2.863858315229602e-13,-6.806111680352808e-13,-1.1943853952798004e-12,-1.7161945566050394e-12,-2.189560273856073e-12,-2.588962716835164e-12,-2.9084445157167647e-12,-3.1504541739414554e-12,-3.3221075907138932e-12,-3.444462485001429e-12,-3.572605120368452e-12,-3.822482500923175e-12,-4.357990218274673e-12
1.1267976301890286e-10,2.8742589492556723e-11,2.76359721731925e-11,2.6669825985102367e-11,2.5842215686648007e-11,2.5116961206507885e-11,2.4471556000473416e-11,2.3898134277426085e-11,2.3396440520302507e-11,2.296460208747532e-11,2.2587150447305512e-11,2.221705235467668e-11,2.172832129079283e-11,2.1677603745402492e-11,2.1699750556599835e-11,2.181965811008892e-11,2.2273786057611377e-11,2.2633364051182796e-11,2.3015414777321397e-11,2.346605931209312e-11,2.3991352159637497e-11,2.4583859885341115e-11,2.523195167305547e-11,2.5925435531115704e-11,2.6660598363605925e-11,2.744166560874198e-11,2.8269191881574437e-11,2.907028104189468e-11,2.9392446929537995e-11
4.548356541724779e-11,1.1507437551342491e-11,1.1072707278510752e-11,1.0562602406326064e-11,9.988028229446748e-12,9.35670707513693e-12,8.686854670936153e-12,8.018047094925863e-12,7.418423084360493e-12,6.980930012216532e-12,6.802033154049799e-12,6.980561281677122e-12,7.918018884922853e-12,2.5386792214738092e-12,2.9736236458542376e-13,-2.2133662665048395e-12,-7.084397716960536e-12,-5.831826882147285e-12,-5.459140550465276e-12,-5.612016351353536e-12,-6.090710295062855e-12,-6.743648431304644e-12,-7.452149691144036e-12,-8.126633324074464e-12,-8.702996007642304e-12,-9.13952819290481e-12,-9.420131621744576e-12,-9.575441407159107e-12,-9.749357174271167e-12
1.700484469139528e-11,5.773392245309008e-12,5.080782293679252e-12,4.5085563503606865e-12,4.165568126712179e-12,3.9543388241011516e-12,3.6867373800757024e-12,3.1040785274296982e-12,1.836027474617135e-12,-7.348858501133221e-13,-5.791782612961275e-12,-1.501060321031296e-11,-2.1864631066008845e-11,2.2384836526459965e-11,6.991786951869474e-11,2.0120103767575014e-11,-2.3870328186710403e-11,-1.8658297411280562e-11,-9.136245093603387e-12,-3.009121181802772e-12,5.592301231698557e-13,2.6453628769762863e-12,3.916027729536201e-12,4.790405403659003e-12,5.554380923688805e-12,6.400218063057027e-12,7.403550701138678e-12,8.400760906359692e-12,8.57290488051694e-12
4.056342883638488e-11,1.0845535584948728e-11,1.0422505922302404e-11,9.85104482050573e-12,9.15463286044469e-12,8.36295283916048e-12,7.514213098771298e-12,6.66366245279774e-12,5.890122242509931e-12,5.294403109002015e-12,4.9900606295876735e-12,5.132773352940398e-12,6.2755107915509024e-12,4.782687526520614e-13,-1.7735658306079827e-12,-4.375221267280936e-12,-9.260573439606639e-12,-8.618021430932947e-12,-8.699884026289364e-12,-9.207673498219372e-12,-9.97503173310055e-12,-1.0868859954933615e-11,-1.1785077749932434e-11,-1.2648921319455707e-11,-1.341014123520376e-11,-1.4036193074411058e-11,-1.4508699171784545e-11,-1.4830597638925644e-11,-1.5063334033553418e-11
1.1317277317015166e-11,2.3189624000227368e-12,1.784050767835783e-12,1.3248467559003388e-12,8.895681703014973e-13,4.581065158135856e-13,2.7274178751085505e-14,-3.9739674101403216e-13,-8.089365102103794e-13,-1.2041853731346404e-12,-1.5842965800278223e-12,-1.9581411532856735e-12,-2.3988622113909057e-12,-2.426056292857169e-12,-2.3804726334376774e-12,-2.2566342575244455e-12,-1.8020302225282358e-12,-1.4891086814160252e-12,-1.1861125984137355e-12,-8.400706206217411e-13,-4.568263057820105e-13,-5.636611864284683e-14,3.4922582238637975e-13,7.560395459644067e-13,1.1641347541972878e-12,1.5769774309565255e-12,2.005800809286229e-12,2.4809609217082676e-12,3.1016028638406244e-12
1.3275808589995057e-11,2.855616275707065e-12,2.7445037533958543e-12,2.7021437949763017e-12,2.6381118574260344e-12,2.5278906039678057e-12,2.368693576480562e-12,2.1627665971475567e-12,1.9135613595669425e-12,1.6331538814213976e-12,1.3553787306078157e-12,1.141054491416795e-12,1.11192846128341e-12,6.159431189236321e-13,1.7112072931470408e-13,-1.853723310981593e-13,-2.863858315229602e-13,-6.806111680352808e-13,-1.1943853952798004e-12,-1.7161945566050394e-12,-2.189560273856073e-12,-2.588962716835164e-12,-2.9084445157167647e-12,-3.1504541739414554e-12,-3.3221075907138932e-12,-3.444462485001429e-12,-3.572605120368452e-12,-3.822482500923175e-12,-4.357990218274673e-12
1.1267976301890286e-10,2.8742589492556723e-11,2.76359721731925e-11,2.6669825985102367e-11,2.5842215686648007e-11,2.5116961206507885e-11,2.4471556000473416e-11,2.3898134277426085e-11,2.3396440520302507e-11,2.296460208747532e-11,2.2587150447305512e-11,2.221705235467668e-11,2.172832129079283e-11,2.1677603745402492e-11,2.1699750556599835e-11,2.181965811008892e-11,2.2273786057611377e-11,2.2633364051182796e-11,2.3015414777321397e-11,2.346605931209312e-11,2.3991352159637497e-11,2.4583859885341115e-11,2.523195167305547e-11,2.5925435531115704e-11,2.6660598363605925e-11,2.744166560874198e-11,2.8269191881574437e-11,2.907028104189468e-11,2.9392446929537995e-11
9.881479662336321e-12,2.41521860769509e-12,2.2660277414789198e-12,2.0982103985499488e-12,1.919940376711245e-12,1.7401552806814368e-12,1.5703563229991126e-12,1.423664683651568e-12,1.3117376022736502e-12,1.2400828800755414e-12,1.2071065952812389e-12,1.2364493558231628e-12,1.3266484969264232e-12,1.5037952154203464e-12,-6.455147244862487e-13,-1.5674711765380923e-12,-1.2805657710371956e-12,-1.2355455140614972e-12,-1.2019484502635282e-12,-1.268200537323044e-12,-1.3753160362912738e-12,-1.5062763307784059e-12,-1.6530429437424601e-12,-1.8041885816778426e-12,-1.946486918843086e-12,-2.06847486169574e-12,-2.1653656646393686e-12,-2.249879001568713e-12,-2.3817310131639606e-12
2.895545845910563e-12,1.7834834356581119e-12,1.9577583366025835e-12,1.9756352104613717e-12,1.9294377223908266e-12,1.831482874444242e-12,1.6723562933256083e-12,1.4462368235195813e-12,1.163800787622524e-12,8.586636876777692e-13,5.792700531237067e-13,3.3618231209880807e-13,1.645351189184012e-13,4.606066590494968e-14,5.124854613266531e-13,4.501779266814944e-13,6.024089250192433e-13,7.316043580370514e-13,9.579625055217674e-13,1.1895123194825882e-12,1.4412309997540839e-12,1.6981962764700585e-12,1.9435555584318334e-12,2.176140068663512e-12,2.4080782186462724e-12,2.654479517772576e-12,2.9111649919672123e-12,3.1008894798738086e-12,2.9214938131422937e-12
1.1576256336343425e-11,2.3048467129761474e-12,2.1223360164466178e-12,1.91211084175091e-12,1.6844975292198194e-12,1.4544124369475632e-12,1.2383219499948382e-12,1.0526117134114035e-12,9.104020088502293e-13,8.168876996708316e-13,7.692026407879888e-13,7.930674001291791e-13,8.833477261921801e-13,1.064111370912094e-12,-1.136612792930104e-12,-2.059084106050457e-12,-1.798391402809146e-12,-1.7826597211371409e-12,-1.792302746105717e-12,-1.9049002726325055e-12,-2.063355353090861e-12,-2.2492301685775074e-12,-2.452132700032113e-12,-2.659124101314719e-12,-2.856155036273985e-12,-3.030552808325323e-12,-3.1735053031013586e-12,-3.2850230825651308e-12,-3.3905936673800656e-12
1.3004623167315676e-12,6.206082013407714e-13,5.185299146582334e-13,4.363295676382824e-13,3.5516379160193043e-13,2.716499663579257e-13,1.84383257933046e-13,9.236846697212843e-14,-5.70670324395459e-15,-1.1143017019749675e-13,-2.2579999886660303e-13,-3.500588531996318e-13,-4.841894020427201e-13,-6.288383785121324e-13,-5.864208620774313e-13,-4.696455250713559e-13,-3.763548878196363e-13,-2.849783915198123e-13,-2.0087310143914914e-13,-1.2188608959590842e-13,-5.0088034453194587e-14,1.3896041543775751e-14,7.08581638126259e-14,1.2184740195339784e-13,1.682708885258674e-13,2.1250741763005498e-13,2.5863730075363803e-13,3.2379562243893795e-13,4.789124257898318e-13
6.0839748342861924e-12,1.84974198508621e-12,1.6118973892755575e-12,1.385769781117692e-12,1.1654446831675067e-12,9.58119075463822e-13,7.707265940839357e-13,6.088049531771201e-13,4.758553801112414e-13,3.727761170689684e-13,2.9681609836682226e-13,2.438283705075019e-13,2.063478114918907e-13,1.726740534602076e-13,9.13444418527507e-14,1.4649441557448103e-14,-7.09974588138315e-14,-1.6617239842488972e-13,-2.833557523685677e-13,-4.226959899618118e-13,-5.85899447366262e-13,-7.720163389039424e-13,-9.775681447504707e-13,-1.1984668640026627e-12,-1.4306621715716012e-12,-1.6705195941185092e-12,-1.9148459938961743e-12,-2.179609591224755e-12,-2.5066058573229863e-12
2.8665120474471352e-11,8.357078928568868e-12,8.11611020836374e-12,7.879808333054676e-12,7.672579363142503e-12,7.488652606050869e-12,7.318986414337547e-12,7.1559564763526315e-12,6.9933301344590346e-12,6.826257862616567e-12,6.652339708535e-12,6.471107778535631e-12,6.288282907508983e-12,6.1131911984048355e-12,6.156281881115385e-12,6.296579847946719e-12,6.436788872252147e-12,6.597546257755079e-12,6.76610417603607e-12,6.938331640920353e-12,7.112048000700893e-12,7.28740003305631e-12,7.465716353786688e-12,7.648770158143842e-12,7.838908564893177e-12,8.038802990993453e-12,8.246222833103805e-12,8.4264544533075e-12,8.399057776661292e-12
1.5519625621111512e-12,4.3692574610403925e-13,4.15327105894371e-13,3.9090446218670744e-13,3.648367500590863e-13,3.3841792156805556e-13,3.1332291617447783e-13,2.9148731294800425e-13,2.746786600838521e-13,2.638152926987144e-13,2.586817389937851e-13,2.617644012078452e-13,2.7427117884459965e-13,3.094677619344209e-13,2.2302474854993732e-13,-3.132417458637486e-13,-2.7140877474453736e-13,-2.64466901111775e-13,-2.6030347018907585e-13,-2.688273017583393e-13,-2.839349937740849e-13,-3.030063596701525e-13,-3.247964356770195e-13,-3.4752976520684687e-13,-3.691395681617698e-13,-3.877943966335833e-13,-4.026003966368017e-13,-4.1512048187743944e-13,-4.335252222666739e-13
5.531127857378673e-13,3.657562980132719e-13,3.894199779203393e-13,3.9181273494002513e-13,3.8548061769366763e-13,3.7177690856790774e-13,3.490461842061638e-13,3.161870116663158e-13,2.744939035890302e-13,2.28658684526504e-13,1.8588965494186097e-13,1.4909363265384364e-13,1.2197282912536035e-13,9.732941232558077e-14,1.1859927042989447e-13,8.993264054699415e-14,1.123756449258629e-13,1.3236902273994083e-13,1.6520613445789143e-13,2.0123789326575707e-13,2.4024356337698263e-13,2.7990160110234717e-13,3.1754653891533336e-13,3.529459994990157e-13,3.879564908763222e-13,4.2502569208222354e-13,4.640391041488598e-13,4.947841774678576e-13,4.757641914498615e-13
1.761125591357543e-12,3.93740725179291e-13,3.675472327238183e-13,3.371317227500806e-13,3.040151749473596e-13,2.7035857420491066e-13,2.385593518913621e-13,2.1103951732782957e-13,1.898063522457219e-13,1.7577147904883623e-13,1.6855611563399245e-13,1.7085861469486133e-13,1.8353681631636603e-13,2.1995032225193372e-13,1.3058562098449047e-13,-4.0398259475306963e-13,-3.6616466265603774e-13,-3.6379211810652853e-13,-3.661481632567943e-13,-3.818976340990895e-13,-4.0493055643393125e-13,-4.324050917691475e-13,-4.627206808744327e-13,-4.938802813493059e-13,-5.237075669537441e-13,-5.502210545303934e-13,-5.719953356089461e-13,-5.888604649333948e-13,-6.042473316656486e-13
2.8150663669544897e-13,1.534622367735272e-13,1.3103610618073868e-13,1.1142250971070525e-13,9.198094998984757e-14,7.222743546354885e-14,5.1964926573860384e-14,3.105721037380644e-14,9.324032752087223e-15,-1.345658402593832e-14,-3.7422698603735976e-14,-6.269006708130969e-14,-8.961450843403486e-14,-1.1995755866280338e-13,-1.418609360934874e-13,-1.1608699035802003e-13,-9.397073594757409e-14,-7.343788198319681e-14,-5.406727078378473e-14,-3.531640234480673e-14,-1.7463990979460315e-14,-6.242080403237127e-16,1.5297334228974323e-14,3.043197149890916e-14,4.496011009349031e-14,5.919685235539296e-14,7.36817199177762e-14,9.067436156778878e-14,1.1980921012028844e-13
1.0084958178695214e-12,3.6711672555978866e-13,3.2422292667318623e-13,2.831680544666143e-13,2.4292808025284065e-13,2.044542035367558e-13,1.6867978262965532e-13,1.3634704920628315e-13,1.0791474594199807e-13,8.347349035033652e-14,6.257228691318706e-14,4.445232965096241e-14,2.8371880402156006e-14,1.4507133408750835e-14,-1.216097464544688e-15,-1.4688353750301894e-14,-3.040297720765436e-14,-4.832113442219311e-14,-6.905917902940466e-14,-9.259703078827274e-14,-1.1926240727885598e-13,-1.4899703142030452e-13,-1.8134253672480799e-13,-2.1574504697145336e-13,-2.516696746863771e-13,-2.886651592418956e-13,-3.2638785649611674e-13,-3.67444591557985e-13,-4.18770155680969e-13
4.450938265245192e-12,1.2796248556123808e-12,1.2396570390340308e-12,1.2008264672277272e-12,1.166339527196256e-12,1.1352940075591203e-12,1.106388323287093e-12,1.0785441554743378e-12,1.0508739209707049e-12,1.0226415375589773e-12,9.93353481164306e-13,9.626234255242459e-13,9.302985073003808e-13,8.961117687801633e-13,8.753820618070219e-13,9.076642182711816e-13,9.401613327336406e-13,9.730325006777428e-13,1.0056049336875604e-12,1.03824206891014e-12,1.0710868961242255e-12,1.1043125527111538e-12,1.1381378867813515e-12,1.1727961002937608e-12,1.2085859979599037e-12,1.2458550700878882e-12,1.2842784788021783e-12,1.3190150492289347e-12,1.3249987669670645e-12
1.7672774981830536e-12,5.002255653586729e-13,4.764792736705278e-13,4.496032687794708e-13,4.2089124757596776e-13,3.917641601436201e-13,3.6406438596000374e-13,3.399263710208355e-13,3.213086113770362e-13,3.0924498028995795e-13,3.0351210481536084e-13,3.067252828307584e-13,3.2068112972644807e-13,3.6081111986781544e-13,2.966453133757512e-13,-3.685456096685612e-13,-3.207465414564957e-13,-3.128069791887408e-13,-3.0827570697466794e-13,-3.1752904719057967e-13,-3.3421576837154714e-13,-3.55300556582864e-13,-3.7938819546551436e-13,-4.045203088023765e-13,-4.284180521300227e-13,-4.49059582925989e-13,-4.654546527163934e-13,-4.793200098478904e-13,-4.996550657279213e-13
6.532773188143378e-13,4.18778208904602e-13,4.4496981184582834e-13,4.4776744113875197e-13,4.4099197769981407e-13,4.2612570293040285e-13,4.01327168340502e-13,3.6535325493703083e-13,3.1958523618985035e-13,2.6913831231484396e-13,2.2193761124988084e-13,1.8134704617407956e-13,1.510506963922253e-13,1.228551460699493e-13,1.3911671808057374e-13,1.0579360918467222e-13,1.309065983085881e-13,1.530699911228743e-13,1.891424261157565e-13,2.290319472980517e-13,2.720981476092449e-13,3.159225931470783e-13,3.5757762555841206e-13,3.9679191396775476e-13,4.3559974371125e-13,4.766941565005006e-13,5.199498626671098e-13,5.541151224609914e-13,5.334534361773137e-13
1.9778637696694793e-12,4.4686202048527587e-13,4.1805210167619197e-13,3.845672962804366e-13,3.4807765443224963e-13,3.1095801604550026e-13,2.758460919790994e-13,2.454126963726384e-13,2.2188220813968974e-13,2.0628412317371656e-13,1.9821710338726087e-13,2.005199320631509e-13,2.1466274862083015e-13,2.562148434908728e-13,1.895489935953085e-13,-4.735889447686886e-13,-4.3023984160642127e-13,-4.2732930154126655e-13,-4.299452661269426e-13,-4.471522167898228e-13,-4.725513718015948e-13,-5.028811971354461e-13,-5.363587082987208e-13,-5.707812860246434e-13,-6.037481452037582e-13,-6.330706333479841e-13,-6.571712322669932e-13,-6.758553692778388e-13,-6.928976912868814e-13
3.4608516197444206e-13,1.7978228786879202e-13,1.5340989150454468e-13,1.3012793177833505e-13,1.0703530680606508e-13,8.360270045492901e-14,5.961836992079182e-14,3.493873249061601e-14,9.37180646896212e-15,-1.7322194515393707e-14,-4.5295530140900526e-14,-7.466854361247423e-14,-1.0584442995318288e-13,-1.4090307326204789e-13,-1.6946526792362595e-13,-1.3909467588979962e-13,-1.1276295759610678e-13,-8.819167567885165e-14,-6.493455793103419e-14,-4.2391407479232005e-14,-2.08494476860814e-14,-4.360334839836484e-16,1.8954004698227097e-14,3.74701410673877e-14,5.531662861161171e-14,7.284506279751583e-14,9.065192941140927e-14,1.112306957684533e-13,1.4520567001392308e-13
1.172498653218438e-12,4.230694974838885e-13,3.743916974507151e-13,3.277280884113451e-13,2.819474236237725e-13,2.3809449164034867e-13,1.9719673064847272e-13,1.6007159069080322e-13,1.2722607377998686e-13,9.876621516301929e-14,7.420848247930246e-14,5.2722164135799884e-14,3.35133411672002e-14,1.6834350031903692e-14,-1.2713526063153084e-15,-1.6749987632486466e-14,-3.472748238355566e-14,-5.513041473159511e-14,-7.86256220338062e-14,-1.0520642832060846e-13,-1.352199050114092e-13,-1.686092959539233e-13,-2.0487359751585393e-13,-2.4340242289836337e-13,-2.8360600324765296e-13,-3.249892260132695e-13,-3.671788514232767e-13,-4.1306847868923387e-13,-4.703728250770505e-13
5.250413984091653e-12,1.4942421721282445e-12,1.4487562691881374e-12,1.4045466455237034e-12,1.3651358959272993e-12,1.3295296430234348e-12,1.29629884981127e-12,1.264263286577368e-12,1.2324532169746512e-12,1.2000625294722615e-12,1.1665445628707165e-12,1.1314674405813138e-12,1.0945903670752338e-12,1.055366327270654e-12,1.0279227556022026e-12,1.0653042370461143e-12,1.1030853012276392e-12,1.1414157143294876e-12,1.1794433356675245e-12,1.2175163469171974e-12,1.2557923042893343e-12,1.2944642704189473e-12,1.333779955416953e-12,1.3740044929039842e-12,1.4154749920580379e-12,1.4585806910961425e-12,1.502967377407317e-12,1.5432987726933873e-12,1.5519360791518234e-12
1.82131689076655e-12,5.154770843428021e-13,4.911598542261404e-13,4.636336180063457e-13,4.342228144927729e-13,4.043823550151188e-13,3.759991437287671e-13,3.5126005863773337e-13,3.321731715046072e-13,3.1980104830256294e-13,3.139168707814445e-13,3.171793446478137e-13,3.315054737068025e-13,3.72846341078518e-13,3.0990217961657913e-13,-3.811039295287383e-13,-3.318381874924963e-13,-3.236532901847428e-13,-3.1901977611642055e-13,-3.2847344040204986e-13,-3.455725916915118e-13,-3.6718179705911154e-13,-3.9186781086833154e-13,-4.1762432761583526e-13,-4.421168655132827e-13,-4.632737929409446e-13,-4.800799489418804e-13,-4.942931920995362e-13,-5.151320560932693e-13
6.770998357433287e-13,4.310932589062992e-13,4.579418798214026e-13,4.608325195796418e-13,4.539228536488919e-13,4.387298716023251e-13,4.1336433649674285e-13,3.7654802406166585e-13,3.296887082384076e-13,2.7801780355947026e-13,2.2965128987036003e-13,1.880612726801581e-13,1.569556510720871e-13,1.2789202261494954e-13,1.439082294379053e-13,1.0968982115912609e-13,1.3548420520503024e-13,1.582127459022407e-13,1.9514741949590626e-13,2.360422052456683e-13,2.8017311353171817e-13,3.2508777306793455e-13,3.6778910460407535e-13,4.0799654953497854e-13,4.4779191962776343e-13,4.899330257325124e-13,5.342913398979851e-13,5.693403384698165e-13,5.482246454667082e-13
2.033161103333292e-12,4.598021635468549e-13,4.302979480537014e-13,3.9600108639607184e-13,3.5862144278829416e-13,3.205908246357466e-13,2.846107185298576e-13,2.534174880650926e-13,2.292918294471497e-13,2.13292303308638e-13,2.050101259878615e-13,2.0733137567591723e-13,2.2184851113263476e-13,2.646600175199389e-13,1.992195278695095e-13,-4.896706889879804e-13,-4.4496830487414596e-13,-4.419339804545337e-13,-4.4461547988604066e-13,-4.622149114559861e-13,-4.882350313556501e-13,-5.193118764377998e-13,-5.536157131140583e-13,-5.888900360773545e-13,-6.226752346044532e-13,-6.527285260252012e-13,-6.774328524743127e-13,-6.965877367821969e-13,-7.140590151519204e-13
3.612654416958212e-13,1.8581410011605003e-13,1.5852905222736706e-13,1.344083394112563e-13,1.1048148935023198e-13,8.620696081071132e-14,6.136878480834427e-14,3.582098763164848e-14,9.368022690355337e-15,-1.823493043611357e-14,-4.7143838750864964e-14,-7.748075330867516e-14,-1.096604935853628e-13,-1.4583800577004513e-13,-1.7562415477495664e-13,-1.4421421710726753e-13,-1.169425153938101e-13,-9.147685543747896e-14,-6.736349811843256e-14,-4.3987120285023035e-14,-2.1638477075827938e-14,-4.483046189530886e-16,1.9691348581678146e-14,3.8934479061033915e-14,5.749129977806721e-14,7.572277851334444e-14,9.424038451410902e-14,1.1559923228715793e-13,1.5068469376028546e-13
1.2123174393227421e-12,4.360275840147679e-13,3.8597317012239894e-13,3.37980081780099e-13,2.908890556875407e-13,2.457699152074651e-13,2.0367501494663185e-13,1.6544169694031677e-13,1.3158960817943503e-13,1.022283696668116e-13,7.686480231418931e-14,5.464875318863268e-14,3.4770760065386114e-14,1.7499462034922702e-14,-1.1772933630918483e-15,-1.7156313168757502e-14,-3.570061545694002e-14,-5.6729233779510904e-14,-8.092294668650856e-14,-1.0827751191396559e-13,-1.3914606714233807e-13,-1.7347185271227363e-13,-2.1074241877684015e-13,-2.5033249038167064e-13,-2.91637900294103e-13,-3.341518278343092e-13,-3.774927708486829e-13,-4.24628493900966e-13,-4.834744181218312e-13
5.447925025584387e-12,1.546655745988527e-12,1.4998223989340218e-12,1.4543003287003601e-12,1.413696349227887e-12,1.3769918060259722e-12,1.342723702712886e-12,1.3096843879439854e-12,1.276881888696454e-12,1.243491291939402e-12,1.2089521306194594e-12,1.172820753851864e-12,1.1348377790485068e-12,1.094398278543085e-12,1.0657255442594839e-12,1.1042896600046048e-12,1.1432935459928723e-12,1.1828852942415205e-12,1.2221716614194468e-12,1.2614998733326005e-12,1.3010312149180493e-12,1.340963840058147e-12,1.3815526829670077e-12,1.4230708313940833e-12,1.465865046557312e-12,1.5103352263961551e-12,1.556119212334427e-12,1.5977501687610787e-12,1.6069112661108809e-12
1.8325975316399903e-12,5.183929735412873e-13,4.938895942738882e-13,4.661527107617271e-13,4.365165406128089e-13,4.064467643855349e-13,3.778443282173303e-13,3.5291251229192964e-13,3.33674662451949e-13,3.2120177337888125e-13,3.1526549721192686e-13,3.185408553370058e-13,3.3297074688398955e-13,3.746466713816476e-13,3.1195389177071494e-13,-3.833074502405432e-13,-3.336467846012103e-13,-3.253931676311783e-13,-3.207240793309278e-13,-3.302410401409234e-13,-3.47465249722209e-13,-3.69233775736911e-13,-3.941020992085356e-13,-4.200489300277353e-13,-4.447223387637418e-13,-4.660351336146796e-13,-4.829644458811833e-13,-4.972811733194593e-13,-5.18272780806007e-13
6.803619964913053e-13,4.3357420524194077e-13,4.606226004608432e-13,4.635348376801665e-13,4.565745050353e-13,4.4126973072696875e-13,4.157167024482187e-13,3.7862689640646256e-13,3.31417513059066e-13,2.7935780828838243e-13,2.3062419457787277e-13,1.8871910362116785e-13,1.5736780614590728e-13,1.280570318091606e-13,1.4401682792685408e-13,1.0966193148533469e-13,1.356472389265835e-13,1.5854243664340035e-13,1.9574454672261548e-13,2.3694514053534247e-13,2.814034906328335e-13,3.2665285118344767e-13,3.6967397330380663e-13,4.101837279176372e-13,4.5027913160808174e-13,4.92738458668246e-13,5.374321690087309e-13,5.727474088630495e-13,5.514776133806155e-13
2.0466852425271527e-12,4.625279774186608e-13,4.327995889827029e-13,3.9824208988654705e-13,3.6057798396923586e-13,3.222571121153398e-13,2.860010668770388e-13,2.5456672278904914e-13,2.3025212053635774e-13,2.1412428625242484e-13,2.0577158784230697e-13,2.0809783810389764e-13,2.2272051356399355e-13,2.6588053480198815e-13,2.0069097211263265e-13,-4.924470982223246e-13,-4.4738314532730737e-13,-4.443173087613369e-13,-4.4701585267264926e-13,-4.647381910847626e-13,-4.909484413703386e-13,-5.22253956516718e-13,-5.568108823718917e-13,-5.923458584471126e-13,-6.263808584459024e-13,-6.566562164349853e-13,-6.815426152252207e-13,-7.008378990405437e-13,-7.184366985952422e-13
3.6243938207839646e-13,1.8661039271121546e-13,1.5920447916571125e-13,1.349863376223107e-13,1.1096348976185994e-13,8.659045762455519e-14,6.164981204916671e-14,3.5994671140616745e-14,9.428212424035633e-15,-1.8296070629255638e-14,-4.733528442651274e-14,-7.781214131776318e-14,-1.1014473084408085e-13,-1.4650773463284907e-13,-1.764979099121732e-13,-1.4491272393158801e-13,-1.1749459050253853e-13,-9.189597154102367e-14,-6.766054383348631e-14,-4.416839908340923e-14,-2.171194875777407e-14,-4.2297854263911733e-16,1.9807290641884047e-14,3.9134139711259325e-14,5.77695042343106e-14,7.607717443461785e-14,9.46732575746212e-14,1.1613211618261037e-13,1.5142090237767926e-13
1.2191721016100854e-12,4.384659930344149e-13,3.881046165608432e-13,3.3981966407692736e-13,2.9244310410310335e-13,2.4705267799526434e-13,2.0470858038970107e-13,1.6625439503177476e-13,1.3221368612087106e-13,1.0269703550349264e-13,7.720789038197804e-14,5.488982748588143e-14,3.492787817638164e-14,1.7594253562515455e-14,-1.1404099327634239e-15,-1.71678724223734e-14,-3.5779909282306696e-14,-5.689450129906768e-14,-8.119725121036457e-14,-1.0868436032053733e-13,-1.3971124989396185e-13,-1.7422098277528975e-13,-2.1169741716091276e-13,-2.5151061200654466e-13,-2.930518891204509e-13,-3.35810705462805e-13,-3.794028501308869e-13,-4.2681889038751284e-13,-4.860355180903178e-13
5.477118335118431e-12,1.5557794063613856e-12,1.5086673875780302e-12,1.462877035022366e-12,1.422041887634669e-12,1.3851356695078168e-12,1.3506845842777705e-12,1.3174721692152486e-12,1.2844992648867986e-12,1.2509349416766936e-12,1.2162144946392376e-12,1.179890817631964e-12,1.141700684106132e-12,1.101027801146513e-12,1.072135357327835e-12,1.1109051197962566e-12,1.1501249887818771e-12,1.1899415367849542e-12,1.2294513323881964e-12,1.2690025966038374e-12,1.3087577684378852e-12,1.348916523132394e-12,1.3897358781521914e-12,1.4314911947203718e-12,1.4745320511635642e-12,1.5192615194948424e-12,1.5653148351356408e-12,1.607184177449947e-12,1.6163401667389986e-12
1.8323823804826546e-12,5.1865666424884e-13,4.942098150836932e-13,4.665361792996702e-13,4.3696715394858576e-13,4.06965328756059e-13,3.7842765482587776e-13,3.535528101189215e-13,3.3435996600959444e-13,3.2191801096681384e-13,3.1599922841177416e-13,3.192726859308505e-13,3.33679891876333e-13,3.7528416771334834e-13,3.124284271999207e-13,-3.8366392044619665e-13,-3.3408245310435434e-13,-3.2584459320693904e-13,-3.211878707924107e-13,-3.3068731969236894e-13,-3.4787905408911145e-13,-3.696058771438522e-13,-3.944261002836134e-13,-4.203226274589011e-13,-4.4494844442593136e-13,-4.662207188906953e-13,-4.831187021463103e-13,-4.974095425451388e-13,-5.183611649117305e-13
6.816161234673788e-13,4.3365748511883924e-13,4.606529712027748e-13,4.63563214097084e-13,4.566217894479491e-13,4.4135355252799427e-13,4.1585859242268526e-13,3.7885093756799207e-13,3.317445819096584e-13,2.7979743088854187e-13,2.311685846879301e-13,1.8935372894243095e-13,1.580682720091614e-13,1.288152500480848e-13,1.4481943551535898e-13,1.1042573797202642e-13,1.363691930204536e-13,1.5922320413417164e-13,1.9635180637173058e-13,2.3747130330239575e-13,2.8184087158266263e-13,3.2699975998402246e-13,3.6993520078694537e-13,4.103646401584063e-13,4.5038066333153414e-13,4.927557031476057e-13,5.373605051791674e-13,5.726066349981106e-13,5.513866963271282e-13
2.04486181165563e-12,4.625285183869591e-13,4.328670856172308e-13,3.9838660367225216e-13,3.6080593622043397e-13,3.2256975469773183e-13,2.8639392620582077e-13,2.550295576163434e-13,2.307699432540989e-13,2.1468002558525024e-13,2.0634920248174648e-13,2.086748037701933e-13,2.232738764375556e-13,2.663589845191199e-13,2.0100380727874884e-13,-4.92956857535314e-13,-4.47964165826443e-13,-4.449041443850482e-13,-4.4760024286080257e-13,-4.652885253459753e-13,-4.914480003850812e-13,-5.226923517602469e-13,-5.571814293796248e-13,-5.926466072802701e-13,-6.266150425007581e-13,-6.568317903575895e-13,-6.816709261842114e-13,-7.009306860723674e-13,-7.184974880738578e-13
3.6398641010928773e-13,1.8701941619468928e-13,1.5955146854946616e-13,1.3526456601565092e-13,1.1117255364131115e-13,8.67311166035876e-14,6.172330186831758e-14,3.600255818073374e-14,9.372496561850321e-15,-1.841286446156333e-14,-4.751032298015315e-14,-7.80423406083727e-14,-1.104262691263724e-13,-1.468331043597747e-13,-1.7685537889097725e-13,-1.4523446970019642e-13,-1.1777373550109417e-13,-9.212912665990078e-14,-6.784514106784877e-14,-4.4303089829965756e-14,-2.1794643815242362e-14,-4.513040847802089e-16,1.983549445230753e-14,3.922073552411626e-14,5.79159397104075e-14,7.628415640099279e-14,9.49402078025517e-14,1.1645306420323274e-13,1.5176687881255522e-13
1.220150395143885e-12,4.3870617529477833e-13,3.883606887888462e-13,3.4008722534784695e-13,2.9272018804915674e-13,2.473350418403264e-13,2.049897552540857e-13,1.6652614628063783e-13,1.3246669870999048e-13,1.0292180407720012e-13,7.739603246497803e-14,5.5034810266721986e-14,3.502503453422212e-14,1.763869074789604e-14,-1.1520928876073303e-15,-1.723149806743972e-14,-3.589082194196329e-14,-5.704766113329325e-14,-8.138601732900273e-14,-1.0890212294777123e-13,-1.3995055714983795e-13,-1.744745224190305e-13,-2.1195897201489427e-13,-2.517752819296496e-13,-2.9331604874961326e-13,-3.3607180918048365e-13,-3.7965918372222596e-13,-4.2706255522126314e-13,-4.862421974568218e-13
5.485776830150301e-12,1.5575405884516939e-12,1.510423746652935e-12,1.4646259324683503e-12,1.4237729993497385e-12,1.3868408238070663e-12,1.352358726932904e-12,1.319112832184421e-12,1.286106107674284e-12,1.252509378351124e-12,1.2177590923850685e-12,1.1814090139783583e-12,1.1431960481468535e-12,1.1025037911977055e-12,1.073593210875885e-12,1.1123994770563832e-12,1.1516539092681935e-12,1.191504084307482e-12,1.2310481713049198e-12,1.2706334866763761e-12,1.3104221588890135e-12,1.35061346794673e-12,1.3914639286273854e-12,1.4332483652671359e-12,1.4763156608641015e-12,1.5210680705977486e-12,1.5671416139452175e-12,1.6090400350501586e-12,1.6182938189742158e-12
9.547891014396063e-12,2.9422887626488898e-12,2.850558894998037e-12,2.740883621865662e-12,2.612419014910064e-12,2.466355023273484e-12,2.3083988689529784e-12,2.148544324279842e-12,1.998982448282306e-12,1.8697154784158674e-12,1.7615286851238517e-12,1.6645802751452208e-12,1.567690120341685e-12,1.501785015074805e-12,6.257274001499727e-13,-1.7995322707465581e-12,-1.6409608513540003e-12,-1.7123101946123892e-12,-1.8710117964334532e-12,-2.073876703000813e-12,-2.2988940316195755e-12,-2.5367599366566035e-12,-2.774887118202383e-12,-2.9973464121567704e-12,-3.188642172034975e-12,-3.335804795874556e-12,-3.4300815407636625e-12,-3.4718583632410815e-12,-3.488220607510555e-12
4.505213587064262e-12,1.4086259594300029e-12,1.3881732278011962e-12,1.3922919969136319e-12,1.4385596269539404e-12,1.4911155942068516e-12,1.5052845519562099e-12,1.4471718615200723e-12,1.3058785961774935e-12,1.1039200849868204e-12,9.001982002768508e-13,7.635266741495384e-13,7.193617556923423e-13,7.176624389881398e-13,9.452337205261827e-13,8.44126695677743e-13,9.625006440661102e-13,1.0474071133470419e-12,1.1430343936558884e-12,1.2692268478599467e-12,1.4070835974956018e-12,1.5172020000523113e-12,1.5802160680660552e-12,1.6084843348525857e-12,1.6403715174759497e-12,1.7302844352715848e-12,1.9321344777374104e-12,2.2626721104189126e-12,2.6063411817218557e-12
9.825173153060212e-12,2.8354265423888913e-12,2.751358224999964e-12,2.6223942556373806e-12,2.4566649804489467e-12,2.264033630260077e-12,2.055877593585093e-12,1.845641198075763e-12,1.6478377790513326e-12,1.4741994814938155e-12,1.3262762135372034e-12,1.1941088324430121e-12,1.0669650206106994e-12,9.773511804451266e-13,5.65872087743789e-14,-2.3899207455148268e-12,-2.286761449047975e-12,-2.420623728621539e-12,-2.647176325133931e-12,-2.920472335752145e-12,-3.214438927049941e-12,-3.515883324559641e-12,-3.811241197730727e-12,-4.086343936856191e-12,-4.328863353060069e-12,-4.529011546786336e-12,-4.6793836284918515e-12,-4.7760969261545746e-12,-4.828399593153703e-12
3.8405225114610875e-12,8.394764105597415e-13,6.48635867146382e-13,4.654844164402395e-13,2.834187256378886e-13,1.0415160453936815e-13,-7.190036484873976e-14,-2.457456582654517e-13,-4.1906385940205103e-13,-5.931591295974137e-13,-7.675512149434245e-13,-9.383276711202808e-13,-1.100526507242979e-12,-1.2541589176244188e-12,-1.3230976447698104e-12,-1.170353100352568e-12,-1.0241522514866398e-12,-8.708523331975522e-13,-7.058629837788619e-13,-5.325250977413168e-13,-3.557915108512892e-13,-1.775427709270026e-13,2.4519911468946467e-15,1.8517400548975894e-13,3.714936308668541e-13,5.611000088787231e-13,7.51340045183744e-13,9.440764376499115e-13,1.1867965753496017e-12
5.8938662387785454e-12,1.3061244970981394e-12,1.2299483116837277e-12,1.1665078570037853e-12,1.0942632983011585e-12,1.0110277750071244e-12,9.196961071852801e-13,8.248908803860376e-13,7.309758415974264e-13,6.405219463860311e-13,5.520772504974869e-13,4.589206244940217e-13,3.5488162812547557e-13,2.409857962212096e-13,1.014924293605851e-13,-3.0860748563290526e-14,-1.6961961605673955e-13,-3.081386731583463e-13,-4.42064066685717e-13,-5.72079801337347e-13,-7.003218659858488e-13,-8.257768373829624e-13,-9.458171590683224e-13,-1.0585932765286254e-12,-1.1641945511411735e-12,-1.2656117961600397e-12,-1.369270278721608e-12,-1.5001071874615855e-12,-1.7293590695246052e-12
4.9090325756175773e-11,1.2385296466826417e-11,1.1989258591474788e-11,1.1647368381724684e-11,1.1362339558642383e-11,1.111727464514834e-11,1.0898329577633202e-11,1.0696336154892011e-11,1.0504978897705145e-11,1.0319529702595295e-11,1.0137096921301007e-11,9.95781753190235e-12,9.783853140638158e-12,9.618483908255326e-12,9.55142493243209e-12,9.724303393857592e-12,9.89998543618952e-12,1.0084112387556357e-11,1.0278318372598452e-11,1.0481344345485694e-11,1.0691956316317607e-11,1.0910135167034915e-11,1.1136454143074477e-11,1.1372087362511204e-11,1.1619615689469308e-11,1.1883738310445717e-11,1.2168095852692682e-11,1.2452575860873592e-11,1.2595036853849832e-11
6.154634436426097e-11,1.2743447263972472e-11,1.1674505904917211e-11,1.0469086518868015e-11,9.183471449138913e-12,7.879479826914696e-12,6.637279543751328e-12,5.5497619509154525e-12,4.702159925241452e-12,4.139390385557179e-12,3.851275389671218e-12,3.949534413011297e-12,4.513183744003846e-12,6.214589675849487e-12,-3.7287208244942844e-13,-8.397874713772167e-12,-6.3838202608816336e-12,-6.028134685762967e-12,-5.810818628546601e-12,-6.187781503372628e-12,-6.888093233181307e-12,-7.779191083045056e-12,-8.80055327722923e-12,-9.867108110361271e-12,-1.0879728860464178e-11,-1.1750408272909327e-11,-1.2436025681666086e-11,-1.3011341270084508e-11,-1.3868301717558744e-11
1.6692835150859472e-11,1.1222001472908074e-11,1.2336647444857478e-11,1.2432891766100618e-11,1.211271345152407e-11,1.1440677092711866e-11,1.0336539674303113e-11,8.74605129814406e-12,6.729186251740855e-12,4.508540404088713e-12,2.4294965111023516e-12,6.404026153537214e-13,-7.004900609273764e-13,-1.952207582981938e-12,-3.508167702730368e-13,-6.444261230921028e-13,3.942706720201936e-13,1.3269897597493489e-12,2.8690190927180505e-12,4.582495709088662e-12,6.435014520009502e-12,8.32196113456393e-12,1.0115595423236983e-11,1.180375392733941e-11,1.3474785068928323e-11,1.5245829289906463e-11,1.7111344504961914e-11,1.8581216367755323e-11,1.766330767320383e-11
7.508198680361277e-11,1.2650079042423331e-11,1.1367287091739763e-11,9.880672288262279e-12,8.26289775505965e-12,6.617306979806422e-12,5.058689143963724e-12,3.703283414257972e-12,2.647895867406137e-12,1.9372507490112252e-12,1.5534010451415127e-12,1.6176664116453316e-12,2.1952302866742967e-12,3.964736380344941e-12,-2.8167521633030095e-12,-1.0863484765623494e-11,-9.033374712269809e-12,-8.888996523020493e-12,-8.975525651542974e-12,-9.691950971720908e-12,-1.0764821153661925e-11,-1.2051830208501437e-11,-1.3475573221887308e-11,-1.4940320659488623e-11,-1.634161046847685e-11,-1.7584146569651372e-11,-1.85992075356776e-11,-1.9378283501160402e-11,-2.008573988867326e-11
4.409648731789902e-12,1.8584827681432696e-12,1.5115624722337775e-12,1.299109332609762e-12,1.0948559855676976e-12,8.758055969142043e-13,6.328131126212546e-13,3.5971560914078697e-13,4.8250739428877745e-14,-3.1192280867723045e-13,-7.273302726862021e-13,-1.2029470404519523e-12,-1.7559526283475328e-12,-2.4770904210554428e-12,-2.59374751616673e-12,-1.9468526981407063e-12,-1.466194601260428e-12,-1.0604162876246513e-12,-7.113902136520612e-13,-3.93331510372308e-13,-1.1874320203925952e-13,1.0672593648991805e-13,2.876149619359291e-13,4.304399988986907e-13,5.441128113946001e-13,6.43954019519355e-13,7.559383619117745e-13,9.886998389046306e-13,1.8050754431717868e-12
3.635253486851696e-11,1.071272712484279e-11,9.226374184360741e-12,7.827586152566074e-12,6.467070086369327e-12,5.190252978216865e-12,4.041812160474904e-12,3.0572937188954086e-12,2.2587287593021736e-12,1.6507092141980856e-12,1.2121825055118665e-12,9.068642276413653e-13,7.001240634550798e-13,6.031943006479986e-13,3.6505626400589005e-13,1.398154650820275e-13,-1.911803506458358e-13,-6.265692115793851e-13,-1.1957645540018699e-12,-1.8988338491459454e-12,-2.750902738438428e-12,-3.749654444291835e-12,-4.873368254619719e-12,-6.095506819476874e-12,-7.390423914913988e-12,-8.736617866307604e-12,-1.0117909208933067e-11,-1.1660517251645155e-11,-1.370109662799535e-11
1.7093403110033934e-10,5.0016065511115445e-11,4.8681948295877445e-11,4.740350117569211e-11,4.633406931618929e-11,4.543036196109673e-11,4.46302077292633e-11,4.388230037913149e-11,4.314451793514513e-11,4.238186151129382e-11,4.157061241128031e-11,4.0692114144755834e-11,3.9735730114189324e-11,3.867648402683222e-11,3.845461407968763e-11,3.926119627153639e-11,4.0096007568199705e-11,4.095770755018684e-11,4.1807066775303614e-11,4.265841852043103e-11,4.351846597860607e-11,4.4395559279776386e-11,4.530050252092945e-11,4.6244890790161184e-11,4.724345997560699e-11,4.831320657256355e-11,4.94387252738212e-11,5.03875724835787e-11,4.9955793240775186e-11
5.620878349247912e-11,1.171805609897558e-11,1.0763964483284159e-11,9.687901311816845e-12,8.540167704418923e-12,7.376014670215741e-12,6.267093374764616e-12,5.296429502896651e-12,4.540209194139143e-12,4.0385973362375534e-12,3.7825389183487125e-12,3.871960663762407e-12,4.377731905596629e-12,5.901495183992992e-12,-6.019521505558999e-13,-7.793355251295269e-12,-5.986747352474599e-12,-5.668384907464971e-12,-5.474601053526622e-12,-5.8122375314520294e-12,-6.439006034148928e-12,-7.236356182200132e-12,-8.150164475526723e-12,-9.104384369014547e-12,-1.0010415443272448e-11,-1.078959842921466e-11,-1.1403392191087054e-11,-1.1918608843762473e-11,-1.2685537808654845e-11
1.5746667041599946e-11,1.0207809678041101e-11,1.1204639746945559e-11,1.129129634515001e-11,1.1005776584603732e-11,1.0405776525829218e-11,9.419573493461796e-12,7.998673046293857e-12,6.196661065256574e-12,4.2124554422762525e-12,2.354704896378351e-12,7.559593852622702e-13,-4.4245177027902045e-13,-1.5615347644137749e-12,2.1363267274655554e-14,-2.4080338901687247e-13,6.913920127288191e-13,1.527208159853417e-12,2.907183381899571e-12,4.4402068679263185e-12,6.097372885380952e-12,7.78523333580587e-12,9.389650855263581e-12,1.089976945351924e-11,1.2394557077397523e-11,1.3978712492080238e-11,1.5647289216193606e-11,1.696226551996404e-11,1.6143223907709968e-11
6.794399492624715e-11,1.1567005795184265e-11,1.04218467822523e-11,9.094529762240758e-12,7.649996751454121e-12,6.180610187489717e-12,4.788963365977805e-12,3.5789485476126624e-12,2.637095866991093e-12,2.0033995787775132e-12,1.6618632791840876e-12,1.7209952294168877e-12,2.2393117018310813e-12,3.8240749991171894e-12,-2.867794196214797e-12,-1.0078531418166748e-11,-8.436642868706687e-12,-8.307277159314642e-12,-8.385151933865389e-12,-9.026257442666223e-12,-9.986059203016472e-12,-1.1137304948097056e-11,-1.2410785683144252e-11,-1.3720931749623573e-11,-1.4974376103918517e-11,-1.6085946556317706e-11,-1.6994223123872416e-11,-1.7691599411938864e-11,-1.8324971954941115e-11
4.649682964860783e-12,1.8096059986401863e-12,1.4706633079598092e-12,1.2518866082817399e-12,1.040437815215583e-12,8.157640051509569e-13,5.696951763930913e-13,2.9672133583794604e-13,-1.054984703230942e-14,-3.613643089934144e-13,-7.61560371118303e-13,-1.2155982023024986e-12,-1.7388625828749212e-12,-2.4125472021679982e-12,-2.49298277140695e-12,-1.88947218656647e-12,-1.435192744891343e-12,-1.0479559529578296e-12,-7.114908361981585e-13,-4.0273078686515927e-13,-1.3283896253180255e-13,9.314109445664705e-14,2.792699658353545e-13,4.313806055721813e-13,5.574400645086022e-13,6.711343923313669e-13,7.956830403924234e-13,1.0281748199888712e-12,1.7822269822449465e-12
3.361841019553112e-11,9.81491095978116e-12,8.470250355866572e-12,7.203843150571254e-12,5.971639747270696e-12,4.814264601665084e-12,3.771633525270178e-12,2.8755058201658464e-12,2.145587629640464e-12,1.5859920042445114e-12,1.17791100871806e-12,8.889259383475981e-13,6.881040198399507e-13,5.855082662081685e-13,3.437411387251191e-13,1.1359580030620907e-13,-2.112855367000653e-13,-6.295501378000613e-13,-1.1674529454453276e-12,-1.82503858977701e-12,-2.615816099965272e-12,-3.537709157783485e-12,-4.57129863273916e-12,-5.692854372109539e-12,-6.879455257553165e-12,-8.111903557724875e-12,-9.375738009930653e-12,-1.0783753334273887e-11,-1.2636813332929988e-11
1.6040467079760524e-10,4.656002621169186e-11,4.533775747360506e-11,4.416525611472666e-11,4.3179564473095935e-11,4.2341987793836725e-11,4.159696512839095e-11,4.089864568707526e-11,4.020938182350154e-11,3.9497891220084175e-11,3.874297137370859e-11,3.7927938204705595e-11,3.704325161096861e-11,3.606648024544873e-11,3.589283581156165e-11,3.6640132170553004e-11,3.741201216703055e-11,3.820782005554079e-11,3.8992577252309494e-11,3.977911412700714e-11,4.057342752699358e-11,4.138298194951982e-11,4.2217434910358964e-11,4.3087151164805384e-11,4.400529885469461e-11,4.498706263013331e-11,4.601867418520189e-11,4.689240123194482e-11,4.6532259047387424e-11
1.833369674553306e-12,5.187056281534448e-13,4.942120684333855e-13,4.664859679348165e-13,4.3686106555754906e-13,4.06802520096157e-13,3.782106169953069e-13,3.532879145785475e-13,3.340571461687816e-13,3.2158906406225636e-13,3.1565543835789583e-13,3.1892950110378685e-13,3.333568790546157e-13,3.750290336599955e-13,3.123775438365931e-13,-3.83617654469982e-13,-3.3395881059701167e-13,-3.2570641814390914e-13,-3.210405698625577e-13,-3.30554975379216e-13,-3.4777547740881545e-13,-3.695389797391994e-13,-3.9440119650524335e-13,-4.203414849601493e-13,-4.45008698860918e-13,-4.663163258013106e-13,-4.832418091147146e-13,-4.975553942845742e-13,-5.185413201959524e-13
6.811119663912449e-13,4.337728041390431e-13,4.608133549025966e-13,4.637265394033658e-13,4.567709361062428e-13,4.41474005603279e-13,4.1593244600128187e-13,3.788579885263076e-13,3.3166707292171994e-13,2.796268087224848e-13,2.309107276330956e-13,1.8902124396782254e-13,1.576794469718409e-13,1.2837354194336715e-13,1.4432593538967824e-13,1.0994486796294026e-13,1.359269796316124e-13,1.588170309471169e-13,1.9600692478899054e-13,2.371955393007551e-13,2.81639726452766e-13,3.2687479999509265e-13,3.698827665736783e-13,4.103805391284366e-13,4.504643396044023e-13,4.929114876729031e-13,5.375925315555449e-13,5.728986524141808e-13,5.516394594331203e-13
2.0468944905547963e-12,4.627170741715843e-13,4.3300057488621077e-13,3.9845649832403146e-13,3.608067155369897e-13,3.225001817401458e-13,2.8625752196905465e-13,2.5483466053553485e-13,2.30528901756228e-13,2.1440702874088826e-13,2.0605758967161442e-13,2.0838234833204872e-13,2.2300194782045883e-13,2.6615698997754445e-13,2.0101091338417776e-13,-4.92843344474803e-13,-4.4778122913291103e-13,-4.4471504334588947e-13,-4.4741402263490197e-13,-4.651305253371207e-13,-4.913332335991081e-13,-5.22629656805934e-13,-5.571763975691839e-13,-5.927008690459841e-13,-6.267259034102416e-13,-6.569925992264639e-13,-6.818721790447589e-13,-7.011625339558862e-13,-7.187569347811762e-13
3.6319102238003443e-13,1.868344278522179e-13,1.593946070000513e-13,1.351415084999355e-13,1.1108355139133008e-13,8.667546547243402e-14,6.170004081020309e-14,3.6010580201712036e-14,9.410269044870689e-15,-1.8347322885975604e-14,-4.741926851195713e-14,-7.792819741916862e-14,-1.1029206823386172e-13,-1.466855003763207e-13,-1.7671053525717188e-13,-1.4509796085287824e-13,-1.176516146620156e-13,-9.202408901140527e-14,-6.775941435576269e-14,-4.42379183395684e-14,-2.1751763283007434e-14,-4.3270773447370494e-16,1.9828001017198473e-14,3.918573829874935e-14,5.785238227484033e-14,7.619137377731815e-14,9.481858674366779e-14,1.1630758873385036e-13,1.5162165994146616e-13
1.2200830055754581e-12,4.3872591265291235e-13,3.883506073674322e-13,3.4005106816392856e-13,2.926595673687044e-13,2.4725361568678974e-13,2.048925239697342e-13,1.6641949537940924e-13,1.3235816480603935e-13,1.0281918118888477e-13,7.730627510795594e-14,5.496336435767688e-14,3.4975907190987004e-14,1.7616254273740295e-14,-1.1437936430641794e-15,-1.7194092746236796e-14,-3.582827839293591e-14,-5.696417512565926e-14,-8.128706643538067e-14,-1.0879319469769119e-13,-1.398377109156476e-13,-1.743637368612426e-13,-2.1185531251505489e-13,-2.516825214084891e-13,-2.9323688716581635e-13,-3.360085172123809e-13,-3.796133876105558e-13,-4.2704099435499395e-13,-4.86266135700979e-13
5.482823164231487e-12,1.5569407061389777e-12,1.509807955095576e-12,1.4639965156722684e-12,1.4231386100891207e-12,1.3862083091409795e-12,1.3517324637857347e-12,1.318495111992654e-12,1.2854974534588132e-12,1.251908856490996e-12,1.2171647994448117e-12,1.1808183430336994e-12,1.1426059678477287e-12,1.1019101185099007e-12,1.0729875351155887e-12,1.111786107212477e-12,1.1510348634506155e-12,1.1908807859285108e-12,1.230420290030085e-12,1.270001193520917e-12,1.309785886185917e-12,1.3499739718461346e-12,1.3908224144328183e-12,1.4326065478207938e-12,1.4756758427085312e-12,1.5204331487722976e-12,1.5665138079641615e-12,1.6084118965097846e-12,1.6176076627613637e-12
1.8337205494692193e-12,5.187776137813992e-13,4.942796289225428e-13,4.665485243529324e-13,4.369182812743417e-13,4.0685432646692166e-13,3.782572945894662e-13,3.533301348645491e-13,3.340959403095565e-13,3.216256560953105e-13,3.156910121685119e-13,3.1896575422955024e-13,3.333956781424675e-13,3.750754006342484e-13,3.124477934652764e-13,-3.8366816905529485e-13,-3.340001051196522e-13,-3.257460499914703e-13,-3.2107917457049597e-13,-3.305950145552157e-13,-3.4781832749234933e-13,-3.695854727307167e-13,-3.944519122258478e-13,-4.2039663086059385e-13,-4.4506805755241847e-13,-4.663793122348513e-13,-4.833076574399636e-13,-4.976236620848986e-13,-5.18613229334482e-13
6.812515313235871e-13,4.3382982947505295e-13,4.608750816680329e-13,4.637885760009911e-13,4.568314759959425e-13,4.41531556445634e-13,4.159851740152793e-13,3.7890380793114115e-13,3.317041375061953e-13,2.7965423263221117e-13,2.3092911772576895e-13,1.890317936053764e-13,1.5768416153578692e-13,1.283726531936271e-13,1.4431911525727036e-13,1.0993242051064361e-13,1.359191794354288e-13,1.5881332907190537e-13,1.960098741001314e-13,2.3720594470894915e-13,2.8165819498809324e-13,3.269014528231121e-13,3.6991716085441927e-13,4.10422203862092e-13,4.505132161516838e-13,4.929680118617584e-13,5.376570968504258e-13,5.729695643161112e-13,5.517066126809417e-13
2.047280259146458e-12,4.627852785912288e-13,4.3306334649333217e-13,3.9851297665839624e-13,3.608563544565169e-13,3.2254287746061993e-13,2.8629366060056004e-13,2.5486512749377584e-13,2.3055500134431483e-13,2.1443025780470146e-13,2.0607936917519457e-13,2.084046725390403e-13,2.2302691075777337e-13,2.6618995694147647e-13,2.0106802553129811e-13,-4.929086774028272e-13,-4.4783805799328125e-13,-4.447711916665576e-13,-4.4747054543217696e-13,-4.651900889534896e-13,-4.913973773807876e-13,-5.226993169199084e-13,-5.572521788079258e-13,-5.927829606045533e-13,-6.268140440709521e-13,-6.570861238186949e-13,-6.819701277719983e-13,-7.012639019525643e-13,-7.188614044295627e-13
3.6327436289385553e-13,1.868602001146234e-13,1.5941724071752522e-13,1.351615008084954e-13,1.1110104177901281e-13,8.669050726974825e-14,6.171253298957358e-14,3.6020290411874564e-14,9.417016681558297e-15,-1.8343737607112572e-14,-4.741906242535272e-14,-7.793160513884243e-14,-1.1029946721697164e-13,-1.466978568355215e-13,-1.7672969828648852e-13,-1.4511285587948199e-13,-1.1766303892332847e-13,-9.203260122496295e-14,-6.77652873818302e-14,-4.424126913728021e-14,-2.175277498997891e-14,-4.3159062545570785e-16,1.983104510713182e-14,3.9190415769499465e-14,5.785845301855554e-14,7.619890426723205e-14,9.482776331357652e-14,1.1631896735139532e-13,1.5163794882227374e-13
1.220321398325813e-12,4.3877749889122497e-13,3.8839523563568057e-13,3.400890122774371e-13,2.926908911309099e-13,2.4727837821654417e-13,2.0491147014496111e-13,1.6643360560142784e-13,1.3236827820703566e-13,1.0282609828348985e-13,7.73106842731236e-14,5.496578381821845e-14,3.497671888540921e-14,1.7616046837291424e-14,-1.1444045057542727e-15,-1.7194776300528413e-14,-3.582964295643842e-14,-5.696666765767035e-14,-8.129119681346545e-14,-1.0879949672869118e-13,-1.3984680068608654e-13,-1.7437622486159954e-13,-2.1187174443201418e-13,-2.517035297004955e-13,-2.93263015963392e-13,-3.360397789651829e-13,-3.7964974001121765e-13,-4.2708316680292134e-13,-4.863160076802592e-13
5.4839569388885384e-12,1.5570598894650117e-12,1.509920466063968e-12,1.4641026718052763e-12,1.4232393795707005e-12,1.3863044800135575e-12,1.351824447715175e-12,1.3185830625876173e-12,1.2855813717917186e-12,1.2519886048525973e-12,1.2172401343291633e-12,1.1808889180265264e-12,1.1426713708507035e-12,1.1019698041376526e-12,1.073040593328901e-12,1.1118447143538013e-12,1.1510991774698692e-12,1.19095088274487e-12,1.2304960556995166e-12,1.2700825818066785e-12,1.3098728959231107e-12,1.3500666463071598e-12,1.3909208350893087e-12,1.432710815874285e-12,1.4757861450874704e-12,1.5205498522834314e-12,1.5666372357626775e-12,1.60854133963679e-12,1.617737313058518e-12
9.548203875074099e-12,2.9424498377571354e-12,2.8507181724668417e-12,2.7410406594182463e-12,2.612573358373801e-12,2.4665062491913635e-12,2.3085466921415717e-12,2.148688717524904e-12,1.9991237387096537e-12,1.869854348933249e-12,1.7616658312733952e-12,1.664714926350514e-12,1.5678201822659375e-12,1.501914263813007e-12,6.25744689687298e-13,-1.7996681175005478e-12,-1.6410848430896807e-12,-1.7124325999629912e-12,-1.871137023873354e-12,-2.0740075349044726e-12,-2.299031846257306e-12,-2.5369048151214418e-12,-2.7750387974682513e-12,-2.997504339335731e-12,-3.188805512835511e-12,-3.3359724790235917e-12,-3.4302523219292834e-12,-3.4720309471858026e-12,-3.4883940030222067e-12
4.505321434586472e-12,1.4086608202030353e-12,1.3882060557789798e-12,1.392323655671073e-12,1.4385910118141475e-12,1.4911468721956818e-12,1.5053149890744832e-12,1.447199887414087e-12,1.3059020402489121e-12,1.1039367007579926e-12,9.002067734052585e-13,7.635291742809217e-13,7.193623613702092e-13,7.176605233990746e-13,9.452609184614635e-13,8.441569476215169e-13,9.625357099018732e-13,1.0474466976573309e-12,1.1430782052837109e-12,1.269274226129837e-12,1.4071347203736305e-12,1.5172574682955988e-12,1.5802758145809661e-12,1.6085480247129394e-12,1.6404391389895157e-12,1.7303567325484327e-12,1.9322130974892153e-12,2.2627592072059272e-12,2.6064376541695713e-12
9.825330369765029e-12,2.835537950805828e-12,2.7514685017595934e-12,2.622502779405595e-12,2.4567713081976767e-12,2.2641375141656326e-12,2.0559790154975e-12,1.8457404268787748e-12,1.6479354214090736e-12,1.4742964457804744e-12,1.3263733306684606e-12,1.1942052452707171e-12,1.0670583663777688e-12,9.774446593773403e-13,5.6579229055816374e-14,-2.3900452742595263e-12,-2.2868765071249873e-12,-2.4207354906487574e-12,-2.647287611541668e-12,-2.9205852711509496e-12,-3.2145549014093444e-12,-3.5160027905900224e-12,-3.811364381850706e-12,-4.0864708234806055e-12,-4.328993658912186e-12,-4.529144741782997e-12,-4.6795189803850674e-12,-4.776233569480243e-12,-4.828536717733744e-12
3.8406650263775126e-12,8.395441687709564e-13,6.486912055800559e-13,4.655274101221525e-13,2.834493227157375e-13,1.0416980991217821e-13,-7.189451139332741e-14,-2.4575211145613103e-13,-4.190825937428344e-13,-5.931901532006661e-13,-7.675945771689738e-13,-9.383833380275472e-13,-1.1005940104536987e-12,-1.254238071984927e-12,-1.323178853147964e-12,-1.170422940855591e-12,-1.0242111914426266e-12,-8.709003542584595e-13,-7.058998648688233e-13,-5.325503970687502e-13,-3.5580490677833477e-13,-1.7754413729488792e-13,2.4626960542092374e-15,1.851968007480983e-13,3.715285231445024e-13,5.611469665061494e-13,7.513989316540416e-13,9.44147146451544e-13,1.1868802820756497e-12
5.893963548210227e-12,1.3061574868444278e-12,1.2299791346664751e-12,1.1665369164967508e-12,1.0942906784228503e-12,1.0110534713722855e-12,9.197201044816326e-13,8.249131970280247e-13,7.309965563841431e-13,6.405412134141712e-13,5.520952931351442e-13,4.589375730890132e-13,3.548972113118534e-13,2.4099996043754143e-13,1.0150259785053881e-13,-3.08547690264373e-14,-1.6961806204608204e-13,-3.0814167698114896e-13,-4.42071736156342e-13,-5.720920263858349e-13,-7.00338550900589e-13,-8.257980148720339e-13,-9.458428824400243e-13,-1.0586235735320495e-12,-1.1642294525890572e-12,-1.2656513875441023e-12,-1.3693147461041371e-12,-1.5001571420157124e-12,-1.7294166606696099e-12
4.909112251609507e-11,1.238559276860778e-11,1.1989543195664357e-11,1.1647641966353251e-11,1.1362602708976879e-11,1.1117527759106526e-11,1.089857294283854e-11,1.0696570010073326e-11,1.0505203453283553e-11,1.0319745126276823e-11,1.0137303317749877e-11,9.958015037748555e-12,9.784042119612395e-12,9.618663919769417e-12,9.551603725538672e-12,9.724490988128823e-12,9.900181933870304e-12,1.0084317952826053e-11,1.0278532972019551e-11,1.0481568109099098e-11,1.0692189374527302e-11,1.09103776145781e-11,1.1136706060473027e-11,1.1372348820840482e-11,1.161988675381498e-11,1.1884019054084129e-11,1.2168386341326217e-11,1.2452875861232192e-11,1.2595344236387142e-11
6.154573780241126e-11,1.2743337375668693e-11,1.1674410017409578e-11,1.0469005789238666e-11,9.183406005722241e-12,7.879428664972888e-12,6.637240266015231e-12,5.549730642234507e-12,4.702131380977815e-12,4.139358695450672e-12,3.851233455675863e-12,3.949464436185974e-12,4.513086421531998e-12,6.214475789228356e-12,-3.728393169858486e-13,-8.397752518056107e-12,-6.383723404558187e-12,-6.028044813001057e-12,-5.8107490701472205e-12,-6.1877122135113315e-12,-6.8880294216670144e-12,-7.779130375940998e-12,-8.800491719725148e-12,-9.867042516860911e-12,-1.0879657587742757e-11,-1.1750331144052544e-11,-1.2435943096063855e-11,-1.3011251731209629e-11,-1.3868195134147356e-11
1.6691958875540168e-11,1.122167351232063e-11,1.233629099193047e-11,1.2432534101364317e-11,1.2112367788058637e-11,1.144035390680706e-11,1.0336249667143202e-11,8.745804693964818e-12,6.7289902706624815e-12,4.508396283592825e-12,2.4293997696874616e-12,6.403567546419021e-13,-7.00504281684092e-13,-1.952205603720657e-12,-3.5084559104159963e-13,-6.444332698829143e-13,3.9424876867768153e-13,1.3269524026210673e-12,2.8689394243115468e-12,4.58238107990827e-12,6.434851697338139e-12,8.321749204645054e-12,1.0115338991626041e-11,1.1803458609527732e-11,1.3474455039496927e-11,1.524546676911856e-11,1.71109524918012e-11,1.858080905926316e-11,1.76629425380639e-11
7.508012181248355e-11,1.2649841829617042e-11,1.1367078927648857e-11,9.880496913082403e-12,8.262757159967385e-12,6.6172006464898995e-12,5.058613759776149e-12,3.703232886914129e-12,2.647861874702551e-12,1.9372238304599275e-12,1.5533703229840777e-12,1.6176070379074403e-12,2.19513679351752e-12,3.964604875506021e-12,-2.8166614433869175e-12,-1.086321963350712e-11,-9.033152199917937e-12,-8.888776016417938e-12,-8.975312151928687e-12,-9.69171732820212e-12,-1.0764567089849744e-11,-1.205155126476163e-11,-1.3475265095410739e-11,-1.493998106233716e-11,-1.6341239630291684e-11,-1.7583747039307536e-11,-1.8598783525614945e-11,-1.9377839499207337e-11,-2.0085276841465797e-11
4.409718393772376e-12,1.8585020527372022e-12,1.511575664491321e-12,1.2991139553476645e-12,1.0948523779128393e-12,8.757948996107501e-13,6.327967559492848e-13,3.596951302311357e-13,4.82277872629236e-14,-3.1194642945409674e-13,-7.273526797294129e-13,-1.2029656320805737e-12,-1.7559643698748112e-12,-2.477092680274006e-12,-2.5937522570738265e-12,-1.9468678295476537e-12,-1.4662164319460845e-12,-1.0604422077647773e-12,-7.114172001323148e-13,-3.9335751187460736e-13,-1.1876535562161946e-13,1.067101106528047e-13,2.8760759663819713e-13,4.3044310315514015e-13,5.441282265890039e-13,6.439830721900934e-13,7.559811898306034e-13,9.887536552399942e-13,1.8051286657188137e-12
3.635147294796271e-11,1.0712471824050121e-11,9.226168085726846e-12,7.82742771826341e-12,6.4669565859370715e-12,5.1901795244006945e-12,4.04177235038429e-12,3.0572802265294733e-12,2.25873388822545e-12,1.6507254939609173e-12,1.2122034342522074e-12,9.068839465614749e-13,7.001381554796324e-13,6.031998342182757e-13,3.650555866690434e-13,1.3980774009234195e-13,-1.911920258703919e-13,-6.265812063189494e-13,-1.1957715342625839e-12,-1.898830574205092e-12,-2.7508823478469816e-12,-3.749610360267736e-12,-4.873294686117156e-12,-6.095398792617306e-12,-7.390277382500337e-12,-8.736429912248056e-12,-1.0117678429354925e-11,-1.1660241934304019e-11,-1.3700773410787848e-11
1.7093022524263487e-10,5.001503683466023e-11,4.868093940934361e-11,4.7402512435042875e-11,4.633309743027647e-11,4.542940451913301e-11,4.462926371319976e-11,4.3881369947991404e-11,4.314360221978186e-11,4.2380962436924573e-11,4.156973252417736e-11,4.0691257444641367e-11,3.973490080929267e-11,3.8675683858076757e-11,3.8453816068558474e-11,3.926037557957219e-11,4.0095164596960825e-11,4.095684293429153e-11,4.18061825531083e-11,4.265751570514036e-11,4.351754581041401e-11,4.439462255678762e-11,4.529954955048083e-11,4.624392145476598e-11,4.724247367340565e-11,4.8312202073296626e-11,4.943770120140085e-11,5.038653147457066e-11,4.995476132617002e-11
6.154911966536388e-11,1.2744055083351547e-11,1.1675073218859658e-11,1.0469608209524505e-11,9.18394307188037e-12,7.87989857499842e-12,6.6376448743285264e-12,5.5500767193181305e-12,4.7024301815364316e-12,4.1396244428907084e-12,3.851481360990976e-12,3.949714149768513e-12,4.513371353189142e-12,6.214856440255275e-12,-3.727764748495413e-13,-8.398280919664747e-12,-6.384123240096734e-12,-6.028416903654535e-12,-5.811108771801205e-12,-6.188088074340618e-12,-6.88844545665141e-12,-7.779596768587593e-12,-8.801013866543995e-12,-9.867621980853282e-12,-1.0880291311933466e-11,-1.1751011623357901e-11,-1.24366606937604e-11,-1.3012000207862517e-11,-1.3868988407883462e-11
1.6692903465628246e-11,1.1222271416093975e-11,1.2336949040545874e-11,1.2433200825637186e-11,1.2113023695463433e-11,1.1440982311846115e-11,1.0336829849810389e-11,8.746313385717943e-12,6.729406796277288e-12,4.508709322700863e-12,2.4296135678170223e-12,6.404865278277733e-13,-7.004417107383703e-13,-1.9522036285944517e-12,-3.50755381738691e-13,-6.443695620387358e-13,3.943637032247991e-13,1.3271108217749042e-12,2.8691684893756695e-12,4.582693537335482e-12,6.435247010425131e-12,8.322228921946854e-12,1.0115900875120897e-11,1.1804099074601755e-11,1.3475173574593875e-11,1.5246269414904723e-11,1.7111846183449692e-11,1.8581774892125404e-11,1.7663852456074113e-11
7.508382534791596e-11,1.265048984307642e-11,1.136766382068829e-11,9.881009265558904e-12,8.263190904114939e-12,6.6175544451436e-12,5.058891511169497e-12,3.703443887769206e-12,2.6480200563245845e-12,1.9373458595653187e-12,1.5534728983207382e-12,1.617710268627733e-12,2.195274094950856e-12,3.964834055269177e-12,-2.8167418922527874e-12,-1.0863865817663842e-11,-9.03368736938892e-12,-8.889295516063435e-12,-8.975834754742143e-12,-9.692271264981172e-12,-1.0765175474313913e-11,-1.2052224174756085e-11,-1.3476007638704838e-11,-1.494079422053969e-11,-1.6342119956102515e-11,-1.7584686627912877e-11,-1.8599771435473307e-11,-1.9378865147705186e-11,-2.0086339059249114e-11
4.410034516257186e-12,1.858616060442612e-12,1.5116814921778808e-12,1.2992034846449776e-12,1.0949229491226615e-12,8.758437926218414e-13,6.328259974469192e-13,3.5970642312681507e-13,4.8216644688686223e-14,-3.1198393968089884e-13,-7.274191699762237e-13,-1.203062297358098e-12,-1.7560884048259881e-12,-2.477240599853295e-12,-2.59390409441612e-12,-1.946994965087833e-12,-1.4663283597997777e-12,-1.0605282688152896e-12,-7.114753083927248e-13,-3.9338933014738185e-13,-1.1877480705362357e-13,1.0671710646248684e-13,2.8762547447714483e-13,4.304741988386954e-13,5.441758820821464e-13,6.440426989208762e-13,7.560542854626058e-13,9.888468689306887e-13,1.8052384022306137e-12
3.635354031496457e-11,1.071308714817019e-11,9.226710887548038e-12,7.827891508805698e-12,6.467335998949933e-12,5.190497424782072e-12,4.042035778617454e-12,3.0574839928538464e-12,2.2588873295496807e-12,1.6508417605759566e-12,1.2122936170513668e-12,9.069554674893305e-13,7.001944455859174e-13,6.032370626521312e-13,3.6506103523686434e-13,1.3979294939367544e-13,-1.9122444723509247e-13,-6.266371083338996e-13,-1.195859259934344e-12,-1.8989584215909836e-12,-2.751060268232429e-12,-3.749848626202837e-12,-4.873599481364621e-12,-6.095763654957679e-12,-7.390696554431423e-12,-8.736919573134758e-12,-1.0118253839805782e-11,-1.166091378001508e-11,-1.3701554655008467e-11
1.7094000335272523e-10,5.00180522426595e-11,4.8683889103466164e-11,4.7405398208470356e-11,4.6335924254655576e-11,4.5432171131801115e-11,4.463197068418242e-11,4.388402058820847e-11,4.314619859985907e-11,4.238350710416231e-11,4.1572231433513637e-11,4.069372189753698e-11,3.973734543614402e-11,3.8678114302143105e-11,3.845625067367701e-11,3.926283565771492e-11,4.009762931018618e-11,4.095932463706204e-11,4.180869919629429e-11,4.266008104043875e-11,4.352016787513651e-11,4.4397305265529285e-11,4.5302295464745554e-11,4.624673356519339e-11,4.7245352261142984e-11,4.8315140953794564e-11,4.944069217998676e-11,5.0389562119072816e-11,4.995777432647105e-11
