6.204073908706355e-14,0.004203081604604934,0.01623238776860883,0.03499250149992613,0.05932359793324457,0.08806583024109299,0.1200593320130843,0.15414423047895154,0.1891606528125251,0.2239487286153519,0.2573485904785965,0.2882003754587765,0.31534423115494525,0.3376492321262391,0.35421575739272776,0.3646646312795065,0.3688782538186933,0.36700994457336505,0.3597574762975359,0.34806059192116623,0.33288929390182553,0.315213598574273,0.29600353247455224,0.2762291306773104,0.2568604352473165,0.2388674922302354,0.22322034429953108,0.2108890163629475,0.20284351576978413,0.2000000000000637
-1.7702623416651081e-15,0.006213544979736943,0.024492078909577546,0.05415158658692972,0.09446775666815463,0.14471624358331125,0.20417269318940298,0.2721127538485834,0.3478120804193334,0.4305463339722163,0.5195911761448269,0.614222259757319,0.7137152203035025,0.8173123072843596,0.9239888597925062,1.0321197130547797,1.139841167711622,1.2454830277183817,1.3478855163376011,1.4461157289462412,1.5392691444928952,1.6264412575157492,1.7067275652817167,1.779223557882777,1.8430247139359812,1.8972265017123122,1.9409243862607353,1.973213848263061,1.993190425965492,2.0000000000000018
1.0000000000000697,1.0035818636790856,1.013783741498823,1.0295785847500383,1.049878933489804,1.0735973316322438,1.099646319667787,1.1269384338924806,1.1543862081192657,1.180902175098483,1.2053988653474785,1.2267887993919029,1.2439844673940217,1.2559305620813022,1.261829808591175,1.2614655961186794,1.2549067073745235,1.24247343954936,1.2249796361341176,1.203458467460171,1.1789704861108194,1.1525762259497851,1.1253362147669026,1.098310978543569,1.072561041172196,1.0491469223401952,1.0291291359874102,1.013568192672692,1.0035246104063105,1.0000000000000557
3.15118301871541e-14,0.09601652815437021,0.18082098165686644,0.2521713575454268,0.3100677018619563,0.3545096751718499,0.3854971434029963,0.4030300794691204,0.40710850251813174,0.3977324455836653,0.37490194590630244,0.33861708092283216,0.2888780259198042,0.22669102740469896,0.15708697752214704,0.08509695303701516,0.012780085955576018,-0.05460039422028385,-0.1117815667919093,-0.15771081089178599,-0.1923879369951273,-0.21581280958228705,-0.22798532232617041,-0.22890538390701642,-0.21857292553158417,-0.1969879319013636,-0.16415051182116774,-0.12006098096998699,-0.06471919710794735,-4.1443233133243886e-14
-3.514884773072291e-14,0.14322085640527463,0.27944092040607793,0.40725930988864634,0.526675426027271,0.6376890494669104,0.7403001670357725,0.8345088396133025,0.9203151501054702,0.9977191482623683,1.06672078809199,1.1273199167002248,1.1795162818552634,1.2221486098656384,1.2494119328991207,1.2555013792362573,1.2402428656315778,1.2085705085353942,1.165418432463398,1.1117737643750352,1.0476367698563356,0.9730075504224666,0.887886071901952,0.7922722147353963,0.6861658423153969,0.5695668612594081,0.4424753095350337,0.30489156055092576,0.15681662996881457,-3.519450467887208e-14
1.880856863514658e-14,0.08169769679482407,0.1528834169136276,0.21145452879087942,0.2574111491812331,0.29075326595868717,0.311480825953337,0.31959378886167034,0.315092136690935,0.29797585832488455,0.2682449015343687,0.2258990609327605,0.17093780593855143,0.1044830568867176,0.03214784016538712,-0.04045523304626613,-0.11125083031280042,-0.17546849429733208,-0.2283372716398425,-0.26890344782365444,-0.2971673578521962,-0.3131291253033208,-0.31678878367518054,-0.3081463497024544,-0.2872018585788088,-0.25395537182578537,-0.2084069545129905,-0.1505566025144244,-0.08040412561368494,1.4487290920144793e-16
6.204073908706355e-14,0.004203081604604934,0.01623238776860883,0.03499250149992613,0.05932359793324457,0.08806583024109299,0.1200593320130843,0.15414423047895154,0.1891606528125251,0.2239487286153519,0.2573485904785965,0.2882003754587765,0.31534423115494525,0.3376492321262391,0.35421575739272776,0.3646646312795065,0.3688782538186933,0.36700994457336505,0.3597574762975359,0.34806059192116623,0.33288929390182553,0.315213598574273,0.29600353247455224,0.2762291306773104,0.2568604352473165,0.2388674922302354,0.22322034429953108,0.2108890163629475,0.20284351576978413,0.2000000000000637
-1.7702623416651081e-15,0.006213544979736943,0.024492078909577546,0.05415158658692972,0.09446775666815463,0.14471624358331125,0.20417269318940298,0.2721127538485834,0.3478120804193334,0.4305463339722163,0.5195911761448269,0.614222259757319,0.7137152203035025,0.8173123072843596,0.9239888597925062,1.0321197130547797,1.139841167711622,1.2454830277183817,1.3478855163376011,1.4461157289462412,1.5392691444928952,1.6264412575157492,1.7067275652817167,1.779223557882777,1.8430247139359812,1.8972265017123122,1.9409243862607353,1.973213848263061,1.993190425965492,2.0000000000000018
1.0000000000000697,1.0035818636790856,1.013783741498823,1.0295785847500383,1.049878933489804,1.0735973316322438,1.099646319667787,1.1269384338924806,1.1543862081192657,1.180902175098483,1.2053988653474785,1.2267887993919029,1.2439844673940217,1.2559305620813022,1.261829808591175,1.2614655961186794,1.2549067073745235,1.24247343954936,1.2249796361341176,1.203458467460171,1.1789704861108194,1.1525762259497851,1.1253362147669026,1.098310978543569,1.072561041172196,1.0491469223401952,1.0291291359874102,1.013568192672692,1.0035246104063105,1.0000000000000557
3.15118301871541e-14,0.09601652815437021,0.18082098165686644,0.2521713575454268,0.3100677018619563,0.3545096751718499,0.3854971434029963,0.4030300794691204,0.40710850251813174,0.3977324455836653,0.37490194590630244,0.33861708092283216,0.2888780259198042,0.22669102740469896,0.15708697752214704,0.08509695303701516,0.012780085955576018,-0.05460039422028385,-0.1117815667919093,-0.15771081089178599,-0.1923879369951273,-0.21581280958228705,-0.22798532232617041,-0.22890538390701642,-0.21857292553158417,-0.1969879319013636,-0.16415051182116774,-0.12006098096998699,-0.06471919710794735,-4.1443233133243886e-14
-3.514884773072291e-14,0.14322085640527463,0.27944092040607793,0.40725930988864634,0.526675426027271,0.6376890494669104,0.7403001670357725,0.8345088396133025,0.9203151501054702,0.9977191482623683,1.06672078809199,1.1273199167002248,1.1795162818552634,1.2221486098656384,1.2494119328991207,1.2555013792362573,1.2402428656315778,1.2085705085353942,1.165418432463398,1.1117737643750352,1.0476367698563356,0.9730075504224666,0.887886071901952,0.7922722147353963,0.6861658423153969,0.5695668612594081,0.4424753095350337,0.30489156055092576,0.15681662996881457,-3.519450467887208e-14
1.880856863514658e-14,0.08169769679482407,0.1528834169136276,0.21145452879087942,0.2574111491812331,0.29075326595868717,0.311480825953337,0.31959378886167034,0.315092136690935,0.29797585832488455,0.2682449015343687,0.2258990609327605,0.17093780593855143,0.1044830568867176,0.03214784016538712,-0.04045523304626613,-0.11125083031280042,-0.17546849429733208,-0.2283372716398425,-0.26890344782365444,-0.2971673578521962,-0.3131291253033208,-0.31678878367518054,-0.3081463497024544,-0.2872018585788088,-0.25395537182578537,-0.2084069545129905,-0.1505566025144244,-0.08040412561368494,1.4487290920144793e-16
5.773765962740233e-14,0.004066053228526959,0.015705893184644108,0.033865113539048114,0.057427286255963036,0.08527593029791881,0.11629452467173537,0.14936653644631145,0.18337544960258287,0.21720475024499486,0.24973792911941942,0.27985848350179265,0.3064499116772456,0.32839571742476914,0.3446179872924723,0.35436410489406567,0.3577103014870189,0.35534495881554157,0.34813005755560983,0.33694446132270345,0.3226670237062918,0.30617659327591723,0.2883520212170879,0.27007216261334915,0.25221588587933325,0.23566209471331961,0.22128965199097247,0.20997740781792718,0.20260419838739302,0.20000000000003335
3.16577737034448e-14,0.006449172903173235,0.025369071260283257,0.05595210841461684,0.0973432220050268,0.14868732698391318,0.20912939400237449,0.27781438728048796,0.3538872167676624,0.4364927730380614,0.5247759424818871,0.6178816154478378,0.7149546937122356,0.8151400863791884,0.9175744100174417,1.0213295361473356,1.1253403401592346,1.2285023273183338,1.329714626443133,1.4278778369480865,1.5218925412426785,1.6106593094919528,1.69307870908893,1.768051314303022,1.834477733568156,1.891258630527923,1.9372945799031518,1.9714861836069422,1.9927340952586545,1.9999999999999527
1.0000000000000482,1.0034212026986935,1.0131693186025053,1.028270614600641,1.0476940764278655,1.070408695033619,1.0953834547102372,1.1215873399062282,1.1479893400351968,1.1735584462809345,1.1972636509359784,1.2180739482429654,1.2349583356412193,1.2468858160030645,1.2528647792159902,1.252235374763085,1.2451803700142978,1.2324986391227941,1.2151622552160701,1.1941600234907648,1.1704807527407417,1.145113254219962,1.119046340850226,1.0932688268479396,1.0687695301159283,1.0465372742645267,1.0275608708730795,1.0128291336816961,1.0033308828036809,1.0000000000000442
4.5125701620462203e-14,0.09289303952552054,0.1749929247041448,0.2441425604558201,0.30034131234662487,0.34358861335893554,0.37388413107948315,0.3912279562805767,0.3956202313854525,0.387060958365843,0.3655502223313421,0.3310880696397189,0.2836744921164882,0.2233097024082082,0.15133572965472958,0.07504726290258197,0.004087752708939423,-0.05726455726615263,-0.10842201245293263,-0.1493847056684278,-0.1801527428250196,-0.2007261310548097,-0.21110481957490163,-0.21128877769747387,-0.20127757938322247,-0.1810712676844668,-0.15067028918734168,-0.11007467951902825,-0.05928477813409386,-2.171464172503837e-14
2.4393205187241388e-14,0.1485183863348027,0.2887701345115736,0.4191032314122463,0.5395173857513866,0.650012831788617,0.7505900725969085,0.8412485761399158,0.9219878550712577,0.99280782793501,1.0537084880407916,1.1046899357597673,1.1457523117345487,1.1768956057117466,1.1978313928386803,1.2071716748632835,1.203736276639946,1.1874963513249324,1.1585034807368753,1.116757460839452,1.0622581109255869,0.9950053399804142,0.9149991701974397,0.8222397466495828,0.7167278950752909,0.5984632776692692,0.4674452466983716,0.3236745826794045,0.16715155694726117,3.728909718992801e-14
3.4703616061181924e-14,0.07804309982321053,0.14611988805406326,0.2022368821407222,0.24639415569846396,0.27859169412644996,0.2988294320162101,0.30710741936997515,0.30342569980741074,0.28778428323548527,0.2601831865934348,0.22062243866519354,0.16910208648400302,0.10562221344609483,0.03155329612929792,-0.04567075311492036,-0.11628772388317395,-0.1760167516279999,-0.2242756645768967,-0.26106441405266223,-0.28638296534732793,-0.30023129517508657,-0.3026093877349767,-0.29351722642362216,-0.2729547201158273,-0.24092192300706766,-0.19741892949782464,-0.14244565127453732,-0.07600205020918466,-3.2397732844868797e-14
1.6665620528593992e-14,0.004048982099478964,0.015641429615683235,0.03372998212465532,0.05720569399189335,0.0849596093096029,0.11588275994821141,0.14886617096945023,0.18280087608788564,0.21657791007674815,0.24908830731081585,0.2792231031176768,0.30587333319796717,0.3279300346548713,0.3443191643686893,0.3542664386401623,0.35778969646933967,0.35555454702984585,0.3484253146993442,0.33728680595760874,0.32302382664652,0.30652118213973206,0.2886636786200797,0.2703361227066028,0.2524233241042361,0.23581010413303102,0.22138127643837696,0.2100216443705268,0.2026160072902113,0.20000000000001303
1.491035389942449e-14,0.00642964906301915,0.025293928551622928,0.05579066490533953,0.09707055709131833,0.14828430077053295,0.2085825965429615,0.2771161654644616,0.35303570628949943,0.4354919071143814,0.5236354547069021,0.6166170370354805,0.7135873451676101,0.8136970735135982,0.9160885647724262,1.0198385819670153,1.1238834544906315,1.2271149131360812,1.3284262041070949,1.4267118020053615,1.5208661770130312,1.609783796865967,1.6923591289954698,1.7674866420643696,1.8340608127370808,1.8909761383661399,1.9371271048146603,1.971408181144162,1.9927138486038354,1.99999999999999
1.0000000000000127,1.003406029924705,1.0131121009825932,1.0281510746193778,1.0474989111996413,1.0701315710665438,1.0950250139172042,1.1211551968175408,1.147498078950506,1.1730296206779622,1.196725782880078,1.2175625272606125,1.2345158168625598,1.24656161662888,1.252711638336352,1.2522839000681774,1.245402613458887,1.232844240235312,1.2155837878756157,1.194616616071523,1.170938086287895,1.1455435613268163,1.1194284048751708,1.093587981135197,1.0690176552777584,1.0467127947625505,1.0276687653774095,1.0128809301111337,1.0033446529767216,1.0000000000000164
1.4111196306077845e-14,0.09250699327890805,0.17429377750641883,0.24321669756978131,0.29927583250484807,0.3424709984453393,0.37280206899206125,0.3902690713475608,0.3948720872768699,0.38661110047748104,0.3654861173697611,0.3314971478663902,0.28464419203613933,0.22492730148202114,0.15356152677550589,0.0773334501025958,0.005879189916583316,-0.05602403780674386,-0.10766352428429475,-0.14903925436874066,-0.18015124247778244,-0.2009994845809545,-0.211583970517196,-0.21190470162177868,-0.20196156014561142,-0.18175450415458516,-0.1512836820064054,-0.11054916755335678,-0.05955101413471409,-7.910948049373481e-15
1.5078347584715768e-14,0.14807319443224842,0.2879359358655353,0.41794641341712646,0.5381050836460908,0.6484117801059728,0.748866768845953,0.8394700358577195,0.9202213069015306,0.9911205459522832,1.0521677542139451,1.103362958445255,1.1447062000367603,1.1761975108452931,1.197546198828815,1.2073421880175674,1.2043472112937983,1.1884852914901385,1.159799309397902,1.1182892035684948,1.0639549334539533,0.996796483763945,0.9168138604782305,0.8240070872265615,0.7183763848225208,0.5999218447838044,0.46864320034080154,0.3245404425268661,0.16761371341362807,1.0489342378750777e-14
7.333017221589354e-15,0.07770001426007841,0.14550105715036232,0.20142331251158177,0.24546668835514782,0.27763121042784794,0.29791684450336803,0.30632358769216655,0.30285146788573303,0.28750049110648385,0.26027066443638297,0.2211620002231994,0.17017451726018698,0.10730824075078317,0.033807107023650196,-0.043401205158953016,-0.11455635212342435,-0.1748735485295054,-0.2236445840548066,-0.26086943614948377,-0.2865480865982767,-0.3006805225714894,-0.3032667362767921,-0.29430672298784816,-0.27380045775984124,-0.24174793173888798,-0.19814918381467705,-0.14300422286958114,-0.07631303624876395,-9.819792111989779e-15
1.8957780519318542e-14,0.0040461369965655,0.01563068904392401,0.033707495511315244,0.057168888076076146,0.08490718966461813,0.11581470939134263,0.14878374881603834,0.18270661933883173,0.21647563404732936,0.24898310565288936,0.2791213476867493,0.3057826738958138,0.32785939934184566,0.34427812106845473,0.3542607235414487,0.35781478704998654,0.35560194875092244,0.3484869889682147,0.33735580451440444,0.32309429176388144,0.30658834659253714,0.2887238657214416,0.2703867464228222,0.2524628893268143,0.23583820764146812,0.2213986084278932,0.21002998574725107,0.20261822845239755,0.20000000000001544
1.705121870472944e-14,0.00642657746911421,0.025282083833621218,0.055765197628808674,0.09702752572350858,0.14822066905702946,0.2084962295868104,0.2770058362483265,0.3529010932724115,0.435333591723672,0.5234549208900294,0.616416671489225,0.713370437736414,0.8134678175982579,0.9158520553762516,1.01960074648794,1.1236506066633822,1.2268928277877034,1.3282197132078473,1.426524744530074,1.5207013987146936,1.6096431500624366,1.6922434724217015,1.7673958407659205,1.8339937382166813,1.8909306705826188,1.9371001360838027,1.971395611294199,1.992710581914649,1.99999999999999
1.0000000000000144,1.0034034611077192,1.0131024252160408,1.0281308839582877,1.0474659928777823,1.0700849077852337,1.094964784485169,1.1210827754065311,1.1474160353441427,1.1729417205290322,1.196636987731152,1.2174789944859477,1.2344448995885957,1.246511863666184,1.2526921558365522,1.2522998827112513,1.2454489574346541,1.2329119196582394,1.215664320455996,1.1947027012377702,1.171023605196409,1.1456235768441638,1.11949916156207,1.0936469052302662,1.0690633547061912,1.0467450593795653,1.0276885674892917,1.0128904239165915,1.0033471741604036,1.0000000000000193
1.607724041638392e-14,0.09244264557010749,0.17417739644388303,0.2430630449656283,0.29909975001053124,0.3422873115252835,0.372625585657772,0.3901146043112793,0.3947544632680155,0.38654514866391776,0.36548666580388206,0.3315790227707496,0.2848222179652723,0.22521630296390324,0.15395413178540138,0.0777332520388571,0.006188836216207908,-0.05581395961258795,-0.1075403710101465,-0.14899037577624094,-0.18016398859422078,-0.20106120552634463,-0.21168201557574393,-0.2120264180751396,-0.20209429065504297,-0.18188556889406834,-0.15140040904933855,-0.11063891682548244,-0.059601146794094215,-9.440866948668487e-15
1.7322766836259486e-14,0.14800305761708668,0.2878042869394156,0.417763776181208,0.5378819861023839,0.6481586851098889,0.7485941678995334,0.8391884615477223,0.9199412421671607,0.9908524603243991,1.0519221176271736,1.1031502450070567,1.1445368885977043,1.1760820851954064,1.1974950644860154,1.207363582220564,1.204440191423154,1.188640081317947,1.1600043910517215,1.118533057108874,1.0642260361501847,0.997083310815697,0.9171048855899477,0.8242907833046832,0.7186412308554327,0.600156370893455,0.4688359313452463,0.3246798404871122,0.16768822161821048,1.0875150419218538e-14
8.31497236817517e-15,0.07764196467133673,0.1453965388288449,0.20128619521135874,0.24531083495268752,0.27747049415405595,0.29776513636668345,0.30619475359898096,0.3027593791283657,0.28745902014934366,0.2602936833409812,0.22126338018621572,0.17036812855204306,0.10760795307670608,0.03420457656887768,-0.04300319658525868,-0.11425509461375834,-0.17467753920267373,-0.2235401154309943,-0.2608428001037732,-0.2865855751855972,-0.3007684280493407,-0.30339135108997156,-0.2944543397522573,-0.2739573684833467,-0.24190042191642752,-0.19828353899664178,-0.14310673620602968,-0.0763700040220245,-1.1529665866220717e-14
1.945801429903443e-14,0.004045696213980811,0.015629025574514947,0.03370401463604793,0.057163194700505446,0.08489908863610159,0.1158042051176114,0.148771045084673,0.18269211951087352,0.21645994114215295,0.24896702234640447,0.27910587629142114,0.30576901633472425,0.3278489571385449,0.3442723942488392,0.35426060187280906,0.357819532727633,0.3556101960523912,0.3484974475521321,0.3373673601733076,0.32310600645155274,0.30659945841533304,0.2887337889480704,0.2703950715131336,0.2524693829889251,0.23584281297296694,0.22140144509319964,0.21003134961730663,0.20261859138152566,0.20000000000001592
1.747295776897216e-14,0.006426090410646593,0.025280204390643064,0.05576115505990266,0.09702069364230465,0.14821056511706718,0.20848251382311964,0.27698831232564886,0.3528797081137659,0.4353084350269821,0.5234262250354023,0.6163848115793592,0.7133359316730593,0.8134313261598393,0.9158143824595835,1.0195628319946775,1.123613461114142,1.2268573792191881,1.3281867389283597,1.426494862584855,1.5206750678349947,1.6096206696201807,1.6922249824035676,1.767381321769188,1.833983011516594,1.8909233984423948,1.9370958222284107,1.9713936004116122,1.9927100592446167,1.9999999999999896
1.0000000000000147,1.0034030480215772,1.0131008689862604,1.0281276355012474,1.0474606943346285,1.070077392542219,1.0949550774146268,1.1210710927209293,1.1474027846313375,1.1729275008044988,1.1966225894500306,1.2174653995475646,1.2344332813450647,1.2465035869387775,1.2526886755291893,1.2523020338061535,1.2454559396356328,1.2329223087125434,1.2156767768477907,1.1947160714923761,1.1710369219097898,1.1456360587020267,1.1195102133514618,1.0936561178459006,1.0690705051586693,1.0467501108307666,1.0276916693107205,1.0128919116264938,1.003347569357905,1.00000000000002
1.650662632451627e-14,0.09243267757425846,0.17415937969172174,0.2430392847447081,0.29907256691189105,0.3422590228076355,0.37259850437096337,0.39009104411697115,0.3947367400449096,0.38653557850197645,0.36548756462197696,0.33159270620298376,0.2848510013579507,0.22526250184345442,0.15401654267776255,0.0777965641960008,0.006237619599967294,-0.05578116514495818,-0.1075215231261581,-0.1489834309410628,-0.18016690340823538,-0.20107193660194572,-0.21169851930355682,-0.21204665037869647,-0.20211620655817875,-0.1819071205845895,-0.15141954987285303,-0.11065360469907363,-0.0596093404951604,-9.741440712166542e-15
1.775094287033173e-14,0.14799193151629128,0.2877833867268903,0.4177347713688097,0.5378465537542048,0.6481184836022064,0.7485508541278592,0.8391437027435648,0.9198966962109983,0.9908097824175472,1.0518829629905548,1.103116269641827,1.1445097494314977,1.1760634400317962,1.1974865778113257,1.2073666517743529,1.204454752269164,1.188664582561299,1.1600369854196828,1.1185718968843885,1.0642692729928174,0.9971290959727555,0.9171513701014978,0.8243361184056238,0.7186835694081369,0.6001938721881436,0.46886675460913185,0.32470213790261016,0.16770014194283092,1.0977947773305874e-14
8.421326745277992e-15,0.0776326292529804,0.14537972370580923,0.2012641202145435,0.24528571755754394,0.2774445545794961,0.2977405953069094,0.3061738304105634,0.3027442941910222,0.2874519941322843,0.26029693696912176,0.22127913424870588,0.1703986039820602,0.10765537103611617,0.03426762947982538,-0.0429399379721836,-0.11420708668672923,-0.17464614853663285,-0.22352318418173733,-0.2608381699962821,-0.2865910876735646,-0.3007819244115606,-0.3034106725078693,-0.2944773273479303,-0.2739818632072809,-0.241924263947211,-0.1983045685100203,-0.1431227943188548,-0.07637893256994645,-1.1780917810933144e-14
1.9552510532890992e-14,0.004045631924577199,0.015628783347308075,0.03370350899594904,0.05716237019175811,0.08489791984677685,0.11580269661270674,0.14876923137121356,0.1826900650758288,0.21645774046909513,0.24896479991612183,0.279103786579448,0.30576724380684217,0.3278477162501033,0.3442719134417506,0.3542610114324951,0.35782070440862057,0.3556119030858962,0.3484994768032249,0.3373695282000284,0.3231081595087536,0.30660147245253344,0.28873556961167496,0.2703965541525368,0.2524705326693241,0.235843624506345,0.22140194306267721,0.2100315883123663,0.2026186547538792,0.20000000000001603
1.755972848811936e-14,0.006426012465762199,0.025279903524175987,0.05576050783168536,0.09701959976891274,0.14820894740474322,0.20848031786041346,0.2769855067011148,0.3528762843410166,0.4353044074560315,0.5234216308354054,0.6163797107461291,0.7133304070444453,0.8134254834311455,0.9158083502300501,1.0195567606831437,1.123607512585082,1.226851702185875,1.3281814579656945,1.4264900767504953,1.5206708506570452,1.6096170690872815,1.6922220209601535,1.7673789963171858,1.8339812934346835,1.8909222336500116,1.9370951312532354,1.9713932783032706,1.9927099755152726,1.9999999999999898
1.0000000000000149,1.0034029767059331,1.0131005998671843,1.028127072457859,1.0474597733318396,1.0700760816392523,1.0949533768084168,1.1210690347202252,1.1474004336635397,1.1729249534251849,1.1966199743457604,1.2174628775370002,1.234431045382649,1.2465018621191857,1.252687702914042,1.2523019570541762,1.2454566422571292,1.232923573739562,1.2156783991574094,1.1947178738784958,1.171038755089555,1.145637801320448,1.1195117719842902,1.0936574270012978,1.0690715272795475,1.0467508363020004,1.0276921164670556,1.0128921267403448,1.0033476266289945,1.00000000000002
1.658531441246101e-14,0.09243122461544605,0.17415676202014665,0.24303584938561415,0.29906866262222354,0.34225499773232937,0.37259470589557026,0.39008781973395135,0.3947344376834978,0.38653454613661226,0.36548815021055825,0.3315952576597645,0.2848558665457789,0.22527002869425408,0.1540265219703435,0.07780655576970272,0.006245180597624364,-0.055776248620373295,-0.10751890678248102,-0.14898277027644072,-0.18016785395783527,-0.20107415390347025,-0.21170165884500045,-0.21205036755472806,-0.20212015652814988,-0.18191095801834195,-0.1514229297079273,-0.11065618269849137,-0.059610772642321556,-9.79516423562576e-15
1.7833613068223516e-14,0.14799015059425988,0.2877800402619472,0.41773012709061774,0.5378408806909207,0.6481120472866125,0.7485439197453754,0.8391365372441769,0.9198895648015276,0.9908029498195169,1.0518766939239224,1.1031108289790592,1.1445054022333279,1.1760604515251027,1.1974852145242705,1.207367138746432,1.204457080444375,1.1886685037704543,1.1600422037183926,1.1185781162039707,1.0642761971238688,0.9971364286197862,0.9171588149441604,0.8243433792031519,0.7186903503556624,0.6001998785552412,0.46887169150759234,0.32470570934631104,0.16770205142447406,1.100975407802802e-14
8.523976531579121e-15,0.07763101644010872,0.14537680961342675,0.2012602772714442,0.2452813178691063,0.27743997076300964,0.2977362000622277,0.30616999620450674,0.30274139367667025,0.287450400020118,0.260297021982893,0.22128127113826118,0.17040316554660084,0.1076627301342297,0.03427759600776274,-0.042929810429030955,-0.11419926515205785,-0.17464086830942124,-0.22352012147859274,-0.26083700093933065,-0.2865914883234047,-0.30078357078504003,-0.30341324059749397,-0.29448049312917984,-0.27398530260851567,-0.24192765276990097,-0.19830758258411327,-0.1431251096367056,-0.07638022523097913,-1.190698181842464e-14
1.9573982815043232e-14,0.00404562580808506,0.015628760653198494,0.03370346253248654,0.05716229629625733,0.08489781841174668,0.11580257107444113,0.14876908870693165,0.18268991580377397,0.2164575986468432,0.24896468313923956,0.27910371598070294,0.30576724405587574,0.32784781555272385,0.34427214103137255,0.35426138009479824,0.3578211859669502,0.35561245464712843,0.3485000588213444,0.33737010704908643,0.32310870748375403,0.3066019677697777,0.2887359964087032,0.27039690248862175,0.25247079852451393,0.23584380977793984,0.2214020555687373,0.2100316417918227,0.2026186688662393,0.20000000000001603
1.7568901732033934e-14,0.006425999667970353,0.025279854158596817,0.05576040164605913,0.09701942030445325,0.14820868200513188,0.20847995760048837,0.2769850464164927,0.3528757226310578,0.4353037466763776,0.523420877096451,0.6163788739134398,0.7133295007390132,0.8134245250296764,0.9158073608695516,1.019555765065031,1.123606537237219,1.2268507714542787,1.3281805922367724,1.426489292231811,1.5206701593782825,1.6096164789007328,1.692221535540308,1.7673786151600237,1.8339810118551747,1.8909220427783475,1.9370950180437292,1.9713932255397852,1.9927099618040627,1.9999999999999896
1.0000000000000147,1.003402961275735,1.0131005413220302,1.0281269491111982,1.0474595698297047,1.070075788956407,1.0949529922591883,1.121068561955219,1.1473998826693288,1.1729243405252918,1.196619322200657,1.2174622151446428,1.2344304080782385,1.246501291575616,1.2526872445272266,1.2523016415574348,1.2454564588918198,1.2329234948474148,1.2156783977920333,1.1947179263342889,1.1710388409025034,1.1456379032691282,1.1195118760899292,1.09365752252793,1.0690716067338264,1.0467508954325755,1.0276921542652084,1.0128921454411461,1.0033476317100272,1.00000000000002
1.660332720688527e-14,0.09243108736301232,0.17415652127486742,0.24303554554459625,0.2990683369231605,0.3422546913590443,0.3725944599195547,0.39008767523333593,0.39473443572610717,0.3865347277694279,0.36548855646868733,0.33159592957246675,0.2848568451387128,0.2252713549773392,0.1540281496975412,0.07780809229478533,0.006246244881124891,-0.055775677396725704,-0.10751875995987736,-0.14898297917416142,-0.18016834989009603,-0.2010748681838199,-0.21170252278477128,-0.2120513124596393,-0.20212111374470962,-0.1819118588914437,-0.15142370554867302,-0.11065676482882293,-0.059611092381009256,-9.807075849917663e-15
1.7850797953152428e-14,0.1479898583447614,0.2877794913377855,0.4177293651401275,0.5378399499760093,0.6481109914500673,0.7485427821242641,0.8391353615667915,0.9198883946710098,0.9908018287918695,1.051875665555986,1.1031099368328265,1.1445046898727629,1.1760599625200567,1.1974849925887117,1.2073672203545094,1.2044574635873342,1.1886691476413138,1.1600430598311406,1.1185791360914523,1.0642773323267383,0.9971376306791516,0.917160035394148,0.824344569566475,0.7186914620961343,0.6002008631653754,0.46887250060265834,0.32470629452053035,0.167702364173241,1.1018156048586532e-14
8.538606472531856e-15,0.07763066664181108,0.14537617143526232,0.20125942428949886,0.24528032347212192,0.27743890843367053,0.29773514333770573,0.30616901857273415,0.30274056864289395,0.28744980109292956,0.26029672267435255,0.2212813449618547,0.17040368601687594,0.10766377076733376,0.034279139337388,-0.042928148751034005,-0.11419788444527167,-0.17463981897466455,-0.22351936592672197,-0.2608365015732498,-0.2865912075338953,-0.30078347095667113,-0.3034132841148511,-0.29448064237539257,-0.2739855199736334,-0.2419279006460025,-0.1983078233477774,-0.1431253056620752,-0.07638033892160848,-1.1926733197741888e-14
3.7794683823353083e-14,0.004045619034165309,0.01562865946032416,0.033703242158531654,0.057161993069140035,0.08489748984697747,0.115802267683875,0.1487688441261533,0.18268974635644145,0.21645751923799664,0.24896471927779715,0.2791039016589386,0.3057676048038128,0.3278483394936966,0.34427275413200065,0.354261970287708,0.3578216688484509,0.3556128101163406,0.34850031812170706,0.3373703141251234,0.3231088889419511,0.3066021232595152,0.28873610856628235,0.2703969563115809,0.25247079879510914,0.23584378303134604,0.22140204330707722,0.21003166757879643,0.2026187011060753,0.2000000000000478
-2.3443642555274186e-14,0.006425964085012065,0.025279651987993704,0.05575999861273133,0.09701881092758886,0.1482078944960075,0.2084790818532949,0.27698418243150824,0.3528749637062917,0.4353031623758387,0.5234204926137324,0.6163786632534116,0.7133294026270051,0.8134244754283612,0.915807331882243,1.0195557880275286,1.1236066755921361,1.2268510898854157,1.328181141376181,1.426490090223734,1.5206711767716006,1.6096176416796084,1.692222744941892,1.7673797663431887,1.8339820036591892,1.8909227870019059,1.9370954705303154,1.971393405750389,1.9927099774776074,2.000000000000012
1.0000000000000435,1.0034029426699702,1.0131005074169102,1.028126875007828,1.0474594125942531,1.0700755059379141,1.0949525502846906,1.1210679498935117,1.1473991147019116,1.172923455543962,1.1966183805377864,1.217461290196753,1.2344295702690797,1.2465005819099424,1.2526866396965695,1.2523010468734752,1.2454557797543813,1.2329227082614644,1.215677541957647,1.1947170647602838,1.171038037525831,1.1456372089264502,1.1195113224531763,1.0936571198698282,1.0690713436384325,1.046750741517102,1.0276920698971064,1.0128920958683751,1.003347606340566,1.000000000000043
4.4902319657426716e-15,0.09243056086716973,0.1741551057325977,0.24303430092168474,0.29906770015898665,0.342254717992092,0.3725949844575532,0.3900884730854999,0.39473538099861954,0.38653589680539296,0.3654900894365305,0.33159785369108274,0.2848589120985289,0.2252729345586847,0.15402854628227572,0.07780723194078186,0.006244758089731179,-0.05577703825732647,-0.10751961034517747,-0.14898338084995075,-0.18016860170356258,-0.20107525445143778,-0.21170313755587636,-0.21205200510450603,-0.20212162205370213,-0.18191193682312998,-0.1514233216271429,-0.11065639440658002,-0.059611409330788935,-2.106891094596668e-14
-3.432023097426997e-14,0.1479886760147004,0.28777718511808764,0.4177269850751127,0.5378376056769361,0.6481093689526691,0.7485423467243725,0.8391360643026239,0.9198900845468657,0.9908040995703512,1.0518779231488893,1.1031116383724722,1.1445055918225917,1.1760602580252935,1.1974853141585187,1.2073681637910563,1.2044591917804794,1.1886715737404587,1.1600459225411441,1.1185819478668644,1.0642795177500446,0.9971387717950017,0.9171599673933605,0.8243432969211681,0.7186890482807937,0.6001976288758369,0.46886908332769733,0.32470357025687246,0.16770147740622013,-3.756428055265443e-14
1.9480821284762836e-14,0.07763043369702355,0.1453759233022304,0.201258718442755,0.2452791030897703,0.277437225556988,0.29773318630175016,0.306167078883528,0.3027389398766527,0.2874487582392241,0.26029647824902397,0.22128197467631633,0.17040502568958787,0.10766527417962315,0.03427989366424805,-0.04292866810757347,-0.1141991472182061,-0.1746409267102576,-0.22351982125963046,-0.26083618208424564,-0.2865902046219007,-0.3007819824361923,-0.3034115501516241,-0.2944789161169404,-0.2739840481221954,-0.24192685805701886,-0.1983072458352005,-0.1431250271647799,-0.07637997725989186,-1.936516505463521e-14
9.00087023349784e-14,0.004045644465471641,0.015628673679110985,0.03370329432914971,0.0571621655755794,0.08489784909883193,0.11580284464484916,0.14876962680825936,0.18269071132107123,0.21645863032533855,0.24896591967862977,0.279105118718097,0.3057687662736967,0.32784940621247316,0.34427378082239896,0.3542631250783433,0.35782306769674166,0.3556144161700342,0.34850202020560883,0.3373719957235341,0.32311045576634617,0.30660350926420227,0.2887372675752197,0.27039784746784423,0.2524713885128447,0.23584408899377365,0.2214021317382654,0.21003162521213,0.20261864472343138,0.20000000000005688
1.5540305043670804e-13,0.00642602096404242,0.025279724272395096,0.05576002334126331,0.09701875055460572,0.14820765333973454,0.20847856764708408,0.2769834055502012,0.35287396892710066,0.43530199835754885,0.5234192241957254,0.6163773848265841,0.7133282362183518,0.8134235511921948,0.9158067411068088,1.0195555101688585,1.123606599401994,1.2268510945067603,1.3281811356210649,1.4264900203343127,1.5206710253744378,1.609617413200699,1.6922224415936815,1.7673793743109112,1.833981517101964,1.8909222833719037,1.9370950853822078,1.9713932102419407,1.992709937841357,1.999999999999875
1.0000000000000624,1.0034029334861587,1.0131004779643527,1.0281268250126254,1.0474593532266836,1.0700754590330244,1.0949525289427429,1.121067940289537,1.1473990813897885,1.172923346829078,1.1966181330647734,1.2174608383694836,1.2344288641050294,1.246499616825956,1.25268549719191,1.25229990169495,1.2454548015068827,1.2329219708570518,1.2156770381824973,1.1947167476403773,1.1710378482368524,1.1456370922237071,1.1195112339561313,1.0936570293511614,1.0690712390498656,1.0467506360790833,1.0276919934066713,1.0128920670449353,1.0033476104674708,1.0000000000000788
7.026626574804024e-14,0.09243069258132262,0.17415507361143984,0.24303522819557444,0.29906953157273036,0.3422571514707832,0.3725974941301523,0.390090736275145,0.39473732108303305,0.3865373017706158,0.36549072266274757,0.3315976036325865,0.28485792430161977,0.2252719039509071,0.1540289661727689,0.07780964787879358,0.006247625548821468,-0.05577522006231682,-0.10751919797304044,-0.14898421956626623,-0.18017036623036248,-0.20107764427779606,-0.21170600568850684,-0.2120553634579845,-0.20212513182423944,-0.18191490411424088,-0.1514253874434086,-0.11065728568069448,-0.05961081791588256,-4.450379562859182e-14
5.97454917462087e-14,0.1479893729717581,0.2877769127524316,0.4177262587161855,0.5378361669726721,0.6481065973090926,0.7485390785795383,0.8391332652694273,0.9198878248629576,0.9908024649543405,1.051877198652707,1.1031121895471634,1.144507661540313,1.1760637538126613,1.1974892933283183,1.2073712452627874,1.204460794292747,1.1886719125242837,1.1600454160303177,1.1185810421468192,1.0642785787895517,0.9971379144308073,0.9171590478980822,0.8243421405890445,0.7186882174066008,0.6001982250757262,0.4688710584074752,0.32470579633177765,0.1677026217999397,3.9893393340103125e-14
9.495158914737503e-14,0.07763024178760008,0.1453756659002513,0.20125851970026512,0.24527911439893912,0.2774374865887055,0.29773345414384467,0.30616704454512794,0.30273839281888204,0.28744753174429927,0.2602944784844183,0.22127925991644834,0.17040192204343751,0.10766254218720778,0.03427874062067762,-0.0429275912341063,-0.11419658550706348,-0.17463805986876516,-0.22351733868110124,-0.2608343533215683,-0.2865890581144889,-0.3007814226918653,-0.30341142805558247,-0.2944790530155821,-0.27398418258184215,-0.24192670248361325,-0.19830675582192797,-0.14312447656935876,-0.0763798641349745,-1.0011262700513753e-13
8.4185873024055e-14,0.004045682447947941,0.01562895121160291,0.03370383858180982,0.057162929353619295,0.0848987813591895,0.11580391161261493,0.14877080090921035,0.18269196372349375,0.21645993289584098,0.24896724632060105,0.27910644489547887,0.3057700685933943,0.32785066185684625,0.34427496319132367,0.3542641999146385,0.3578240134292342,0.35561523051823307,0.34850270828739666,0.33737256491082684,0.3231109159493134,0.3066038734866458,0.288737551700321,0.2703980687822057,0.2524715619412788,0.23584422076533146,0.2214022217038237,0.2100316747979619,0.2026186608184507,0.20000000000005544
1.3474223544526036e-13,0.0064260387792912845,0.02527995703906061,0.05576049829308565,0.09701941643546458,0.14820845951872053,0.20847947232325395,0.2769843552362966,0.3528749074057924,0.43530287856508193,0.5234200116565882,0.6163780564602832,0.7133287776923968,0.8134239546107839,0.91580700528582,1.0195556460912119,1.1236066286460307,1.2268510387363036,1.3281810133480116,1.4264898484104096,1.5206708212148141,1.6096171964048591,1.6922222342263178,1.7673791993950547,1.833981393112626,1.890922212829184,1.9370950542259975,1.9713932024512528,1.9927099386141116,1.999999999999884
1.0000000000000626,1.0034029163271412,1.013100373824708,1.0281266099735267,1.0474590247143811,1.0700750172572622,1.0949519748454852,1.12106727874693,1.1473983204657243,1.1729224964844527,1.1966172048805637,1.2174598456219652,1.2344278217640232,1.2464985413381902,1.2526844059669802,1.252298813283668,1.2454537379762376,1.232920955107688,1.2156760908056399,1.1947158858536395,1.1710370855509211,1.1456364382613944,1.119510694306206,1.0936566053609518,1.0690709272282808,1.0467504267732244,1.0276918706544624,1.0128920104923125,1.0033475959229594,1.0000000000000728
6.318573382862814e-14,0.09243228346558617,0.17415836821320743,0.24303807710921405,0.29907176266376023,0.342258880862863,0.37259889647489736,0.3900918135580441,0.39473806273375855,0.38653772862597024,0.3654908571274804,0.3315974604381733,0.28485751619985916,0.22527122500416596,0.15402791577538222,0.07780823629547766,0.006246087331833612,-0.05577672059814666,-0.10752062385830352,-0.1489855470899053,-0.18017156113051225,-0.20107866993146012,-0.21170683498878914,-0.2120559938060426,-0.2021256333776005,-0.1819153836444274,-0.1514258722797393,-0.11065772687100621,-0.059611139015778254,-4.345442968405059e-14
4.9578186926707135e-14,0.14799064159435357,0.2877799385453115,0.41772879527765366,0.5378380673108311,0.6481079861032387,0.7485399331444537,0.8391334522656402,0.919887398643221,0.9908015649849218,1.051875969330977,1.1031107484348577,1.14450609497034,1.1760621273190306,1.1974877160053068,1.2073698721787922,1.204459688213706,1.1886710390137556,1.1600447433561065,1.118580564213932,1.0642783135427232,0.9971378918081698,0.9171592920071394,0.8243426442003583,0.7186888604095166,0.6001987816402751,0.4688714197420245,0.3247059782030068,0.16770264411213476,3.9583809037429837e-14
8.861353890246157e-14,0.07762964701038129,0.1453744209592847,0.2012572080170117,0.24527779790655282,0.27743617380733654,0.29773217140657704,0.3061658403902736,0.30273729460322674,0.2874465584517464,0.2602936492172073,0.2212785946570042,0.17040143969169957,0.10766225749287214,0.03427866058940274,-0.042927436152110136,-0.11419616204304942,-0.17463738017403094,-0.22351643877397165,-0.2608332747471661,-0.2865878450768182,-0.3007801211290272,-0.30341008569396655,-0.29447772099838926,-0.2739829245890494,-0.24192559546001766,-0.19830586229859823,-0.14312384187773314,-0.07637953080123511,-9.003629275066615e-14
1.9565717548176048e-14,0.00404565507947166,0.015628873469178965,0.03370370512503636,0.05716270637009716,0.08489842513551014,0.11580339508075653,0.14877014208884826,0.1826912021185395,0.21645911291936454,0.24896641186294752,0.27910563711761,0.3057693270362986,0.327850021275485,0.3442744217862564,0.3542636795072343,0.3578234422445278,0.35561461054071536,0.34850206627056873,0.33737192777592884,0.32311031299254545,0.3066033393467677,0.2887371251222667,0.27039778918980706,0.2524714538492685,0.23584425415209845,0.22140231920789036,0.21003176469516657,0.20261870081232933,0.20000000000001603
1.756791032000085e-14,0.006425994608804037,0.025279834655516885,0.05576035974165383,0.09701934956310505,0.14820857750651192,0.20847981594153536,0.2769848657196726,0.35287550253521327,0.43530348833092586,0.5234205831607301,0.6163785485572035,0.7133291496437142,0.8134241553899401,0.9158069813530436,1.019555385446038,1.1236061673241307,1.2268504199744337,1.3281802664416453,1.42648899785106,1.5206699006180604,1.6096162584423401,1.6922213545397664,1.7673784732487408,1.8339809071439004,1.8909219718654904,1.9370949760159506,1.9713932059619432,1.9927099567167759,1.9999999999999893
1.0000000000000147,1.0034029286249149,1.0131004157612211,1.028126679896796,1.0474591162952887,1.0700751205141896,1.0949520883990624,1.1210674122437887,1.1473984867508382,1.1729227081221836,1.196617473113784,1.2174601792536335,1.2344282253419732,1.2464990120326118,1.2526849275776868,1.2522993504102031,1.245454249262695,1.232921412944156,1.2156764812621885,1.1947162044755004,1.1710373346633032,1.1456366252488588,1.1195108305393775,1.0936567053494264,1.0690710054817036,1.0467504893141544,1.0276919141410863,1.0128920338235547,1.0033476027619461,1.00000000000002
1.659686162150788e-14,0.09243175542989487,0.1741577750034556,0.2430372861398396,0.29907046538710347,0.34225710867426357,0.37259706704488654,0.3900903731205201,0.3947371253861049,0.3865373102353007,0.3654909327763958,0.3315980007563824,0.2848585122290154,0.2252725190199325,0.15402870898811347,0.07780795149058377,0.006245396997096948,-0.05577713951235773,-0.1075207228400208,-0.14898532934066894,-0.18017097387099024,-0.2010776525086037,-0.21170535397867288,-0.21205407703725213,-0.2021236981709111,-0.1819141495895572,-0.15142558898895178,-0.11065812755394905,-0.059611820958819124,-9.803431578484067e-15
1.7843913986733816e-14,0.1479897428292494,0.2877792746926542,0.41772906502184837,0.5378395840025211,0.648110577183626,0.7485423372308679,0.8391349037094539,0.9198879413899305,0.9908013976011417,1.05187527397228,1.1031096023830673,1.1445044301021843,1.176059794986328,1.197484933436134,1.2073672772204138,1.2044576294752913,1.1886694064659356,1.160043393949748,1.1185795278408697,1.0642777640251762,0.9971380846340694,0.9171604939129017,0.8243450149759596,0.7186918768059293,0.6002012296619246,0.468872801292336,0.3247065117237842,0.1677024801996554,1.101029054019717e-14
8.506043940010428e-15,0.07762992214954165,0.1453747798881817,0.2012575025574293,0.2452779884659521,0.2774362770624544,0.2977323324940409,0.3061661451499918,0.3027377495464336,0.2874471532311317,0.2602943629583172,0.22127939030884367,0.17040225334608153,0.10766297701410327,0.03427907639916051,-0.04292750707203397,-0.11419665347260771,-0.17463810285406606,-0.22351726152684978,-0.2608341057457622,-0.2865886171292768,-0.30078078282217885,-0.30341059509247004,-0.2944780493059567,-0.27398311968844064,-0.24192578996534728,-0.19830609910115743,-0.14312406470032688,-0.07637967808900076,-1.1893606239917802e-14
1.956544661851514e-14,0.004045649728568239,0.015628852880411215,0.03370366098355647,0.05716263202245708,0.08489831558419339,0.11580324698014455,0.1487699537462212,0.18269097349546742,0.21645884563106824,0.24896610917805082,0.27910530395821437,0.30576896997789815,0.3278496485473798,0.3442740431511122,0.35426330532646966,0.35782308158797677,0.3556142708961734,0.34850175373004527,0.33737164707534734,0.32311006751188653,0.3066031311101147,0.2887369547979694,0.27039765609046024,0.2524713559318316,0.23584418801926618,0.22140228010809748,0.21003174652066,0.20261869609860284,0.200000000000016
1.756735657716998e-14,0.006425994809875156,0.02527983540737008,0.05576036133953501,0.09701935224472967,0.14820858144264695,0.20847982123217235,0.2769848723989446,0.35287551056886335,0.43530349761460224,0.5234205935195636,0.6163785597459618,0.7133291613473328,0.8134241672237512,0.9158069928769124,1.0195553962652666,1.1236061772521102,1.2268504289364845,1.3281802743958828,1.4264890047762575,1.5206699065132316,1.6096162633265945,1.6922213584524461,1.767378476249325,1.833980909312538,1.89092197330585,1.9370949768546881,1.971393206346044,1.9927099568148032,1.9999999999999898
1.0000000000000149,1.0034029333872774,1.0131004341220546,1.028126719381044,1.0474591830413635,1.070075219275926,1.0949522225460857,1.1210675837607487,1.1473986962375657,1.1729229547940219,1.1966177548016728,1.217460492403963,1.2344285650166527,1.2464993719099045,1.2526852999336748,1.2522997260758648,1.2454546181067474,1.2329217655500926,1.2156768097186414,1.1947165024770174,1.1710375975105887,1.145636849849271,1.1195110154068113,1.0936568506044309,1.0690711128515133,1.046750562132938,1.0276919573499153,1.012892053969439,1.0033476079991872,1.00000000000002
1.659757298355062e-14,0.09243163335983282,0.17415754679458686,0.24303697113331704,0.29907008281330594,0.3422566777136537,0.3725966068577006,0.39008990289227463,0.39473666430466026,0.38653687748003324,0.365490547527413,0.33159768219332725,0.2848582795322909,0.22527239137879043,0.15402870137871985,0.07780805901675704,0.006245600156840541,-0.05577685781696025,-0.10752037834359125,-0.14898493777196029,-0.18017055095896517,-0.20107721398069495,-0.21170491556094984,-0.21205365445779842,-0.20212330714770338,-0.1819138058271332,-0.15142530820784333,-0.11065792549106991,-0.059611713356331586,-9.803362922386593e-15
1.7842122748345157e-14,0.147989747320129,0.2877792828936252,0.4177290763360747,0.5378395977006907,0.6481105924479558,0.7485423532690095,0.8391349197537217,0.9198879566315722,0.9908014112235805,1.0518752851572633,1.10310961031755,1.1445044339778043,1.1760597939972108,1.1974849272616843,1.2073672675998557,1.2044576185950326,1.188669394977742,1.1600433820965368,1.1185795158594074,1.0642777521487208,0.9971380730965054,0.9171604829489233,0.824345004817718,0.7186918677101964,0.6002012219072754,0.4688727951261391,0.32470650738542695,0.16770247794256782,1.100642481842754e-14
8.4800699512093e-15,0.07763003087078102,0.1453749839602223,0.20125778586964443,0.24527833495145568,0.2774366706648153,0.29773275715209424,0.306166584797205,0.3027381881212367,0.28744757467446164,0.26029475121059625,0.22127972930787898,0.17040252703798395,0.10766316934579,0.03427917069004676,-0.04292752713199464,-0.11419678973899919,-0.17463834020695604,-0.22351758133733238,-0.26083448938475945,-0.28658904596184703,-0.3007812382113476,-0.3034110584020688,-0.2944785018985792,-0.27398354292565436,-0.24192616520434418,-0.19830640771009203,-0.14312428804249427,-0.07637979752265138,-1.1868576366526175e-14
3.780558623034993e-14,0.004045642955198098,0.015628751710173923,0.03370344063121357,0.057162328780188426,0.08489798693726971,0.11580294341913758,0.14876970889776803,0.18269080368135188,0.21645876575881123,0.24896614476346682,0.279105489005126,0.3057693300324631,0.3278501717517345,0.3442746554865831,0.35426389473103265,0.3578235636688143,0.355614625575192,0.3485020122759136,0.33737185345503784,0.3231102483502431,0.30660328607056553,0.28873706652677156,0.2703977095913812,0.2524713559872827,0.23584416115188186,0.22140226779517058,0.2100317722963648,0.20261872833938646,0.20000000000004783
-2.3443402693387896e-14,0.006425959226735579,0.02527963327122972,0.05575995840154451,0.0970187430312536,0.14820779416646943,0.20847894578505355,0.2769840087617508,0.35287475201508006,0.43530291368646995,0.5234202093927768,0.6163783494103741,0.7133290635141761,0.8134241178411565,0.9158069640353106,1.0195554192977672,1.1236063156105836,1.2268507473163428,1.3281808234391783,1.426489802636869,1.520670923750928,1.609617425938936,1.692222567692981,1.7673796272957505,1.8339819010203724,1.8909227174756333,1.9370954293175096,1.9713933865501496,1.9927099724887893,2.000000000000012
1.0000000000000435,1.0034029147942178,1.0131004002602562,1.0281266453729734,1.0474590259719148,1.0700749365065374,1.0949517809102665,1.1210669721293887,1.147397928788925,1.1729220704110597,1.1966168138031594,1.2174595681696292,1.234427727952881,1.246498663007037,1.2526846958754667,1.252299132172005,1.245453939753677,1.232920979740414,1.215675954633695,1.1947156416051752,1.1710367947699563,1.1456361560615285,1.1195104622340692,1.093656448315443,1.0690708500320245,1.046750408406259,1.0276918730935967,1.0128920044479683,1.0033475826427416,1.000000000000043
4.497176090006976e-15,0.09243110701015449,0.17415613145542846,0.24303572628476602,0.299069445433542,0.34225670342362696,0.3725971302995099,0.3900906995961598,0.39473760843376815,0.3865380454262931,0.36549207951220136,0.3315996054904689,0.2848603458810356,0.2252739705616655,0.15402909767028305,0.07780719843374741,0.0062441133390350925,-0.05577821840717698,-0.10752122817734029,-0.14898533865845515,-0.18017080179520825,-0.20107759913281886,-0.211705529122238,-0.21205434584517696,-0.2021238142620425,-0.1819138827915018,-0.15142492364730623,-0.11065755478082273,-0.05961203028007242,-2.107483053837671e-14
-3.431884076815296e-14,0.14798856513970374,0.28777697727468887,0.41772669704242604,0.5378372542020037,0.6481089707664616,0.7485419185618043,0.8391356228994742,0.9198896466426726,0.9908036819078018,1.0518775424681928,1.1031113114101316,1.1445053353154508,1.1760600887191874,1.197485247943286,1.2073682101971104,1.204459346086716,1.1886718205014266,1.1600462443413644,1.1185823272858493,1.0642799373621676,0.9971392141750346,0.9171604151184155,0.8243437325654673,0.7186894544098301,0.6001979880519401,0.46886937811943225,0.32470378325979915,0.16770159119757658,-3.7561339346258174e-14
1.9496698169414257e-14,0.07762979818459341,0.1453747363003906,0.20125708074577453,0.24527711547371583,0.2774349887992252,0.2977308011762747,0.3061646461636191,0.3027365603397824,0.2874465326730969,0.2602945074573149,0.22128035949035266,0.17040386698644053,0.10766467290098217,0.03427992511130727,-0.04292804640722865,-0.11419805251677688,-0.17463944813767818,-0.22351803710037543,-0.2608341705590759,-0.28658804391274334,-0.30077975069948293,-0.303409325528101,-0.2944767767410737,-0.27398207212725445,-0.24192512357738136,-0.19830583100784546,-0.1431240101266565,-0.07637943616188336,-1.938056587526495e-14
9.001168780259348e-14,0.0040456627622742864,0.01562874414235347,0.033703445682273,0.057162421092576264,0.0848982266053575,0.11580335651796526,0.14877027997538775,0.18269150726025432,0.2164595650659765,0.2489669838015325,0.2791062973553867,0.30577003910867434,0.3278507474798041,0.3442751594249213,0.35426450571044804,0.3578244144646601,0.3556156969396762,0.3485032082367219,0.3373730698601889,0.32311140043728204,0.3066043144829465,0.28873792894002226,0.2703983661619244,0.2524717713053464,0.23584434823996334,0.22140228537810921,0.21003169677054606,0.20261866331043057,0.20000000000005688
1.5540410299491173e-13,0.006426018746560538,0.025279715724064608,0.05576000497301231,0.09701871954659454,0.14820760753949386,0.2084785055635703,0.27698332635898115,0.35287387247088997,0.4353018851444195,0.5234190953985907,0.6163772422830304,0.713328082430725,0.8134233893275086,0.9158065749780501,1.019555344066423,1.1236064376093533,1.2268509408242303,1.3281809932029585,1.4264898916712814,1.520670912293705,1.6096173168661843,1.6922223625058477,1.7673793123069232,1.8339814713569267,1.8909222523989206,1.9370950670296312,1.9713932016948448,1.9927099356210713,1.999999999999875
1.0000000000000626,1.003402914558397,1.013100405123808,1.0281266686930266,1.0474590895983602,1.0700750700032873,1.0949520021566725,1.1210672691294394,1.147398264975131,1.1729223900167487,1.1966170464492656,1.2174596382829044,1.2344275726174812,1.2464982617465576,1.2526841118031116,1.2522985225809273,1.2454534634292487,1.2329207038897363,1.2156758671212893,1.194715691963024,1.1710369221035613,1.1456363044777287,1.1195105881239338,1.0936565236425484,1.0690708663580568,1.046750383980666,1.027691844161355,1.0128919975958541,1.0033475924406459,1.0000000000000788
7.026822562977257e-14,0.09243111004597512,0.17415585587366753,0.24303631204196882,0.2990708537955773,0.3422586488714008,0.37259910349778463,0.3900923943929757,0.394738964743211,0.3865388677702105,0.36549214779763456,0.3315988246969224,0.2848588780895969,0.22527252726009425,0.15402919985859737,0.07780945972042706,0.006247036652241577,-0.055776151531333806,-0.10752040724122122,-0.14898564185249077,-0.18017193675144802,-0.2010792982505103,-0.2117076783300041,-0.2120569899775899,-0.20212664742038616,-0.18191624399663736,-0.15142648683017307,-0.11065807978576413,-0.05961124194783496,-4.45049934090502e-14
5.974963612821076e-14,0.14798932234228795,0.28777681778841374,0.41772612715496277,0.5378360065846927,0.6481064157889934,0.7485388836204271,0.8391330646198942,0.9198876262503534,0.9908022760918449,1.0518770272511366,1.1031120433171773,1.1445075481927083,1.176063681057654,1.197489268224554,1.2073712709591646,1.2044608675079114,1.1886720261799595,1.16004556242624,1.1185812135860134,1.0642787675774354,0.997138112872457,0.9171592482964948,0.8243423352560614,0.7186883986694296,0.6001983852363566,0.4688711897597615,0.3247058911829003,0.1677026724468975,3.989666032751972e-14
9.496474762015907e-14,0.07762981006574184,0.1453748579367265,0.2012574020402998,0.24527775358763557,0.2774359491810725,0.2977318066960874,0.3061653536072439,0.30273672494334664,0.2874459534866589,0.26029305640092326,0.22127806056417415,0.17040101198901939,0.10766198800707387,0.034278599632145815,-0.04292730950477103,-0.11419592500735998,-0.1746370808915048,-0.2235161029182106,-0.2608329224597,-0.28658749383333165,-0.3007797866665212,-0.30340978196006735,-0.2944774585226604,-0.27398270136351255,-0.24192539621504627,-0.19830568617658959,-0.14312370522238502,-0.07637945276471288,-1.0012616029128103e-13
9.001782823071602e-14,0.004045667938153924,0.015628764096217582,0.03370348860935107,0.057162493697181994,0.08489833409994199,0.11580350262164125,0.1487704669115472,0.18269173575780476,0.21645983436092675,0.24896729163761824,0.2791066399839111,0.3057704112880206,0.32785114247508,0.34427556897206063,0.35426491985158615,0.3578248219081579,0.3556160870733979,0.34850357212043553,0.3373734003547098,0.3231116922038558,0.3066045639827911,0.28873813443432167,0.2703985277121705,0.2524718907743408,0.23584442929422028,0.2214023334882433,0.2100317192077977,0.20261866914465085,0.20000000000005685
1.554155030880643e-13,0.006426017705420702,0.025279711710193165,0.055759996350995544,0.09701870500168186,0.14820758607519216,0.20847847650239087,0.27698328934773014,0.35287382747721174,0.43530183245351883,0.5234190356124704,0.6163771763214478,0.7133280115325292,0.813423315051689,0.9158064991863026,1.0195552687822784,1.1236063647090868,1.2268508719098954,1.3281809295914864,1.4264898343948338,1.520670862098594,1.6096172742120087,1.692222327565184,1.767379284965682,1.833981451215567,1.890922238775928,1.9370950589637765,1.971393197941176,1.9927099346468107,1.9999999999998748
1.0000000000000624,1.003402908607382,1.013100382245101,1.02812661965466,1.0474590070158367,1.0700749483398961,1.094951837723205,1.1210670600835477,1.1473980113216784,1.1729220936081077,1.1966167109854504,1.2174592693115944,1.2344271775340523,1.2464978497941661,1.2526836939265618,1.2522981103065023,1.245453066656618,1.232920330699535,1.2156755240664547,1.1947153841242302,1.1710366530894998,1.1456360764249012,1.1195104016965691,1.093656378032871,1.0690707592864066,1.0467503116958345,1.0276918014408232,1.0128919777454786,1.003347587294076,1.0000000000000788
7.02726412297084e-14,0.09243122818560749,0.1741560777096037,0.2430366203002951,0.2990712311721429,0.34225907805603284,0.3725995671503329,0.39009287516495905,0.39473944530955973,0.38653933081874914,0.36549257601815954,0.33159920077466637,0.2848591847035596,0.2252727470894524,0.1540293143264076,0.07780944829583283,0.006246894676081611,-0.05577640766018368,-0.10752075663014093,-0.14898606361214473,-0.18017241000037867,-0.2010798021098702,-0.21170819191878193,-0.21205749240914806,-0.20212711778599018,-0.18191666136308254,-0.15142683028712375,-0.1106583284632998,-0.05961137498253996,-4.4508581351219436e-14
5.975678772631436e-14,0.14798929856792484,0.28777677320313516,0.4177260654559196,0.5378359314859064,0.648106330971661,0.748538792822457,0.8391329715952687,0.9198875346958624,0.990802189682622,1.0518769496655338,1.1031119782490681,1.1445074993505118,1.1760636521591128,1.1974892623653226,1.2073712882049283,1.2044609050076214,1.188672080604718,1.1600456304775395,1.1185812919545313,1.0642788529414424,0.9971382019029784,0.9171593376651523,0.824342421641044,0.718688478776643,0.6001984558175809,0.4688712475552336,0.32470593287225274,0.167702694681474,3.9902156534757804e-14
9.499486321247962e-14,0.07762967439036518,0.14537460445922643,0.20125705218583623,0.24527732879017275,0.2774354708745302,0.2977312963068629,0.3061648325596696,0.3027362146673814,0.2874454754144169,0.2602926319652358,0.22127771119827222,0.1704007591257626,0.10766185308436538,0.03427859898561248,-0.042927183202715796,-0.11419569515265326,-0.17463676648138327,-0.2235157210341052,-0.2608324901772647,-0.28658702822828525,-0.30077930481752224,-0.30340930094404206,-0.29447699541413147,-0.273982273234779,-0.24192502013386544,-0.19830537921112792,-0.14312348444634593,-0.07637933526045444,-1.0015664194187592e-13
