9.930288401957316e-10,2.379479487680237e-10,2.3838006073129944e-10,2.388116699271645e-10,2.392429283221478e-10,2.396740153906786e-10,2.4010520662911573e-10,2.4053697386422994e-10,2.4097038896139003e-10,2.414090965260845e-10,2.41873619797535e-10,-3.928281067911928e-11,-1.0158285512842231e-10,-1.0167619674260674e-10,-1.0033602947117473e-10,-9.897312992192082e-11,-9.909375924059478e-11,-9.923752504089839e-11,-9.940201969236251e-11,-9.957566087350507e-11,-9.975311913980764e-11,-9.993236162907184e-11,-1.0011252904181377e-10,-1.0029321440150724e-10,-1.0047420702616333e-10,-1.006553908866605e-10,-1.0083670025008454e-10,-1.0101811256129871e-10,-1.0119962231621463e-10
3.005808221342143,1.346217128802204e-9,1.3480643511248154e-9,1.3500888176553931e-9,1.3498535437802488e-9,1.34990579095877e-9,1.3500671885794854e-9,1.3502788826931576e-9,1.3502813854546134e-9,1.3501792273799762e-9,1.3497071606181457e-9,1.7220161038772142e-8,0.052492716229676065,0.06179840719738726,8.087042535165633,0.07712785211148145,0.06437325285396897,0.0596143235004931,0.05740964268766814,0.05623793602312847,0.05553292708965308,0.05507092523772616,0.05475086292875605,0.05452126968275592,0.05435330128383584,0.05422948984133617,0.05413838264078788,0.05407308137433072,0.05402873042514502
1.1931208485709414e-9,2.8018383577853994e-10,2.8072511612312043e-10,2.812630324129449e-10,2.81797904840435e-10,2.82330105452017e-10,2.8286013971026293e-10,2.833888126299791e-10,2.8391782156113735e-10,2.84452513393271e-10,2.8502111938118514e-10,-8.712233963592237e-11,-1.629385617101804e-10,-1.6312444060376777e-10,-1.6183458562806154e-10,-1.606288399189396e-10,-1.6086085506004376e-10,-1.6111662519636375e-10,-1.6139166388970317e-10,-1.6167520239574248e-10,-1.6196262436351483e-10,-1.6225225415712508e-10,-1.6254342375375914e-10,-1.6283584326536648e-10,-1.6312938343451314e-10,-1.634239912597855e-10,-1.6371965400699634e-10,-1.640163905767013e-10,-1.6431423398269634e-10
3.275801390122574e-10,6.707039604807866e-11,5.274704014222357e-11,3.8439050398240076e-11,2.414190558774914e-11,9.851596850183062e-12,-4.436025772056264e-12,-1.872516961471675e-11,-3.301981808118598e-11,-4.7324009971284974e-11,-6.164321653559394e-11,-5.916120803046076e-11,-5.293694985580585e-11,-4.6720598482574285e-11,-4.0598311103718304e-11,-3.4571045369413426e-11,-2.8549006929813857e-11,-2.2530569795573503e-11,-1.651424748146082e-11,-1.0499220948782623e-11,-4.484962407290001e-12,1.5289433550521763e-12,7.54286140922713e-12,1.3557132790830787e-11,1.9572086258900926e-11,2.5588044682299952e-11,3.160532853561005e-11,3.762423999333106e-11,4.364517012950061e-11
6.339489282351595e-10,9.45755627920552e-11,3.325000574419247e-11,-3.397028061030064e-11,-2.6332450720494386e-11,-2.8279423753730013e-11,-3.3932645777039503e-11,-4.1406910534326295e-11,-4.225569288240273e-11,-4.043346676627726e-11,-2.951060662796586e-11,-4.922412830924689e-11,-5.847266713684148e-11,-5.733440088336131e-11,-5.7548488041247436e-11,-5.753128048098329e-11,-5.7725173846692895e-11,-5.6313329761734935e-11,-6.243945133268414e-11,-5.818231504005518e-11,-6.064764412995596e-11,-6.026309435043089e-11,-6.153445686978144e-11,-6.142974404512771e-11,-6.234245041231316e-11,-6.17102407896881e-11,-6.370342961915719e-11,-1.883474674884741e-10,-3.1628819658216074e-10
1.2398233024409922e-9,2.7212403688455434e-10,2.5419086146871406e-10,2.363713018624901e-10,2.1865676518058297e-10,2.010389850054898e-10,1.8350986458993264e-10,1.660613715842489e-10,1.486855476162349e-10,1.3137429108621927e-10,1.1411791472190218e-10,1.192010015290966e-10,1.288502475784422e-10,1.385101580444417e-10,1.480930174604099e-10,1.5760527058050727e-10,1.6713487517874616e-10,1.7668443945304156e-10,1.8625631228492536e-10,1.9585222401514505e-10,2.0547364631067752e-10,2.1512195426773624e-10,2.2479849091749484e-10,2.345045948370857e-10,2.4424160997722633e-10,2.5401089095635786e-10,2.6381380870461614e-10,2.7365174049693033e-10,2.8352618963813277e-10
9.930288401957316e-10,2.379479487680237e-10,2.3838006073129944e-10,2.388116699271645e-10,2.392429283221478e-10,2.396740153906786e-10,2.4010520662911573e-10,2.4053697386422994e-10,2.4097038896139003e-10,2.414090965260845e-10,2.41873619797535e-10,-3.928281067911928e-11,-1.0158285512842231e-10,-1.0167619674260674e-10,-1.0033602947117473e-10,-9.897312992192082e-11,-9.909375924059478e-11,-9.923752504089839e-11,-9.940201969236251e-11,-9.957566087350507e-11,-9.975311913980764e-11,-9.993236162907184e-11,-1.0011252904181377e-10,-1.0029321440150724e-10,-1.0047420702616333e-10,-1.006553908866605e-10,-1.0083670025008454e-10,-1.0101811256129871e-10,-1.0119962231621463e-10
3.005808221342143,1.346217128802204e-9,1.3480643511248154e-9,1.3500888176553931e-9,1.3498535437802488e-9,1.34990579095877e-9,1.3500671885794854e-9,1.3502788826931576e-9,1.3502813854546134e-9,1.3501792273799762e-9,1.3497071606181457e-9,1.7220161038772142e-8,0.052492716229676065,0.06179840719738726,8.087042535165633,0.07712785211148145,0.06437325285396897,0.0596143235004931,0.05740964268766814,0.05623793602312847,0.05553292708965308,0.05507092523772616,0.05475086292875605,0.05452126968275592,0.05435330128383584,0.05422948984133617,0.05413838264078788,0.05407308137433072,0.05402873042514502
1.1931208485709414e-9,2.8018383577853994e-10,2.8072511612312043e-10,2.812630324129449e-10,2.81797904840435e-10,2.82330105452017e-10,2.8286013971026293e-10,2.833888126299791e-10,2.8391782156113735e-10,2.84452513393271e-10,2.8502111938118514e-10,-8.712233963592237e-11,-1.629385617101804e-10,-1.6312444060376777e-10,-1.6183458562806154e-10,-1.606288399189396e-10,-1.6086085506004376e-10,-1.6111662519636375e-10,-1.6139166388970317e-10,-1.6167520239574248e-10,-1.6196262436351483e-10,-1.6225225415712508e-10,-1.6254342375375914e-10,-1.6283584326536648e-10,-1.6312938343451314e-10,-1.634239912597855e-10,-1.6371965400699634e-10,-1.640163905767013e-10,-1.6431423398269634e-10
3.275801390122574e-10,6.707039604807866e-11,5.274704014222357e-11,3.8439050398240076e-11,2.414190558774914e-11,9.851596850183062e-12,-4.436025772056264e-12,-1.872516961471675e-11,-3.301981808118598e-11,-4.7324009971284974e-11,-6.164321653559394e-11,-5.916120803046076e-11,-5.293694985580585e-11,-4.6720598482574285e-11,-4.0598311103718304e-11,-3.4571045369413426e-11,-2.8549006929813857e-11,-2.2530569795573503e-11,-1.651424748146082e-11,-1.0499220948782623e-11,-4.484962407290001e-12,1.5289433550521763e-12,7.54286140922713e-12,1.3557132790830787e-11,1.9572086258900926e-11,2.5588044682299952e-11,3.160532853561005e-11,3.762423999333106e-11,4.364517012950061e-11
6.339489282351595e-10,9.45755627920552e-11,3.325000574419247e-11,-3.397028061030064e-11,-2.6332450720494386e-11,-2.8279423753730013e-11,-3.3932645777039503e-11,-4.1406910534326295e-11,-4.225569288240273e-11,-4.043346676627726e-11,-2.951060662796586e-11,-4.922412830924689e-11,-5.847266713684148e-11,-5.733440088336131e-11,-5.7548488041247436e-11,-5.753128048098329e-11,-5.7725173846692895e-11,-5.6313329761734935e-11,-6.243945133268414e-11,-5.818231504005518e-11,-6.064764412995596e-11,-6.026309435043089e-11,-6.153445686978144e-11,-6.142974404512771e-11,-6.234245041231316e-11,-6.17102407896881e-11,-6.370342961915719e-11,-1.883474674884741e-10,-3.1628819658216074e-10
1.2398233024409922e-9,2.7212403688455434e-10,2.5419086146871406e-10,2.363713018624901e-10,2.1865676518058297e-10,2.010389850054898e-10,1.8350986458993264e-10,1.660613715842489e-10,1.486855476162349e-10,1.3137429108621927e-10,1.1411791472190218e-10,1.192010015290966e-10,1.288502475784422e-10,1.385101580444417e-10,1.480930174604099e-10,1.5760527058050727e-10,1.6713487517874616e-10,1.7668443945304156e-10,1.8625631228492536e-10,1.9585222401514505e-10,2.0547364631067752e-10,2.1512195426773624e-10,2.2479849091749484e-10,2.345045948370857e-10,2.4424160997722633e-10,2.5401089095635786e-10,2.6381380870461614e-10,2.7365174049693033e-10,2.8352618963813277e-10
9.92098072955781e-12,1.558065462338486e-12,1.5648166535291403e-12,1.5700903026771983e-12,1.5713956033786503e-12,1.5666697009052727e-12,1.553944070822344e-12,1.5306018387375525e-12,1.4933571477182053e-12,1.4386301806258636e-12,1.363191340266492e-12,1.2592956502930657e-12,1.1098689387899896e-12,8.979669087230489e-13,8.029612917218898e-13,-6.67762754922187e-13,-8.540298862922482e-13,-1.0184165420060955e-12,-1.1267735869852936e-12,-1.2025831321720084e-12,-1.2577558121440782e-12,-1.2995361737404262e-12,-1.331999807432769e-12,-1.3575132898272713e-12,-1.3776728478873451e-12,-1.3937766277779195e-12,-1.4070279750278595e-12,-1.4186417267130869e-12,-1.4320638691686603e-12
1.3588841709722016e-11,2.893480362576821e-12,2.938631612746868e-12,2.989005698168758e-12,3.046166411374224e-12,3.1107668283807193e-12,3.183274396948479e-12,3.264112505425499e-12,3.3538944801740245e-12,3.453365768920714e-12,3.5630814049718638e-12,3.689820230272244e-12,3.847523387048398e-12,4.0387966737589405e-12,4.173016217855056e-12,3.3382923354205366e-12,3.145177870099719e-12,2.9599003752988765e-12,2.81840727010318e-12,2.7054136068041962e-12,2.6130351866256866e-12,2.5355813929571407e-12,2.4696386948359216e-12,2.4133630309449986e-12,2.3657980688120937e-12,2.3263935747981782e-12,2.2945857958795983e-12,2.2670647076794326e-12,2.2303641189275287e-12
5.522530603481134e-12,6.579030894426792e-13,6.562442891191118e-13,6.517063773809236e-13,6.425222063470878e-13,6.27334225168541e-13,6.049840402038784e-13,5.737190956041597e-13,5.310724009667614e-13,4.743985099068851e-13,4.018286885246736e-13,3.0803480855679034e-13,1.7987834160072773e-13,4.545019562235589e-15,-7.459372793292534e-14,-1.220655179789311e-12,-1.3669083277034437e-12,-1.4943641781113794e-12,-1.5785755725706477e-12,-1.637774032943678e-12,-1.6809484325748922e-12,-1.7134554847412277e-12,-1.7383505129503286e-12,-1.7575183129346465e-12,-1.7723224195818776e-12,-1.783875554403401e-12,-1.7930795239170925e-12,-1.8005305527368944e-12,-1.8082192518185817e-12
4.086525834003289e-12,5.433396507192083e-13,4.402100457931327e-13,3.316350670067331e-13,2.2496364046535514e-13,1.2720291535669558e-13,3.285378421076443e-14,-6.130321546795639e-14,-1.5420218690445673e-13,-2.4274664107071275e-13,-3.238270614796318e-13,-3.9248031417181576e-13,-4.4580318441843824e-13,-4.846929453009086e-13,-5.195504889884568e-13,-4.685114739179696e-13,-4.096108078017995e-13,-3.448767059782269e-13,-2.788339960437134e-13,-2.1365372285115825e-13,-1.4929978494284662e-13,-8.520110764899582e-14,-2.0907501782440693e-14,4.4209279437885126e-14,1.110905916145041e-13,1.815517433632809e-13,2.607976549161715e-13,3.4451648200123703e-13,4.293308078315243e-13
1.085364247149754e-11,2.339031174411722e-12,2.1050134187234675e-12,1.8755235372652722e-12,1.662331173168277e-12,1.4600978329279795e-12,1.2616148602942121e-12,1.0663552088310802e-12,8.753458448291843e-13,6.889639940315445e-13,5.056987840665458e-13,3.189067817368081e-13,1.2466970623817306e-13,-7.56936572747161e-14,-2.801320420799603e-13,-4.374066447348403e-13,-5.886758219020768e-13,-7.353233141840959e-13,-8.796933612485084e-13,-1.0224929034741792e-12,-1.1647390589450338e-12,-1.307876430702221e-12,-1.452970283774291e-12,-1.6010610192605857e-12,-1.7535856584848895e-12,-1.9143707439051306e-12,-2.098365670417751e-12,-2.3112672470954402e-12,-2.516211465264732e-12
7.688535449458393e-11,1.8125088591375645e-11,1.802917666078355e-11,1.793219251468986e-11,1.783990850097113e-11,1.7755119505356523e-11,1.7673725095302523e-11,1.7590741401307074e-11,1.750779983300066e-11,1.7431461338184465e-11,1.736915559553327e-11,1.732299744574363e-11,1.7289330029519556e-11,1.726625500325399e-11,1.7246667502709518e-11,1.730151093759636e-11,1.7363464337568228e-11,1.743084612573258e-11,1.7500110568443008e-11,1.7569582792263737e-11,1.7639249118884326e-11,1.7709499686571102e-11,1.778061257646791e-11,1.7853082971129204e-11,1.792808211863487e-11,1.800827126572862e-11,1.8099125146748067e-11,1.8193023283300158e-11,1.827428513784544e-11
1.6486535765408277e-12,-5.09269326591543e-15,-5.2454753797092245e-15,-5.523019109993677e-15,-5.97677622218492e-15,-6.633777599147553e-15,-7.527659155656468e-15,-8.745836994687422e-15,-1.0492589561150134e-14,-1.3164651202052982e-14,-1.7336144758994318e-14,-2.379007150211546e-14,-3.394899187617482e-14,-5.0785081142062375e-14,-7.160671206226746e-14,1.2803894351602514e-13,1.1137220584209127e-13,1.020745820564634e-13,9.698326595362019e-14,9.402611300664365e-14,9.212656660768396e-14,9.07981639245836e-14,8.984289425832251e-14,8.916133197664055e-14,8.867604220965136e-14,8.832146406607634e-14,8.806356250553942e-14,8.788228038180684e-14,8.769923754178944e-14
3.123480691891296e-12,5.777437772982351e-13,5.783983949487795e-13,5.787052371788207e-13,5.78804741683707e-13,5.788422026062287e-13,5.790404804111117e-13,5.796691578342388e-13,5.810541213250494e-13,5.835565404896375e-13,5.875020231405145e-13,5.932867901265866e-13,6.015698674837738e-13,6.130324054849129e-13,6.245022708197465e-13,7.217057919199517e-13,7.105583510627609e-13,7.038508754686384e-13,7.002961902022355e-13,6.986771856503455e-13,6.983261096086387e-13,6.988482803835688e-13,6.999735142540808e-13,7.01471858004791e-13,7.031247233422241e-13,7.047327811839712e-13,7.060817182277445e-13,7.067516636008295e-13,7.068743657304563e-13
7.429438765709677e-13,-1.648092434952605e-13,-1.6519754910763892e-13,-1.6572950613861941e-13,-1.6645436259703154e-13,-1.6742031087686978e-13,-1.6866624992626123e-13,-1.702712071173347e-13,-1.7242556273198073e-13,-1.754654019488758e-13,-1.7981793507668832e-13,-1.8603615945581216e-13,-1.9518645667073085e-13,-2.095487946644565e-13,-2.2679571870173431e-13,-7.259833878276956e-14,-8.623331735146633e-14,-9.418484958552147e-14,-9.894209042355291e-14,-1.0205297531697077e-13,-1.0429380832469537e-13,-1.0601858709488725e-13,-1.073811737553669e-13,-1.0846021546535939e-13,-1.0930681157632517e-13,-1.0995713695046911e-13,-1.1044412634967198e-13,-1.1079939790626245e-13,-1.1108428380972086e-13
7.031174924855839e-13,4.044050099326835e-15,4.029052834368602e-15,4.03667541302041e-15,4.908991091874273e-15,6.5980149482091445e-15,8.769912024296037e-15,1.1214889445923764e-14,1.367916126944196e-14,1.6013832012047364e-14,1.832474131002019e-14,2.0975748492380107e-14,2.4401748345051366e-14,2.89028987926042e-14,3.447840924311065e-14,2.7663860008835616e-14,2.1437396046243714e-14,1.533842995126732e-14,9.101125296165273e-15,2.5916629652402534e-15,-4.2101774289158414e-15,-1.1231542780883884e-14,-1.833806671473729e-14,-2.5358994150002065e-14,-3.2109049954675866e-14,-3.8434825606764055e-14,-4.433128646107407e-14,-4.9997081506093086e-14,-5.558806276469335e-14
2.131719101175464e-12,3.5447803296641345e-13,3.1988246685339745e-13,2.855701195869735e-13,2.509054514232185e-13,2.166060686755694e-13,1.8290651150051132e-13,1.4990506638362087e-13,1.177653693924319e-13,8.66830332937114e-14,5.6623850257616385e-14,2.6761064170238066e-14,-3.5953037001198635e-15,-3.4494558257840013e-14,-6.59867778950579e-14,-1.038801172763243e-13,-1.415506429965432e-13,-1.7927094521092891e-13,-2.1716177103782246e-13,-2.5521673728453534e-13,-2.933986919732504e-13,-3.316123524627604e-13,-3.6962608136797464e-13,-4.0700686359012894e-13,-4.432116119511621e-13,-4.780541522798493e-13,-5.104861810024293e-13,-5.331966700385835e-13,-5.648430770948993e-13
1.585757035290319e-11,3.704814133949057e-12,3.705961858787628e-12,3.70662806210368e-12,3.7070103471799375e-12,3.707487625681442e-12,3.708196598928009e-12,3.7091914185158575e-12,3.71070202737727e-12,3.712942840880734e-12,3.7159617260167e-12,3.719751388706232e-12,3.724389481887714e-12,3.730105483512274e-12,3.73702537155169e-12,3.7363115679670075e-12,3.736439455174801e-12,3.736997181820439e-12,3.7377392815756684e-12,3.738545419052855e-12,3.7393828709416344e-12,3.740258062827377e-12,3.741190361305579e-12,3.7422053582443515e-12,3.743314163420982e-12,3.74446486244341e-12,3.745606470072247e-12,3.746591711024946e-12,3.7473223349572225e-12
1.975102398043475e-12,5.168799184825003e-13,5.177748449378955e-13,5.241810286010408e-13,5.348649524484631e-13,5.303157804711227e-13,5.223563249247879e-13,5.385489225508375e-13,5.362521182203493e-13,5.350269665812312e-13,5.363714518730948e-13,5.379769552091617e-13,5.399534438235514e-13,5.426151695214335e-13,5.467025694291693e-13,-7.22613388181919e-13,-7.141425780747367e-13,-7.127249526730008e-13,-7.131260989759735e-13,-7.142180152640675e-13,-7.155882843584257e-13,-7.170516491032485e-13,-7.18519937977114e-13,-7.199509293137813e-13,-7.213246187005403e-13,-7.22644608297308e-13,-7.239388165292352e-13,-7.252311228164061e-13,-7.265246662997147e-13
6.2156467183733275e-12,6.544494998439639e-13,6.780307864319222e-13,6.776809876873856e-13,6.795134178840965e-13,6.812217999314719e-13,6.827430398510202e-13,6.840604565302816e-13,6.851914601655533e-13,6.86178274673904e-13,6.849393376843266e-13,6.840448683733474e-13,6.855808441254351e-13,6.856039071184885e-13,6.845067392733157e-13,6.89309234880929e-14,8.489837141815199e-14,9.307072753587205e-14,9.811749973794916e-14,1.0139850861604183e-13,1.0361858272768961e-13,1.0517559961756186e-13,1.0628738888339807e-13,1.0707130275467421e-13,1.0756895145692883e-13,1.0774078682362034e-13,1.0713706491082322e-13,1.2067088736266965e-13,1.5675646757752716e-13
1.1803766107862212e-12,2.7822716193411753e-13,2.7892630089748797e-13,2.796074873038847e-13,2.8028400267645715e-13,2.8095768529831085e-13,2.816428036473851e-13,2.823585597166849e-13,2.8312231251620275e-13,2.8391411419860327e-13,2.8477879548884793e-13,2.858334063639761e-13,2.8717024918787224e-13,2.8903648355979305e-13,2.9196481960568084e-13,-6.937279762475975e-13,-6.876954237562504e-13,-6.871448782676497e-13,-6.880281375752073e-13,-6.894451042028815e-13,-6.910410443504782e-13,-6.926537089214157e-13,-6.942106689350444e-13,-6.956795685498222e-13,-6.97038646439319e-13,-6.982849873020471e-13,-6.99459430925528e-13,-7.006100649492496e-13,-7.017471299324873e-13
1.8053458297006501e-12,4.2596126368126804e-13,3.9653470504431415e-13,1.8463703077513617e-13,-1.687356543962858e-13,-1.6716835087235015e-14,2.4921414352064734e-13,-2.837783892934816e-13,-2.014883113574688e-13,-1.5118532814927292e-13,-1.8134621084679558e-13,-2.1317210672636078e-13,-2.4565368744270656e-13,-2.788497154502227e-13,-3.130228589483612e-13,-2.7036455399439017e-13,-2.2835176422990925e-13,-1.8616445318852068e-13,-1.4355700482302727e-13,-1.0054140532742297e-13,-5.719773549018453e-14,-1.3616140074866632e-14,3.008287569936945e-14,7.374689130569144e-14,1.1723442533493e-13,1.6048898873633995e-13,2.0355421751459905e-13,2.465614037217616e-13,2.8956971572547754e-13
4.201312018441655e-12,1.0281485314601063e-12,2.963681306964024e-13,3.4344866594678593e-13,3.034368321963111e-13,2.624214294089241e-13,2.2096549043241387e-13,1.79203166926252e-13,1.3704919783089547e-13,9.330729148614705e-14,1.1361965517712373e-13,1.1246477575040914e-13,1.7902697482147644e-14,-4.251263647517251e-14,-9.447700344693568e-14,-1.0101651662293892e-13,-1.0812958528451422e-13,-1.1517491485041262e-13,-1.2201622883438663e-13,-1.286432861167451e-13,-1.350382080351404e-13,-1.4115254765949755e-13,-1.4688836522486815e-13,-1.519555332354214e-13,-1.5537658427652942e-13,-1.539244016235027e-13,-1.3025323461457993e-13,-5.76809701756065e-13,-1.7720351461393344e-12
1.3577219491818525e-11,3.2128728720376048e-12,3.189550352514772e-12,3.1662713792896346e-12,3.143063990254606e-12,3.119919375878458e-12,3.0968083368723103e-12,3.0737398889790992e-12,3.0506342210355333e-12,3.0273620214063834e-12,3.0036460201033514e-12,2.9794491305162204e-12,2.954612029914146e-12,2.9292660034929295e-12,2.9036741670350555e-12,2.940214703533498e-12,2.976521929956421e-12,3.013025715473048e-12,3.0498551895852986e-12,3.0870528129350302e-12,3.1246088431351204e-12,3.162478646307235e-12,3.2005681601730667e-12,3.2387229898023614e-12,3.2767542181895625e-12,3.3145458245618474e-12,3.3521476968922884e-12,3.389721480747799e-12,3.4272512831028564e-12
2.9443306425748865e-10,7.240667476508474e-11,7.253998259463198e-11,7.26732887723439e-11,7.280686013099203e-11,7.294068358231243e-11,7.307484067984543e-11,7.320957717680124e-11,7.33451514997632e-11,7.348156886657959e-11,7.361872882812553e-11,7.375715235170914e-11,7.389877352671555e-11,7.40502666413475e-11,7.430850658124063e-11,-5.904040411805553e-11,-5.903159690846768e-11,-5.911486904613811e-11,-5.921583413069136e-11,-5.932183752330696e-11,-5.942957002711974e-11,-5.95380810126235e-11,-5.96468986715526e-11,-5.975573392945897e-11,-5.986442840049024e-11,-5.997291210915463e-11,-6.008158532873833e-11,-6.019005263687425e-11,-6.029840510263972e-11
2.0536755011993537,7.430121991241302e-10,7.44043896329638e-10,7.45090418084823e-10,7.451078700982108e-10,7.450491803647581e-10,7.450428729382788e-10,7.452164886532242e-10,7.453795244125755e-10,7.453091311760432e-10,7.450845586556549e-10,7.448571413940644e-10,7.449783383458936e-10,7.454788873302621e-10,1.2560872215494826e-9,7.350718212392983e-10,7.350329236857854e-10,7.351169131747381e-10,7.351111211709085e-10,7.351074933003562e-10,7.352800140157959e-10,7.351094878324244e-10,7.351381221429058e-10,7.351983483553525e-10,7.349396530870392e-10,7.35300783648437e-10,7.363071387851238e-10,7.372961875186259e-10,7.382991352475979e-10
1.949273416851884e-10,4.78620720731634e-11,4.796247577949311e-11,4.806279731069506e-11,4.816303192169273e-11,4.8263240940054066e-11,4.836358378084866e-11,4.846426392946326e-11,4.8565410340931647e-11,4.866692503595262e-11,4.8768716431513764e-11,4.887127464383151e-11,4.8976315593755653e-11,4.9089278465627856e-11,4.928663781886533e-11,-5.4106111568100774e-11,-5.411099806469884e-11,-5.4186565929958873e-11,-5.4275782492370355e-11,-5.436903561282466e-11,-5.4463784146300765e-11,-5.455926991445451e-11,-5.46551425493318e-11,-5.475120671539296e-11,-5.484736586267239e-11,-5.4943582189189014e-11,-5.5039827220664137e-11,-5.5136049181617246e-11,-5.523274182333272e-11
1.3416167523740877e-10,2.9104701117026903e-11,2.4711499273008364e-11,2.032013455874551e-11,1.5923346804270024e-11,1.1524029812044356e-11,7.1238368993508404e-12,2.723462951475447e-12,-1.6775169543701525e-12,-6.080816091810992e-12,-1.0488657279435107e-11,-1.4903762417636937e-11,-1.9323568813252848e-11,-2.3743790219337574e-11,-2.8172034039415876e-11,-2.457496399652163e-11,-2.0985785342661575e-11,-1.7396828490993364e-11,-1.380628629558974e-11,-1.0214511947894605e-11,-6.622681790663058e-12,-3.0313151345646067e-12,5.59815399221435e-13,4.15108687676736e-12,7.742832835699974e-12,1.1335228225604277e-11,1.4929058452064205e-11,1.85186607980731e-11,2.210984101775179e-11
3.558973985986859e-10,5.3131818722074137e-11,1.91989724361103e-11,-1.536916404383302e-11,-1.5930118451399362e-11,-1.4011200249172968e-11,-1.3843244843837764e-11,-1.9636105595481904e-11,-2.5077041190633375e-11,-2.2799645620473192e-11,-1.54962212813963e-11,-8.297623584445952e-12,-1.2403002936726501e-11,-2.7182610917787997e-11,-7.180890458741053e-11,-2.004011391765556e-11,-1.375768418585917e-11,-1.489218395635772e-11,-1.4448453355492075e-11,-1.4279059510274615e-11,-2.0009230533942124e-11,-1.440603264609582e-11,-1.543586457087273e-11,-1.752971788591199e-11,-9.049301869982207e-12,-2.1092516284356118e-11,-5.449031334970928e-11,-8.732869083696386e-11,-1.206362864571644e-10
6.405786087112896e-10,1.4783261757848473e-10,1.4452389187331264e-10,1.4121882947456054e-10,1.3791951512099565e-10,1.3462695638317504e-10,1.3134099116109063e-10,1.2806151516879732e-10,1.2478820978723405e-10,1.2152027130545096e-10,1.1825677162282269e-10,1.1499718583677842e-10,1.1174261778718371e-10,1.0849356902871078e-10,1.0524460334616262e-10,1.0838550323565452e-10,1.1152611913737766e-10,1.1467185206695389e-10,1.1782418471904903e-10,1.2098288697038112e-10,1.241473766814893e-10,1.2731752974194303e-10,1.3049351535404894e-10,1.3367555077446747e-10,1.3686387213987305e-10,1.400587250148003e-10,1.432582778505686e-10,1.4645705507522796e-10,1.4966595298797082e-10
1.3769747799244116e-11,3.0180668416485463e-12,3.0247430085432696e-12,3.1188647581326255e-12,3.068540398530185e-12,3.0643677058524394e-12,3.099691007065038e-12,3.11509232686703e-12,3.1787052871469288e-12,3.148475626970894e-12,3.158495625978648e-12,3.172152976825756e-12,3.1902600057701847e-12,3.2279451910662958e-12,-4.117839105974741e-12,-3.647341521207462e-12,-3.6331591478138608e-12,-3.6333159032090235e-12,-3.6373928065897167e-12,-3.643195685360606e-12,-3.649905714421456e-12,-3.657112492327481e-12,-3.664591340744198e-12,-3.672230951883336e-12,-3.679983374991065e-12,-3.687826883314034e-12,-3.695745208383135e-12,-3.703737898230984e-12,-3.711766518378677e-12
5.11886613352695e-13,3.135310835617011e-13,3.9449225783693284e-13,5.11068225999448e-13,5.138295586308871e-13,5.16741368835557e-13,5.197115312674001e-13,5.227391900326224e-13,5.257685505027199e-13,5.28843479376855e-13,5.327376720769651e-13,5.354918346624255e-13,5.351320782150947e-13,5.31301852749519e-13,8.549710384814265e-13,9.212024963854107e-13,9.306746415589334e-13,9.367946050344035e-13,9.414762101541971e-13,9.452556006664168e-13,9.483371565721733e-13,9.508671736352034e-13,9.529516433745596e-13,9.546074307839431e-13,9.555841562297206e-13,9.235561847937409e-13,1.02890859493049e-12,1.1803312848508103e-12,1.264958208193129e-12
8.654570135894463e-12,1.8458416102794505e-12,1.8514074076554514e-12,1.857030372047161e-12,1.8627212058788064e-12,1.8685133079409767e-12,1.8744480859605265e-12,1.880603097908151e-12,1.8871234617858274e-12,1.8942475762056438e-12,1.9024285652141028e-12,1.9123664121547113e-12,1.9264614371936434e-12,1.9565036406899086e-12,-3.826311760795231e-12,-3.4658573044818435e-12,-3.4568032920731656e-12,-3.458661820836296e-12,-3.4634369790551087e-12,-3.4694361485952987e-12,-3.4759841575693394e-12,-3.4827272182631144e-12,-3.4895001152889995e-12,-3.496234202367198e-12,-3.502922552267805e-12,-3.5095902415429898e-12,-3.516263534122021e-12,-3.5229509204550947e-12,-3.5296426616698384e-12
1.0640907957725927e-11,2.5464857798637473e-12,2.3470800934287744e-12,-4.825988027965162e-13,1.0408098052611585e-12,1.1796986932975427e-12,1.3625715312335727e-13,-2.9723124853802047e-13,-2.1668712559648086e-12,-1.184590151544394e-12,-1.3594771324553673e-12,-1.5646957307532628e-12,-1.773378331718786e-12,-1.9864468519026896e-12,-1.7175236743459096e-12,-1.4847610997593919e-12,-1.2522174537079736e-12,-1.0201604842910942e-12,-7.866000857850676e-13,-5.489652278735792e-13,-3.08361340619353e-13,-6.644759603105864e-14,1.7592094762784102e-13,4.1829197420804465e-13,6.60381052295153e-13,9.019640739554684e-13,1.1433368192058299e-12,1.3852165675797812e-12,1.6273457557476729e-12
4.010052608535923e-11,6.219101763193428e-12,3.857509398890643e-12,4.1314617056098485e-13,3.911828865704837e-13,3.6385218997475754e-13,3.338158114965227e-13,3.0118224129531247e-13,2.666220002244454e-13,2.306416189540757e-13,1.9298097779692622e-13,1.549503345222419e-13,1.1829265601472943e-13,8.24204244266274e-14,2.5259961720922164e-14,-3.5945260916537755e-14,-9.76097937410111e-14,-1.594167372066301e-13,-2.208184734138474e-13,-2.812598703323219e-13,-3.3993306906669724e-13,-3.964457264045028e-13,-4.4969457896632765e-13,-4.963111198790092e-13,-5.254196143979361e-13,4.3864552797712117e-13,-2.7342193396806735e-12,-7.294626346163833e-12,-9.843422833833558e-12
7.237147931316949e-11,1.7046887029210518e-11,1.6881664373400074e-11,1.6716359067507706e-11,1.6551142480601058e-11,1.638608396865782e-11,1.6221326173224218e-11,1.6057021438648858e-11,1.5892718108136295e-11,1.5727688521194662e-11,1.5561342342688302e-11,1.5391380475088645e-11,1.521134765706338e-11,1.5024430243842406e-11,1.5238374740808163e-11,1.543516533568157e-11,1.5633378501758616e-11,1.583244106862375e-11,1.6032163661928858e-11,1.6232612063311907e-11,1.6433890172197954e-11,1.663587092134997e-11,1.683820163401962e-11,1.7040498076672867e-11,1.7242560269998526e-11,1.744438565455212e-11,1.7646196591166826e-11,1.7848159137394298e-11,1.8050080763285963e-11
3.646210512769146e-12,7.281418535297014e-13,7.300676020224036e-13,7.319802814877205e-13,7.338035302252228e-13,7.356516847696046e-13,7.376448779012758e-13,7.397404186217686e-13,7.419880576986264e-13,7.444395967846504e-13,7.472007466201251e-13,7.505948945827028e-13,7.557808316297605e-13,7.700055376078625e-13,-5.045035998473987e-13,-4.854187384526837e-13,-4.822876976063307e-13,-4.817432240352068e-13,-4.820818830324357e-13,-4.82826079412934e-13,-4.837803058830802e-13,-4.848535126145979e-13,-4.859978625377087e-13,-4.87186983389138e-13,-4.884059630185975e-13,-4.896463539353387e-13,-4.909003594591421e-13,-4.921634984724986e-13,-4.934283504211179e-13
-2.0792858542937406e-13,-1.845041467182619e-14,2.4147634582587637e-14,4.511766892561747e-14,4.370866722371501e-14,6.107318413322815e-14,5.78235837096165e-14,5.1327769729935544e-14,5.0217532621224475e-14,4.9371597308366686e-14,4.8457325145553147e-14,4.720888395107496e-14,4.5199308638648975e-14,4.0747603276030117e-14,2.1326125269322539e-13,2.150369232734251e-13,2.165677250932325e-13,2.177384905780744e-13,2.1864556889027113e-13,2.1934507456781406e-13,2.1987510094772405e-13,2.2025392067631925e-13,2.2047675833992425e-13,2.2049375518080146e-13,2.2009102498446985e-13,2.1616687142297835e-13,2.4160718205822266e-13,2.8323979906749664e-13,2.868225241865232e-13
2.193063803126971e-12,4.195034428058148e-13,4.2106529194933696e-13,4.226272951860288e-13,4.2419193230748987e-13,4.2576721822474725e-13,4.2735858907518913e-13,4.289766449277756e-13,4.3064497404958317e-13,4.324155833729746e-13,4.344075653425154e-13,4.3693238573157706e-13,4.410337863700462e-13,4.5305458289612086e-13,-6.499347012449678e-13,-6.345063034024814e-13,-6.326373275236672e-13,-6.329137733705598e-13,-6.338755675922077e-13,-6.351119117493191e-13,-6.364564475145888e-13,-6.378362385970708e-13,-6.392173829804796e-13,-6.405864680147602e-13,-6.419418829202751e-13,-6.432883450106986e-13,-6.446325547238478e-13,-6.45975727077205e-13,-6.473211879848981e-13
1.7514703084524518e-12,3.011005625172276e-13,2.4826563465968863e-13,1.965315295565133e-13,1.4828043429368427e-13,1.0060771472692945e-13,5.0297768180716657e-14,-8.274130451427643e-16,-5.2900936653347554e-14,-1.0574286849710197e-13,-1.590351886703063e-13,-2.1267480085073795e-13,-2.667279012489117e-13,-3.21811242846768e-13,-2.848472305012875e-13,-2.4944342170200616e-13,-2.1443173643199855e-13,-1.7962498006873986e-13,-1.4492709856761756e-13,-1.1025472800386355e-13,-7.554795125112122e-14,-4.078170724621549e-14,-5.9526066052782834e-15,2.8936568723662416e-14,6.387982403432006e-14,9.886792336084632e-14,1.3388382174988117e-13,1.6894482696924215e-13,2.0399550964580827e-13
7.254320601352303e-12,1.8840266832870836e-12,7.076883555749175e-13,1.290594514433871e-13,1.6861772215329755e-13,-3.1081150076703445e-13,-2.2178871679881303e-13,-4.467027361419997e-14,-1.8711940099248958e-14,-3.843963070570279e-15,6.838954008616984e-15,1.6371567602083952e-14,2.5890981613159627e-14,3.415732057653748e-14,2.7663658689060298e-14,1.947009083389746e-14,1.0015604884720418e-14,-1.0965738557483471e-16,-1.0267829811094792e-14,-2.004332352195223e-14,-2.898673728730401e-14,-3.6590413268366693e-14,-4.189749399290353e-14,-4.2775315711987495e-14,-3.262573944038319e-14,7.485667382014238e-14,-6.286710068017097e-13,-1.7793162229309646e-12,-1.878597486990513e-12
1.8227752406196506e-11,4.322143750557795e-12,4.278956541092774e-12,4.235828197987501e-12,4.192773612566025e-12,4.149716515405239e-12,4.106612453789719e-12,4.063483510808722e-12,4.0203236417410754e-12,3.9771140804783745e-12,3.933832828863383e-12,3.89046691689675e-12,3.846954343223013e-12,3.802763250837954e-12,3.840747334824201e-12,3.877651108658104e-12,3.914450753958891e-12,3.951283201622887e-12,3.988179944874723e-12,4.025145174621934e-12,4.062167010866136e-12,4.099223651085737e-12,4.136289225789659e-12,4.17334295876473e-12,4.210372932559158e-12,4.247374889804435e-12,4.284385603233359e-12,4.321429867027865e-12,4.3585358581609556e-12
4.698406583451232e-12,1.1283577390456128e-12,1.1319660342444578e-12,1.1355758440889838e-12,1.1392032550545932e-12,1.142873033603163e-12,1.14660774101478e-12,1.1504400314520903e-12,1.1544205761191852e-12,1.1586355099766795e-12,1.1632617623809672e-12,1.1687392218668287e-12,1.1764418845506866e-12,1.1936342235787367e-12,-1.043653150657175e-12,-9.985950415861098e-13,-9.943407518955514e-13,-9.946096899195402e-13,-9.962976386458717e-13,-9.9861662360964e-13,-1.0012600328443334e-12,-1.0040962358658734e-12,-1.0070587231732793e-12,-1.0101092018595618e-12,-1.0132195656937619e-12,-1.0163660672585017e-12,-1.0195276783026055e-12,-1.0226923638838008e-12,-1.0258558932877426e-12
2.9793027008105117e-13,6.715348535208505e-14,9.691477229116202e-14,1.469220059012676e-13,1.4587154174192326e-13,1.4581972946963176e-13,1.4614340762663333e-13,1.4662982910652152e-13,1.4710252404970142e-13,1.4740014582665893e-13,1.4736292214353253e-13,1.467596288010228e-13,1.4510729158480366e-13,1.4060708930088466e-13,4.951028337320715e-13,4.99881954823927e-13,5.034469875101868e-13,5.062105390811375e-13,5.084510380854327e-13,5.103031450634883e-13,5.118644141811168e-13,5.132007518980023e-13,5.143642576641148e-13,5.153637707278151e-13,5.160569223678752e-13,5.151848396990397e-13,5.172980722387172e-13,6.135212165415713e-13,6.149025814575947e-13
3.122229548267254e-12,8.341574840581655e-13,8.377455399238074e-13,8.413341109435689e-13,8.449299991348027e-13,8.485435442146769e-13,8.521790201258839e-13,8.558478729474489e-13,8.595857805621699e-13,8.634778960028281e-13,8.677112841382767e-13,8.727428060744412e-13,8.799633374833989e-13,8.965879604904949e-13,-1.2958941019051201e-12,-1.253855356989917e-12,-1.2508189284556982e-12,-1.2519918691090896e-12,-1.254414399732316e-12,-1.2573368836033888e-12,-1.2604704882583456e-12,-1.2636922232637127e-12,-1.2669430176027415e-12,-1.2701978174654662e-12,-1.2734509335216053e-12,-1.2767042325076185e-12,-1.2799584871592748e-12,-1.283214012235253e-12,-1.2864728792549516e-12
2.5053713533165805e-12,4.91413324937803e-13,4.0028085399566876e-13,3.093234998212126e-13,2.1859878668601495e-13,1.2809324286365287e-13,3.784194433917797e-14,-5.2172559746164894e-14,-1.421386749406482e-13,-2.322892156104148e-13,-3.227486753391511e-13,-4.136015261895005e-13,-5.050187096018628e-13,-5.977462840501634e-13,-5.129309897626876e-13,-4.321735268293177e-13,-3.5218888604940925e-13,-2.7259110216478834e-13,-1.9324492122382787e-13,-1.1407024571252788e-13,-3.499742011576761e-14,4.4051019158489747e-14,1.2316251102928003e-13,2.0240987985439068e-13,2.8181681850660946e-13,3.613588577490153e-13,4.4095897598826483e-13,5.205496441461273e-13,6.001169931869337e-13
8.570266491176246e-12,2.129796204346841e-12,1.38294049748082e-12,1.2821580489321199e-13,1.5811018633652594e-13,1.6454568983373616e-13,1.6240299690973046e-13,1.557094656909691e-13,1.466548995711565e-13,1.3643268086364623e-13,1.2557494769422222e-13,1.1437462231685643e-13,1.0306603754801671e-13,9.197109056639942e-14,5.268689386254732e-14,1.3116021718214963e-14,-2.657169449973928e-14,-6.623649321649416e-14,-1.0574619368716048e-13,-1.4493495510972133e-13,-1.8355938066071378e-13,-2.2119729334610025e-13,-2.569545260797207e-13,-2.8884837841707e-13,-3.116804766004173e-13,-2.9314473462536936e-13,-3.479797495968842e-13,-2.7672364298412565e-12,-2.8023386604669314e-12
2.914500584532267e-11,7.037813899710454e-12,6.947304094754612e-12,6.856886367666525e-12,6.766557237343458e-12,6.676239567713376e-12,6.5858984040906706e-12,6.495528746947044e-12,6.4051311561013675e-12,6.314695634472516e-12,6.2242066923587275e-12,6.1336177066552676e-12,6.042772580337852e-12,5.950942578279485e-12,6.036334737983479e-12,6.118187173130243e-12,6.19960317999694e-12,6.28091090126166e-12,6.362199116320704e-12,6.443496707299727e-12,6.524811656591265e-12,6.606146147803472e-12,6.6875048189915086e-12,6.768898666810884e-12,6.850339860012612e-12,6.93183220577507e-12,7.013365905829914e-12,7.094942725833332e-12,7.176641622421561e-12
2.2186936677447503e-13,4.9263532041860744e-14,4.945169680629193e-14,4.963962845427898e-14,4.9828152138711944e-14,5.001833430439138e-14,5.0210827685416556e-14,5.0406521185350365e-14,5.0607377896198656e-14,5.0817428566862384e-14,5.1045308819499764e-14,5.131187545582671e-14,5.1677887435596006e-14,5.242437950873275e-14,-3.4315968283382394e-15,-4.010827997515036e-14,-3.9721125815212444e-14,-3.969486440528705e-14,-3.9764255420513466e-14,-3.987228232624609e-14,-3.9998237656766666e-14,-4.0133722844087814e-14,-4.027462833231753e-14,-4.0418761041836994e-14,-4.056488679744196e-14,-4.071227861275576e-14,-4.08604562478348e-14,-4.100900473613192e-14,-4.115768286962946e-14
1.4598334071286091e-13,4.0797647551310206e-14,4.078590357964082e-14,4.098832493117369e-14,4.1117879749945e-14,4.13248516082034e-14,4.1567287521787536e-14,4.181745375838737e-14,4.2056338866842686e-14,4.226889129892862e-14,4.244528255546089e-14,4.258100639613364e-14,4.2664819704756236e-14,4.26333461920869e-14,5.295751906678549e-14,5.088219870085067e-14,5.127018745818732e-14,5.157215392233484e-14,5.181885910616405e-14,5.20188567415097e-14,5.2178383296243036e-14,5.230705837388356e-14,5.2417780877800335e-14,5.252523177076352e-14,5.264494609329715e-14,5.277633692713388e-14,5.338004180844524e-14,5.341942755384712e-14,5.359841314466041e-14
1.5738966900491722e-13,3.800354697705144e-14,3.820916678867533e-14,3.8415031986323456e-14,3.8622532237530445e-14,3.883331121756397e-14,3.904766105773634e-14,3.9266005436008704e-14,3.949024885140851e-14,3.972470938049215e-14,3.997883404600431e-14,4.0275385992091377e-14,4.067960551285682e-14,4.1489061366901265e-14,-1.713337390514722e-14,-5.445187380749083e-14,-5.4075281937111074e-14,-5.4060402857099225e-14,-5.413969670421872e-14,-5.425620721257138e-14,-5.4389493970747515e-14,-5.453127557870859e-14,-5.467760006854444e-14,-5.482647619579541e-14,-5.497692179499775e-14,-5.5128507803827046e-14,-5.528095595551437e-14,-5.543394870128763e-14,-5.558720477349605e-14
1.329728686089649e-13,2.4952532562539124e-14,2.060305455225727e-14,1.6258032291566918e-14,1.191748590004958e-14,7.576936790310343e-15,3.234329763839752e-15,-1.1110396480250736e-15,-5.459296436599606e-15,-9.810745282687196e-15,-1.4166211261605094e-14,-1.8528148867848367e-14,-2.2904399634396972e-14,-2.7327278465401955e-14,-2.6934994984780502e-14,-2.33924139956994e-14,-1.989388117476854e-14,-1.640842451058674e-14,-1.29282643085462e-14,-9.45047504350838e-15,-5.973806277935397e-15,-2.4977201683715267e-15,9.779567828126534e-16,4.453231079445003e-15,7.92803504700566e-15,1.1402293064766739e-14,1.4876642938640033e-14,1.8351237283420883e-14,2.182424683338197e-14
2.483331781627766e-13,5.002322237724815e-14,5.033928625808119e-14,4.578322050527507e-14,4.3258268641140736e-14,3.977451127018031e-14,3.611078981238906e-14,3.2384098845513176e-14,2.860774130047186e-14,2.4766748667897116e-14,2.0814294332532433e-14,1.6678488841584218e-14,1.2303614993031694e-14,7.677238018214224e-15,1.9656515884215812e-15,-3.597503455221394e-15,-9.0235432740407e-15,-1.4195199196075267e-14,-1.9102001409138333e-14,-2.3788316266754507e-14,-2.8326222148348694e-14,-3.2780335952020044e-14,-3.7179931112797364e-14,-4.152549017950122e-14,-4.575861995521386e-14,-4.947501517323672e-14,-6.369783575028193e-14,-6.469318702859146e-14,-6.885478268890507e-14
1.494652815547204e-12,3.656421081546528e-13,3.608970441666847e-13,3.5616441281163913e-13,3.514385887562601e-13,3.467140824816798e-13,3.419856751933945e-13,3.372528434577317e-13,3.325164836916038e-13,3.2777731876276734e-13,3.230356676678191e-13,3.1828985714512935e-13,3.1353167041935527e-13,3.0872658664569564e-13,3.091083893226726e-13,3.1270840307054303e-13,3.1626802695531774e-13,3.1981831723033793e-13,3.233670313157493e-13,3.2691699965758774e-13,3.304690646539933e-13,3.340230253896643e-13,3.375783103261483e-13,3.4113424196056974e-13,3.446901886778672e-13,3.48246535105788e-13,3.51805899936718e-13,3.5537006992412575e-13,3.589381380010007e-13
7.02313249955255e-13,1.1309349680531934e-12,1.0655761393980222e-12,9.762264873303205e-13,8.573160553971639e-13,7.055716305478786e-13,5.187665896468806e-13,2.978267439900693e-13,5.2761304022462586e-14,-1.8685348168568994e-13,-3.612743845781351e-13,-3.788749131463891e-13,-1.2223221773195982e-13,3.7506430289444105e-13,5.013745650826425e-13,-8.781582753778191e-13,-1.5096805050592656e-13,1.967038352649277e-13,1.8265746569377375e-13,-3.8800901655315215e-14,-3.51193238828482e-13,-6.798554352950217e-13,-9.838013389606863e-13,-1.2467660317339656e-12,-1.4662932919781744e-12,-1.645665230460589e-12,-1.788623790481999e-12,-1.89425262336423e-12,-1.951193202986081e-12
1.4698305729837165e-12,9.49952553019954e-13,1.249407927346076e-12,1.5373611222127845e-12,1.7883697651533012e-12,1.962610380770185e-12,2.012832559246525e-12,1.8876385339396177e-12,1.5429121919271627e-12,9.622637122252521e-13,1.761093240198897e-13,-7.281911564791094e-13,-1.6183485686898033e-12,-2.2488891523787085e-12,-2.3615323945689095e-12,-2.311353561238382e-12,-1.6878166839814276e-12,-8.570812578163807e-13,-1.7064127742705654e-14,7.452010368385418e-13,1.371955958193813e-12,1.8356665249254544e-12,2.1421516637662353e-12,2.3170945303165147e-12,2.389148924549395e-12,2.379524958343192e-12,2.303443148005389e-12,2.1859068293928962e-12,2.103306060284315e-12
-2.6964428055536912e-12,6.711848531673964e-13,6.28548558837563e-13,5.610663143388884e-13,4.602335044794477e-13,3.242018243899661e-13,1.5102892270160284e-13,-5.730104210662813e-14,-2.8762487440992303e-13,-5.036011199495365e-13,-6.359387430357515e-13,-5.848931938402355e-13,-2.336389049875069e-13,3.509542459772783e-13,4.912500159707055e-13,-9.634323913933009e-13,-3.1834338365136703e-13,-8.474767422884794e-14,-1.9810177276763375e-13,-4.810740449611268e-13,-8.181895638427348e-13,-1.147759264227701e-12,-1.4427030735959129e-12,-1.695097852140757e-12,-1.904283790026592e-12,-2.0708820369320013e-12,-2.1948644275916287e-12,-2.274616322289009e-12,-2.30593046995791e-12
2.340571515740279e-12,6.90276894723838e-13,6.095987640130389e-13,5.152828408610357e-13,4.127151429064025e-13,3.0698867738613655e-13,2.0209526344620908e-13,1.0037695305572383e-13,3.100323526907175e-15,-8.932943112072054e-14,-1.78175997933857e-13,-2.677511193637218e-13,-3.6672305792022384e-13,-4.80644469179877e-13,-5.745279828765877e-13,-5.102042128431298e-13,-4.580581718697747e-13,-3.9736683332360067e-13,-3.183173731964505e-13,-2.2065850764570397e-13,-1.0841962546317212e-13,1.2912528142157208e-14,1.382761502505312e-13,2.6363239167251214e-13,3.8532484996997683e-13,4.990276017556049e-13,5.990417458168306e-13,6.778305798402254e-13,7.574873741800883e-13
3.660341578235142e-12,8.15522804975127e-13,7.574235197487246e-13,7.312752503853806e-13,6.816000796263851e-13,6.056019371623916e-13,5.25326072029495e-13,4.4822355739694667e-13,3.793580727535161e-13,3.2222670994726313e-13,2.779517143596225e-13,2.442994238803108e-13,2.1643373032832448e-13,1.830063253990017e-13,1.27751167034465e-13,6.96497479850131e-14,-1.1446225414731429e-14,-1.1201260514972637e-13,-2.2192367377633603e-13,-3.324506229617914e-13,-4.3748303135108764e-13,-5.34292226752694e-13,-6.22770005411192e-13,-7.034384280811968e-13,-7.752948068936994e-13,-8.308016498403678e-13,-8.597670398631498e-13,-8.880335733998331e-13,-9.281179482387359e-13
2.2207643695163427e-11,5.971171333489051e-12,6.064907782654575e-12,6.022504854420414e-12,5.946698099074875e-12,5.846173638804878e-12,5.740018889684979e-12,5.633087856199951e-12,5.525596271278358e-12,5.41656259706436e-12,5.304741527626421e-12,5.188653128105566e-12,5.06443216484723e-12,4.932410711948025e-12,4.836475620313383e-12,4.917479681062711e-12,4.9958407683209636e-12,5.0891615811537676e-12,5.203338128571734e-12,5.334138011722933e-12,5.4747950022745015e-12,5.619377717376225e-12,5.763895443888186e-12,5.906357857338481e-12,6.045652707556322e-12,6.177998342798733e-12,6.28857740218038e-12,6.32813970680052e-12,6.115931977818963e-12
4.288421802080696e-11,3.5521901123910914e-12,2.7308675456283414e-12,1.769181307955181e-12,7.153810433476462e-13,-3.723921525175701e-13,-1.419190139267818e-12,-2.3264351172763888e-12,-2.969881901393593e-12,-3.2095983787673414e-12,-2.9178756398424054e-12,-2.0042942713618906e-12,-3.7485424146859113e-13,1.9829769546889565e-12,-2.7723492270527638e-12,-5.380084785858474e-12,-1.9488680493176738e-12,3.133934924012442e-13,2.051104444128305e-12,3.2835605103884774e-12,4.0099757247146645e-12,4.290496985588991e-12,4.236363140257352e-12,3.970609971731802e-12,3.6006338877608083e-12,3.2068610254420013e-12,2.839309841744902e-12,2.51227502511424e-12,2.1819489106063677e-12
5.06726132763347e-11,1.242804682416006e-11,1.1568844944727265e-11,1.0355480586303201e-11,8.860460278910062e-12,7.104355741423316e-12,5.089627036141251e-12,2.8084223063489553e-12,2.4915070856564755e-13,-2.5903113621001822e-12,-5.678757711071303e-12,-8.91766224680541e-12,-1.2092726291533322e-11,-1.4652943978945554e-11,-1.4010121440304546e-11,-1.365438469646941e-11,-1.1088882036533013e-11,-7.82753946482381e-12,-4.305038302723663e-12,-8.369390409355358e-13,2.4209404675868537e-12,5.3991411062797046e-12,8.068798812558843e-12,1.0411642902243005e-11,1.239771964477093e-11,1.3970354241368463e-11,1.5033034416460548e-11,1.5410105880806106e-11,1.4699484563603062e-11
4.5424207793689144e-11,2.018188998092914e-12,1.1413239159543836e-12,1.6082673881820542e-13,-8.839111050936508e-13,-1.927031797355814e-12,-2.879769142679059e-12,-3.6297900138050136e-12,-4.045802407169189e-12,-3.99602498799327e-12,-3.3819288467416015e-12,-2.1544592637274787e-12,-2.475499350485087e-13,2.331584756776151e-12,-2.660191106563478e-12,-5.3274286531323234e-12,-1.9473411438894596e-12,1.9726649328022457e-13,1.7361957927493827e-12,2.6862954287861096e-12,3.0713438259141278e-12,2.989928490100538e-12,2.5876297531906043e-12,2.011481171101333e-12,1.3847229188770767e-12,7.995375870256307e-13,3.164134199218899e-13,-3.9471445535075756e-14,-2.9384180419575483e-13
1.0127724442603152e-11,2.5744829882471948e-12,2.215686413426145e-12,1.8380426179416153e-12,1.438302645892605e-12,1.0203475856384012e-12,5.913840382488378e-13,1.5743527784653723e-13,-2.781792189045406e-13,-7.15116675756875e-13,-1.156502367858444e-12,-1.610848074367867e-12,-2.0992520974143295e-12,-2.654915810984905e-12,-2.6518677823589954e-12,-2.2642424386270803e-12,-1.9950215644963606e-12,-1.7391513593276926e-12,-1.465995942036822e-12,-1.163117143822151e-12,-8.283931338259928e-13,-4.658782840503881e-13,-8.371454821099767e-14,3.073740866079015e-13,6.953065334698771e-13,1.068681930978689e-12,1.4199875642430498e-12,1.738059869132511e-12,1.8988521084994574e-12
1.3932619986919844e-11,3.1682032975846395e-12,2.941922569802893e-12,2.7476820589818815e-12,2.5530060426106267e-12,2.3667008289962195e-12,2.1935508166372874e-12,2.033552977695192e-12,1.8850222276848756e-12,1.7454590226348626e-12,1.6113532431273606e-12,1.479787567989011e-12,1.354095895283045e-12,1.2338290216353862e-12,9.405022014921496e-13,6.293897264391333e-13,2.2678765877298967e-13,-2.412658570441706e-13,-7.50352963114616e-13,-1.2783011459747854e-12,-1.8095306546628125e-12,-2.3339921674611578e-12,-2.8458734348537368e-12,-3.3417215913273652e-12,-3.8173952630678445e-12,-4.264877475673824e-12,-4.6781469376175134e-12,-5.111983851163858e-12,-5.846491371719722e-12
8.547855170702212e-11,2.0386150144764902e-11,2.022024839126403e-11,1.984685789904116e-11,1.9389677820321387e-11,1.8904799489125795e-11,1.8413774863650468e-11,1.792197148267853e-11,1.742794702169385e-11,1.6927772998546857e-11,1.6416821856833593e-11,1.5889120887390177e-11,1.5330182330095983e-11,1.471929278633568e-11,1.4739338169814766e-11,1.520024602537072e-11,1.55754617830408e-11,1.5956587275415026e-11,1.636374263006253e-11,1.6801647718876046e-11,1.7269024218888066e-11,1.7761570136498217e-11,1.8273004021298826e-11,1.879442018932083e-11,1.9310407985750976e-11,1.9789828551818673e-11,2.0169074695135938e-11,2.0324943564857013e-11,2.0018994577530137e-11
8.379552076481972e-12,7.371530529220797e-13,6.368395513394342e-13,5.22686933241685e-13,4.0017775135227983e-13,2.7572796457636224e-13,1.5699546999287714e-13,5.305929257446164e-14,-2.640616424998479e-14,-7.363118234603052e-14,-8.7008006467753e-14,-7.499205563749862e-14,-4.187708517799546e-14,1.2798661987507182e-13,1.1407836003384078e-15,-3.7984249872156793e-13,-1.0629864435979185e-13,5.087670156117385e-15,9.589711901126296e-14,1.735013746313329e-13,2.2921899109770023e-13,2.5891740362486184e-13,2.6575740138209817e-13,2.5728938830129296e-13,2.421617676103328e-13,2.27658381850072e-13,2.1767057448399278e-13,2.095167532498894e-13,1.8579158630844294e-13
7.963515896641675e-12,2.0916325186749225e-12,1.9422857240229896e-12,1.7392897421946692e-12,1.5068919708554507e-12,1.2525882982857092e-12,9.777964428324395e-13,6.825931898667843e-13,3.6819761869521274e-13,3.909367094386997e-14,-2.9327802402413636e-13,-6.055661122197967e-13,-8.807144999690183e-13,-1.1539896945355011e-12,-1.2058975036828095e-12,-1.166311343117643e-12,-8.884245309823985e-13,-5.602422358907752e-13,-1.9209096740817345e-13,2.0007023987668325e-13,5.940862802886321e-13,9.77086704091994e-13,1.3436124799771003e-12,1.691105235056492e-12,2.016941661021033e-12,2.314795749968564e-12,2.5677152984793957e-12,2.7328441233477635e-12,2.6996144891920066e-12
7.566544515106286e-12,1.8824836798105466e-13,8.000847826469583e-14,-3.62085570036505e-14,-1.5601860009511855e-13,-2.7282034629784875e-13,-3.781401831195457e-13,-4.622127768432424e-13,-5.156075272636436e-13,-5.32379422155903e-13,-5.1434804967787e-13,-4.73892116443283e-13,-4.1668412124376053e-13,-2.1804614491309464e-13,-3.372398894281373e-13,-7.093902495490607e-13,-4.2865497236633043e-13,-3.138611798638271e-13,-2.289403093334097e-13,-1.6810060682589225e-13,-1.390973589908333e-13,-1.433201104343578e-13,-1.7433856474578917e-13,-2.218063829389405e-13,-2.7499273651129035e-13,-3.2490057831923794e-13,-3.6551251974540687e-13,-3.953480650934384e-13,-4.2140142594234236e-13
3.029345820595276e-12,4.176796749608731e-13,3.505646824516914e-13,2.850992138070281e-13,2.2118990260757062e-13,1.5806409214225644e-13,9.556627899449865e-14,3.3716802449742914e-14,-2.742545301727048e-14,-8.761735503247278e-14,-1.460794867109069e-13,-2.0095377208392646e-13,-2.500024263497506e-13,-3.015424737414054e-13,-3.278012778059099e-13,-3.055176773914148e-13,-2.8955632826814246e-13,-2.660872521083856e-13,-2.3550795060595216e-13,-1.9978531701333026e-13,-1.6011664927812547e-13,-1.1719579730280996e-13,-7.158862448284189e-14,-2.387420974314232e-14,2.530221617356847e-14,7.524365386240777e-14,1.2520904845180326e-13,1.718590337232283e-13,1.8693772749464893e-13
5.7222866105225184e-12,1.3113829394037464e-12,1.2165529083345914e-12,1.1286236958829953e-12,1.042499736123748e-12,9.5677839100947e-13,8.708872043357264e-13,7.842526605938573e-13,6.961194394379565e-13,6.054306131752469e-13,5.106825339350237e-13,4.0985936996070295e-13,3.0195348374924295e-13,1.9300599488004134e-13,7.439869799959052e-14,-4.561572280169771e-14,-1.7311454189010558e-13,-3.024147082536648e-13,-4.3225879110131904e-13,-5.626599811465177e-13,-6.930704146531398e-13,-8.226524190569253e-13,-9.507611334511774e-13,-1.0771217081122107e-12,-1.2018231394870094e-12,-1.3254317396929078e-12,-1.4501270041585878e-12,-1.5825854357850767e-12,-1.7353047620078593e-12
3.776043192067966e-11,8.5972117872008e-12,8.53603822420369e-12,8.488074106397721e-12,8.447114071099746e-12,8.410387850009161e-12,8.376934978864001e-12,8.34644734887073e-12,8.318663213871198e-12,8.293226982007917e-12,8.269959516541108e-12,8.249388513820755e-12,8.231589954888706e-12,8.204275421384626e-12,8.195712243988287e-12,8.227911258399282e-12,8.244760168766819e-12,8.262596943660776e-12,8.284037252393506e-12,8.309501560334093e-12,8.339239759560138e-12,8.3733507888458e-12,8.4114757415664e-12,8.452636001192801e-12,8.495170882922815e-12,8.536552720488019e-12,8.572496395729145e-12,8.593809420496414e-12,8.577911018959289e-12
2.887981438315391e-12,9.036136105641559e-13,8.929765048373723e-13,8.80329187696754e-13,8.659428675831179e-13,8.50040936060696e-13,8.330150740441926e-13,8.154389976548826e-13,7.97986475783464e-13,7.812701018293425e-13,7.658037448032663e-13,7.535809266327821e-13,7.429946385202312e-13,7.18410125113232e-13,-7.350498038087163e-13,-5.711944047948577e-13,-5.437304604289432e-13,-5.539070714577181e-13,-5.695616113831998e-13,-5.933621126778994e-13,-6.20287691227499e-13,-6.477890966118163e-13,-6.746280886152092e-13,-6.996883335659443e-13,-7.21923478687849e-13,-7.404986696062369e-13,-7.55077106797804e-13,-7.665995513412391e-13,-7.795641246955539e-13
8.296790389245211e-13,9.890042245742433e-14,1.162938406725996e-13,1.2916362801992012e-13,1.4276188223134836e-13,1.5742497269712849e-13,1.7239430496407493e-13,1.8738811623448706e-13,2.033735340895764e-13,2.2280474600564015e-13,2.485978238260423e-13,2.7978384907857285e-13,3.164655854308539e-13,3.5872397187780176e-13,7.342430912410735e-13,7.444720776180192e-13,7.41797904527887e-13,7.154265549305216e-13,6.874408466119367e-13,6.598248116468728e-13,6.379602811418762e-13,6.230838868788583e-13,6.140963800153841e-13,6.103146102540292e-13,6.118976579437034e-13,6.192978310988943e-13,6.317570300964807e-13,6.435095457305955e-13,6.31917855558565e-13
3.0041722711928974e-12,8.424149037692382e-13,8.262733596620665e-13,8.061925730328226e-13,7.829840203187425e-13,7.576551581808878e-13,7.312707576196463e-13,7.049814925908733e-13,6.799697732116698e-13,6.572620947246356e-13,6.376259561304122e-13,6.232411064404529e-13,6.118547153690632e-13,5.861334379153565e-13,-9.214062551166948e-13,-7.583049398337215e-13,-7.350878024342058e-13,-7.504902499938165e-13,-7.7257519176953e-13,-8.030837958694593e-13,-8.366866430982644e-13,-8.706291967950993e-13,-9.035736169158344e-13,-9.344389043015104e-13,-9.622595715572977e-13,-9.862012148167748e-13,-1.005645865410851e-12,-1.020538092497098e-12,-1.0328112922147726e-12
1.037371538425636e-12,3.9854662015746525e-13,3.3552485225827546e-13,2.7470315931435125e-13,2.1410740614399133e-13,1.5340952464386058e-13,9.247042381035517e-14,3.12531184421088e-14,-3.0255712632010313e-14,-9.20899910492163e-14,-1.5427879122065393e-13,-2.1686702982595624e-13,-2.798097921334883e-13,-3.417801327864103e-13,-2.7905229599994295e-13,-2.3039355945877867e-13,-1.8510731458998117e-13,-1.4087509277548594e-13,-9.723912275015924e-14,-5.376753167991965e-14,-1.055003638746056e-14,3.235832442245333e-14,7.497619744034704e-14,1.173295032440206e-13,1.594928314783123e-13,2.016802174264129e-13,2.4435546462623095e-13,2.895676328525625e-13,3.4526526321292734e-13
1.2066622071336184e-12,2.1340559733687423e-13,2.023187945806179e-13,1.9144009651907353e-13,1.7968798471658347e-13,1.6760984637864343e-13,1.5566241277317056e-13,1.4423292039500168e-13,1.336125722520073e-13,1.2395596807601093e-13,1.1518332326688647e-13,1.0704682946699311e-13,9.912391370446944e-14,9.058062654415226e-14,5.1480851985666905e-14,1.1298843107998474e-14,-3.0378808083808594e-14,-7.287725261877925e-14,-1.1615835177940157e-13,-1.5993323221835617e-13,-2.0423609898103525e-13,-2.4899276491985045e-13,-2.939844524372237e-13,-3.389766573823752e-13,-3.8374747515400035e-13,-4.2812284977385347e-13,-4.720190720764605e-13,-5.181187355616741e-13,-5.759446652499677e-13
9.281852341488469e-12,2.4879324241392354e-12,2.411998554100053e-12,2.337258946528806e-12,2.2653901085301025e-12,2.1956988110391887e-12,2.1273875310072276e-12,2.0598890738290752e-12,1.9927871595500983e-12,1.9257301168814907e-12,1.8584385007452233e-12,1.7906776146215983e-12,1.7226843607646613e-12,1.6570854959807952e-12,1.724590817721423e-12,1.7826133476955523e-12,1.840397340356858e-12,1.898777316016117e-12,1.9572468256243196e-12,2.0159374684772234e-12,2.0748730246371478e-12,2.134092401292073e-12,2.1936726570273224e-12,2.2537426429131143e-12,2.3145638486619715e-12,2.3766143933134847e-12,2.44034440382399e-12,2.5042322645788654e-12,2.5559935143377093e-12
2.1697373638665517e-12,4.47047030017831e-13,4.3410464096740273e-13,4.1916447028688477e-13,4.025922413687098e-13,3.8471479077165636e-13,3.660091293261526e-13,3.4711541785667444e-13,3.2876008871942064e-13,3.116209994386421e-13,2.9637541062523793e-13,2.8546807015414226e-13,2.809574503424519e-13,2.8234034328605485e-13,-5.882252541168338e-13,-1.7822554455496242e-13,-1.5198829832806987e-13,-1.564473044947634e-13,-1.6737777692474323e-13,-1.8595515331156346e-13,-2.075929882533357e-13,-2.3001193975113473e-13,-2.520808165350311e-13,-2.7272765473032583e-13,-2.9090193961705494e-13,-3.0572077395470066e-13,-3.1675345075764e-13,-3.247728209268656e-13,-3.33900723168129e-13
6.885693362354524e-13,2.696756797537044e-14,3.602996399320598e-14,4.113465213366493e-14,4.707047337943229e-14,5.407285268674757e-14,6.13339303812696e-14,6.8456373236285e-14,7.615114539847453e-14,8.642346479349607e-14,1.0161200575942917e-13,1.2046646093070685e-13,1.4072257764392902e-13,1.5824026198034235e-13,3.857258161144819e-13,4.0986443018407117e-13,4.107538962671425e-13,3.943803865643549e-13,3.761516689475686e-13,3.5843420182050126e-13,3.457014566622967e-13,3.389434439864002e-13,3.3723356359724464e-13,3.400802533292245e-13,3.477779169338787e-13,3.608811751618443e-13,3.787855119252239e-13,3.9618226661113104e-13,3.9200212977368427e-13
2.3380247531748303e-12,3.9896517386890383e-13,3.811161983515885e-13,3.5953309805016804e-13,3.350878832697752e-13,3.0885136749065056e-13,2.8194456052914704e-13,2.555495319118678e-13,2.30850791930909e-13,2.0887960054621894e-13,1.9052086190993e-13,1.7840556137270672e-13,1.742573384218716e-13,1.766589834881425e-13,-7.227458988600495e-13,-3.1260228794341446e-13,-2.897473813791912e-13,-2.9853428152628765e-13,-3.1496426825936824e-13,-3.3944887869937565e-13,-3.6718014981519207e-13,-3.95697686496978e-13,-4.2374601036476907e-13,-4.5023924717711916e-13,-4.74158780866807e-13,-4.945927892067607e-13,-5.108373254613225e-13,-5.227400343291556e-13,-5.32028512348019e-13
6.277243675549057e-13,1.705260169026171e-13,1.4578570031981362e-13,1.232634672763597e-13,1.0120423496462218e-13,7.928316320493342e-14,5.732791413313327e-14,3.524075273927404e-14,1.2941802092897005e-14,-9.657886052782682e-15,-3.2635738835016e-14,-5.611926950514683e-14,-8.043896096127024e-14,-1.059489334213796e-13,-5.685430930406857e-14,-4.285856144720306e-14,-3.1764460987925045e-14,-2.170792794052815e-14,-1.2158219158711663e-14,-2.728249125629628e-15,6.4952645055318356e-15,1.54769139623301e-14,2.427469130667496e-14,3.2970608040668287e-14,4.1686770346390645e-14,5.063711775378036e-14,6.019257881058396e-14,7.199071490800911e-14,9.229530850888813e-14
8.057031681236438e-13,4.1011548077351175e-14,3.930312138053345e-14,3.816370033529006e-14,3.630344444847318e-14,3.407801113103742e-14,3.1853972640341996e-14,2.9975725894556e-14,2.8727011906957443e-14,2.829218518641894e-14,2.867404801228436e-14,2.978000280923862e-14,3.156272308191819e-14,3.3984402667624293e-14,1.816395446013618e-14,1.258994305108545e-16,-1.9239630069660633e-14,-3.9486529220248587e-14,-6.052173132766664e-14,-8.206136839828402e-14,-1.041123488548141e-13,-1.2657912840487377e-13,-1.4923433732064306e-13,-1.7185174545911718e-13,-1.942540154753574e-13,-2.1637419705626036e-13,-2.3834993915145085e-13,-2.629766207981376e-13,-2.9898460742265977e-13
7.040322789715813e-12,1.7290497783365997e-12,1.6931439383599993e-12,1.6588985254491533e-12,1.6277656661791941e-12,1.5990392733504716e-12,1.5718867595950593e-12,1.545674494237107e-12,1.5199149266867644e-12,1.4941951272001965e-12,1.4681709344242286e-12,1.441486219330836e-12,1.4138763976322203e-12,1.3859360296857197e-12,1.438191382589295e-12,1.4589451716755248e-12,1.4792769822170578e-12,1.4998064643194654e-12,1.5202733012708491e-12,1.5408594717787558e-12,1.561630324645906e-12,1.5826728568730661e-12,1.6041251266003002e-12,1.6261840318972025e-12,1.649162436594747e-12,1.6735360184050149e-12,1.6996769188204052e-12,1.7260529016449835e-12,1.7413816602030068e-12
-2.484142722051309e-12,-1.048574307838224e-12,-1.0048771561271286e-12,-9.56777192329616e-13,-9.045017878940056e-13,-8.472629569947578e-13,-7.833797459840564e-13,-7.104456794249951e-13,-6.256188583284566e-13,-5.258255718628584e-13,-4.0651306339702437e-13,-2.528572731759588e-13,-2.942643224420235e-14,3.5722247080046833e-13,-6.393764364365724e-13,-5.284768215334618e-13,-5.472613764088378e-14,1.6977183812799048e-13,3.4494860210546386e-13,4.848309683837797e-13,6.022956088548501e-13,7.0270463692561e-13,7.877565791540602e-13,8.584184581504405e-13,9.150080746798226e-13,9.566912975327428e-13,9.806301144061873e-13,9.801215320786219e-13,9.39570472547762e-13
3.1601301435015494e-12,7.202478564549362e-13,7.086594076469695e-13,6.409166061203402e-13,5.418101040086964e-13,4.237764003320373e-13,2.937542567735296e-13,1.5617379514200863e-13,1.492794497847391e-14,-1.2528858189983085e-13,-2.6086481193796683e-13,-4.0055062272833207e-13,-5.565857430119465e-13,-7.386619879414388e-13,-4.781972777511726e-13,-4.78779529877702e-13,-3.415297358859645e-13,-2.382787363049163e-13,-1.208099127597689e-13,-2.7847166530721835e-15,1.1773484027724215e-13,2.3838614373423743e-13,3.5302357653645743e-13,4.55296304165243e-13,5.376456644794088e-13,5.888411418016543e-13,5.898240729111556e-13,5.038095413612898e-13,2.447514745184937e-13
-3.65064427303967e-12,-1.3051772844494445e-12,-1.257614123829984e-12,-1.1999892195819215e-12,-1.1347095441741165e-12,-1.0620513225177468e-12,-9.810480988288688e-13,-8.899383413255445e-13,-7.865727806079296e-13,-6.686304438989037e-13,-5.321658999438921e-13,-3.6198584346492847e-13,-1.215601708319186e-13,2.844963013267168e-13,-7.484923951675136e-13,-6.426936793653892e-13,-1.8653168426307828e-13,2.2815688711307347e-14,1.8301909704835886e-13,3.082958198848049e-13,4.1159634904917557e-13,4.985405930668791e-13,5.713755844735566e-13,6.317944542776582e-13,6.810720618447434e-13,7.196994182374773e-13,7.468300437532684e-13,7.591759057400954e-13,7.480314125248604e-13
1.4924962112934573e-12,2.391395626563347e-13,2.37901217400548e-13,2.1462832535558834e-13,1.7915131364741783e-13,1.3802604928153513e-13,9.495584618004387e-14,5.1772262895795526e-14,9.316686456914273e-15,-3.201170015116906e-14,-7.221219615303808e-14,-1.1272437293998566e-13,-1.587233196609359e-13,-2.2389665195588802e-13,-1.8821099145553374e-13,-1.4668566527253897e-13,-1.317285729155111e-13,-1.2261005862517186e-13,-1.1464382671030387e-13,-1.0491913659671239e-13,-9.249647712340317e-14,-7.747638935278492e-14,-6.046759775626489e-14,-4.257662947439661e-14,-2.5788809627537502e-14,-1.366494912433276e-14,-1.193581440506167e-14,-2.7670702169090316e-14,-6.755395718391876e-14
3.5741328275856453e-12,8.935766883081725e-13,8.127799548461029e-13,7.409349763552117e-13,6.763929451740525e-13,6.164344720687117e-13,5.588852629348286e-13,5.023502968767012e-13,4.459280613354921e-13,3.8886936478557185e-13,3.3056603405854657e-13,2.715940234899235e-13,2.1467152448981438e-13,1.6473832357672598e-13,8.672849237268593e-14,6.501435888928974e-15,-8.402608697016957e-14,-1.77917362780978e-13,-2.727203998242145e-13,-3.6687662366271963e-13,-4.600488818617018e-13,-5.525156417309535e-13,-6.446458118169988e-13,-7.368705362080497e-13,-8.298376351250389e-13,-9.244100436053247e-13,-1.0207361845075541e-12,-1.1148257805130744e-12,-1.1823618824396038e-12
1.9455250424205655e-11,4.812488236834117e-12,4.800772837841397e-12,4.759449232812982e-12,4.7016587393633266e-12,4.6348562841063875e-12,4.563846418268689e-12,4.491859712232186e-12,4.421018539455382e-12,4.3525940562444305e-12,4.287048772335462e-12,4.223224144591442e-12,4.156530886438273e-12,4.074609826335992e-12,4.106780215330699e-12,4.155412433726277e-12,4.186220306817214e-12,4.217568247602819e-12,4.251898889473268e-12,4.2905647993929046e-12,4.333567245474999e-12,4.380025265315391e-12,4.428327013376183e-12,4.476033485553835e-12,4.519640553907092e-12,4.554071939860315e-12,4.571481260686215e-12,4.5581190436365244e-12,4.485247746715006e-12
