-2.9843093411264505e-14,0.00687906186907737,0.026394980348502226,0.05642980369690045,0.09405677907791953,0.13447311083695257,0.17575962907072104,0.2172618884252229,0.25786403474457964,0.2955298802842535,0.3280168899960186,0.35315646449286575,0.3694758605222904,0.3773582447810953,0.3782460317491875,0.37350646816875865,0.3644814189043761,0.3525191927367165,0.3389527058619892,0.32484207157133066,0.3106605683502956,0.2964790641782139,0.2822975596773918,0.26811605524716037,0.2539345511739596,0.2397530477028649,0.22557154527089351,0.21221959424277237,0.20317341576024922,0.19999999999993998
4.1783999411330143e-14,0.11789306927409776,0.15584107600045952,0.20845326192220387,0.2669879070380162,0.32678303333962,0.38695984410272527,0.44695863849960205,0.5059345636050365,0.5632898781040504,0.6191150074577313,0.6744254775436256,0.7306879861321005,0.789670336707908,0.8495496672943363,1.1867131461763645,1.2482278298596685,1.3098596067682153,1.3718697464511633,1.434135765583893,1.4964198316042214,1.5586795872498589,1.6209234118806548,1.683156199894817,1.745381070876414,1.8076001497738852,1.8698149590769815,1.9303432268375809,1.9792618974946647,1.99999999999984
0.9999999999999117,1.005113230088582,1.0191112362379235,1.0394597141782036,1.0634752618092924,1.0886870239850084,1.1137501469426823,1.13845859615159,1.161982240741901,1.1824944458396054,1.197818174534319,1.2065405450702988,1.208963763435421,1.2063742280385634,1.1997985795554587,1.190015990874881,1.1777911700741748,1.163892497506469,1.1490795815222319,1.1339565643207148,1.1187931600435623,1.1036297552348302,1.0884663501719305,1.0733029449709697,1.058139539716983,1.0429761345253687,1.0278127296622135,1.013481235437882,1.0035533599346556,1.00000000000001
-9.959248014238768e-15,0.2238626533188473,0.4167569790913462,0.5724891660852612,0.6570443497291669,0.6792007034297135,0.687951663947404,0.6847775829207849,0.6546998856201964,0.5874601833390845,0.4830584698423237,0.3451704085511293,0.19736300175802915,0.06855180469912157,-0.035567422050039155,-0.11777043915367601,-0.1776487167053567,-0.2150021008816273,-0.23148461353927557,-0.2350077539897668,-0.23500777788897603,-0.2350077873747032,-0.2350077891557107,-0.23500778537908393,-0.2350077774450879,-0.23500776527429695,-0.23500774029829663,-0.19376724520750918,-0.10343028848776513,2.2200364878502963e-14
9.884441397392354e-14,0.454480878600102,0.7767901678782734,0.9404937369179932,0.9868201942637886,0.9949055461490375,0.9978767734432801,0.9880317262601278,0.9647395150021765,0.9363346922944382,0.9166066341536343,0.9222657100308256,0.9411014337321166,0.952656867608462,0.9614670334491827,0.9707330538310832,0.9798801691405092,0.9893112733716489,0.9970941741675227,0.9999999833262602,0.9999999909146744,0.9999999933552958,0.9999999939852903,0.9999999939072695,0.9999999931233664,0.9999999916414085,0.9999999832072436,0.9163109824380694,0.5903270872071007,4.256752831705063e-14
-1.134841180886912e-13,0.16452624813127034,0.2919964636621664,0.374998819577825,0.4135340997607473,0.4181653251018122,0.4131846026458943,0.4034544224910799,0.3708217981583877,0.30246919697087515,0.20085926438491974,0.08952839198841811,-0.004877841606203576,-0.07828535757262639,-0.13762129755466623,-0.18446752777412578,-0.2185912335748267,-0.23987835054731316,-0.2492714802659452,-0.2512792633562625,-0.2512792764089802,-0.2512792821512301,-0.25127928519140896,-0.2512792867868191,-0.2512792868637555,-0.25127928449494447,-0.25127927446233955,-0.20992145744422916,-0.1150721330832121,1.7590986857288398e-14
-2.9843093411264505e-14,0.00687906186907737,0.026394980348502226,0.05642980369690045,0.09405677907791953,0.13447311083695257,0.17575962907072104,0.2172618884252229,0.25786403474457964,0.2955298802842535,0.3280168899960186,0.35315646449286575,0.3694758605222904,0.3773582447810953,0.3782460317491875,0.37350646816875865,0.3644814189043761,0.3525191927367165,0.3389527058619892,0.32484207157133066,0.3106605683502956,0.2964790641782139,0.2822975596773918,0.26811605524716037,0.2539345511739596,0.2397530477028649,0.22557154527089351,0.21221959424277237,0.20317341576024922,0.19999999999993998
4.1783999411330143e-14,0.11789306927409776,0.15584107600045952,0.20845326192220387,0.2669879070380162,0.32678303333962,0.38695984410272527,0.44695863849960205,0.5059345636050365,0.5632898781040504,0.6191150074577313,0.6744254775436256,0.7306879861321005,0.789670336707908,0.8495496672943363,1.1867131461763645,1.2482278298596685,1.3098596067682153,1.3718697464511633,1.434135765583893,1.4964198316042214,1.5586795872498589,1.6209234118806548,1.683156199894817,1.745381070876414,1.8076001497738852,1.8698149590769815,1.9303432268375809,1.9792618974946647,1.99999999999984
0.9999999999999117,1.005113230088582,1.0191112362379235,1.0394597141782036,1.0634752618092924,1.0886870239850084,1.1137501469426823,1.13845859615159,1.161982240741901,1.1824944458396054,1.197818174534319,1.2065405450702988,1.208963763435421,1.2063742280385634,1.1997985795554587,1.190015990874881,1.1777911700741748,1.163892497506469,1.1490795815222319,1.1339565643207148,1.1187931600435623,1.1036297552348302,1.0884663501719305,1.0733029449709697,1.058139539716983,1.0429761345253687,1.0278127296622135,1.013481235437882,1.0035533599346556,1.00000000000001
-9.959248014238768e-15,0.2238626533188473,0.4167569790913462,0.5724891660852612,0.6570443497291669,0.6792007034297135,0.687951663947404,0.6847775829207849,0.6546998856201964,0.5874601833390845,0.4830584698423237,0.3451704085511293,0.19736300175802915,0.06855180469912157,-0.035567422050039155,-0.11777043915367601,-0.1776487167053567,-0.2150021008816273,-0.23148461353927557,-0.2350077539897668,-0.23500777788897603,-0.2350077873747032,-0.2350077891557107,-0.23500778537908393,-0.2350077774450879,-0.23500776527429695,-0.23500774029829663,-0.19376724520750918,-0.10343028848776513,2.2200364878502963e-14
9.884441397392354e-14,0.454480878600102,0.7767901678782734,0.9404937369179932,0.9868201942637886,0.9949055461490375,0.9978767734432801,0.9880317262601278,0.9647395150021765,0.9363346922944382,0.9166066341536343,0.9222657100308256,0.9411014337321166,0.952656867608462,0.9614670334491827,0.9707330538310832,0.9798801691405092,0.9893112733716489,0.9970941741675227,0.9999999833262602,0.9999999909146744,0.9999999933552958,0.9999999939852903,0.9999999939072695,0.9999999931233664,0.9999999916414085,0.9999999832072436,0.9163109824380694,0.5903270872071007,4.256752831705063e-14
-1.134841180886912e-13,0.16452624813127034,0.2919964636621664,0.374998819577825,0.4135340997607473,0.4181653251018122,0.4131846026458943,0.4034544224910799,0.3708217981583877,0.30246919697087515,0.20085926438491974,0.08952839198841811,-0.004877841606203576,-0.07828535757262639,-0.13762129755466623,-0.18446752777412578,-0.2185912335748267,-0.23987835054731316,-0.2492714802659452,-0.2512792633562625,-0.2512792764089802,-0.2512792821512301,-0.25127928519140896,-0.2512792867868191,-0.2512792868637555,-0.25127928449494447,-0.25127927446233955,-0.20992145744422916,-0.1150721330832121,1.7590986857288398e-14
-1.3908062979838068e-13,0.006897679195822829,0.026490106534116552,0.05669835713063943,0.09473474670736169,0.13620355163863168,0.17918072603781007,0.22282627267131894,0.2659046991773368,0.30639165485589465,0.3420859208900316,0.37084965301559214,0.39114145512370274,0.40301071060386473,0.4074147298873505,0.4052619110306534,0.39756306419630283,0.3856139764637626,0.3708214096020361,0.3543738093512854,0.33695661947801997,0.31891036115412047,0.30051481372644623,0.2820497571185992,0.2637949703963087,0.24603023144159036,0.22903531776238614,0.21380104922371662,0.20358682048631138,0.1999999999998475
-6.880614110534391e-14,0.014864300266887967,0.055131096569344236,0.11262886569332475,0.17941625461492888,0.25104883084625534,0.3263248883266782,0.404316231633593,0.48385024767177826,0.5639661306506739,0.6442929301845195,0.7252526385554896,0.8076539663843129,0.8910122077552705,0.9745929152979245,1.0579343872626104,1.1406610525586514,1.2225354761425298,1.3033684166756865,1.382810287865551,1.4604575952881464,1.536091131426703,1.6095417894136426,1.6806404639966823,1.7492180518349356,1.8151054511175777,1.8781335600535622,1.9366903617120947,1.9821005138846306,1.9999999999999287
0.9999999999998908,1.0050839366946838,1.0190828779676713,1.0396302844567589,1.0642203900606524,1.0905296108460905,1.117199505603373,1.1438477626236345,1.1695571298633491,1.1925562085601775,1.2107732546223084,1.2227915129177418,1.228664302077529,1.2292885329290153,1.225338465158222,1.2172882917013024,1.2056962233200292,1.1913405702805264,1.1750885419132981,1.1576861405476435,1.139592714826645,1.121071046341063,1.102349299474632,1.0836556380846896,1.0652182255399232,1.0472652245848526,1.0300247971180214,1.0144381692580418,1.003794962959653,0.9999999999998828
-6.531010661399616e-14,0.12861460867093577,0.2401036090395382,0.331041916799573,0.3868516986955418,0.41129498996760333,0.4253689633548584,0.42970803117965395,0.417892774436757,0.3855267427064909,0.33260995675710336,0.2607177111199304,0.1799501431096264,0.10269962906327627,0.031407229968304355,-0.03434530391475192,-0.09052401133922032,-0.1331842244571727,-0.16226346318548313,-0.18115238534248157,-0.19389510272252433,-0.20200149288533528,-0.20547153457720807,-0.2043052296914397,-0.1985025987287189,-0.18806365600240174,-0.17298840441086452,-0.13560237013465612,-0.07253869092114223,6.82592054168146e-14
-3.506468339651625e-14,0.2819368046994734,0.501035720852862,0.6447293031723904,0.7306869392123359,0.7928240448660203,0.8453378979975763,0.884927565637258,0.9113226270565138,0.9280949922669512,0.9411543751596134,0.9576623603655644,0.9723858851631392,0.9765576966189539,0.9721213925388467,0.9608344965671589,0.9443797003210204,0.9248586964623173,0.9018290058313793,0.8739068032817419,0.8419369101981113,0.8071646674125041,0.7695900948458775,0.7292132227601444,0.6860340821921036,0.640052689342861,0.5912690280863626,0.5038163708451228,0.30972076990663006,3.028582043354921e-14
-4.1278162104078804e-14,0.09337119764673675,0.16802051958223216,0.22020333349143914,0.24991996056592264,0.261697391339077,0.2659465052387264,0.2647512107883477,0.2503316497711378,0.2171945851462302,0.16639542071051877,0.10802115850203918,0.05349130902390911,0.004551885398345862,-0.04176592814408837,-0.08554099084824873,-0.12367757141403253,-0.15313081287913471,-0.1737055758509053,-0.18733416265763936,-0.19632126014927265,-0.2015273454637775,-0.20295242691713655,-0.20059651182044247,-0.1944596089768598,-0.18454173117048234,-0.17084289540644332,-0.13563836500698195,-0.0737280136466102,4.1677657485360364e-14
-6.022910896942269e-14,0.006897673684952537,0.026490088396660096,0.05669831635443444,0.09473466862716073,0.13620342033823024,0.17918052655186678,0.22282599175599965,0.2659043271670331,0.30639118744629784,0.34208535873542883,0.37084900053875686,0.3911407202585047,0.40300990498672246,0.4074138682530866,0.40526101669274667,0.3975621827231801,0.3856131309455419,0.3708206140233209,0.35437307626221126,0.33695596060813804,0.3189097865006566,0.3005143296493881,0.2820493653641772,0.26379466891331954,0.24603001592871224,0.22903518249136615,0.21380098596853278,0.2035868091029867,0.19999999999993362
-2.972964128313662e-14,0.014864294804961285,0.05513107590707541,0.11262882034478727,0.17941617449607036,0.25104870636568005,0.326324709925093,0.4043159890952418,0.48384993147999394,0.5639657345418821,0.6442924525495656,0.7252520823350076,0.8076533383907174,0.8910115177938934,0.9745921750480829,1.0579336122753826,1.1406602685925242,1.2225346984894876,1.3033676565893257,1.3828095564744964,1.4604569046416496,1.53609049496914,1.6095412214647624,1.680639978481299,1.7492176605305931,1.8151051615179061,1.8781333730000467,1.9366902695312902,1.9821004941084268,1.9999999999999691
0.99999999999995,1.005083961257238,1.0190829732992306,1.0396304876848896,1.0642207293917847,1.09053010624315,1.1172001692097333,1.1438485993854588,1.16955813796761,1.1925573796358542,1.2107745739571212,1.2227929598042584,1.2286658502417793,1.2292901509584713,1.2253401175167244,1.2172899423384473,1.205697840207846,1.1913421206574064,1.1750899948819091,1.1576874696479877,1.139593898925859,1.1210720700154644,1.102350153240059,1.0836563186338348,1.0652187360849266,1.0472655753565299,1.0300250059934144,1.0144382643043848,1.003794987198643,0.9999999999999517
-2.7366652359212828e-14,0.1286144523949807,0.24010333145132498,0.33104142834342076,0.3868509475112638,0.4112939798318649,0.4253677163591829,0.42970658813462675,0.4178912135485947,0.38552515488232614,0.3326084133719372,0.26071626979599893,0.1799488640216046,0.1026985725529604,0.03140643252825038,-0.034345468187180435,-0.09052354255760696,-0.13318350747170582,-0.16226252875273253,-0.18115124966501125,-0.19389378240039531,-0.20200003225271693,-0.2054700066441568,-0.20430370827588726,-0.19850113370519823,-0.18806227470455844,-0.1729871304314718,-0.13560127691434334,-0.07253817793663705,2.843554328120396e-14
-2.1378611470087963e-14,0.2819366297994108,0.5010353912662492,0.6447288100290504,0.7306862812880904,0.7928232311968395,0.8453369199636023,0.8849264176973302,0.9113213421679558,0.9280936406766485,0.9411530360584199,0.9576611042814991,0.9723847693707107,0.9765567627114298,0.9721206588377825,0.9608341338523501,0.9443797070891398,0.9248588950655676,0.9018293872631026,0.8739073742464037,0.8419376924585482,0.8071656823516818,0.7695913480475934,0.7292146943909368,0.6860357196181397,0.6400544032113124,0.5912706847640232,0.5038178402617339,0.30972154760033155,1.617781797141785e-14
-1.4978270987149985e-14,0.09337200552693943,0.16802202667315114,0.22020537816499733,0.2499224033482084,0.2617000986230043,0.26594935250899704,0.26475408322490246,0.2503344373765646,0.21719718077746808,0.16639772181316473,0.10802306927807818,0.053492740481094245,0.0045527570466840335,-0.04176566590408661,-0.08554128976620824,-0.12367840054202639,-0.15313218081783136,-0.1737074229969038,-0.18733640559588516,-0.1963238067431385,-0.20153009902409266,-0.20295528723182749,-0.2005993740700251,-0.19446236146373888,-0.18454425246641967,-0.17084505386681229,-0.13563992194549565,-0.0737288055728343,1.0673575727832635e-14
3.109938316930169e-15,0.006512362258724086,0.025499744103078842,0.05523331897720433,0.09265068050233098,0.13338484038379947,0.1752611409836746,0.2173868065759211,0.25847261716156483,0.2967427254233456,0.3305978280783926,0.35854912821519,0.3794757639611055,0.3932381887088328,0.40025693463077455,0.4009365574113438,0.3958583407830878,0.3860348104148779,0.37266050188029254,0.3568094744113402,0.3392454974783041,0.3205195654079411,0.30114520130817796,0.28163592816881344,0.26250526891970105,0.2442667464688603,0.22743388382597735,0.21297850509352378,0.20335962414300096,0.19999999999999665
1.5660158055461986e-14,0.014467902542531573,0.05469448193425562,0.11186819542727629,0.17723851947884395,0.24668843271780302,0.3195059990461199,0.3948927664135727,0.47167186568000813,0.5491504886921568,0.6269341444929157,0.7053398138606339,0.7852119607363497,0.8663881781238992,0.9482108252586834,1.0301253766991263,1.1116872025765918,1.1926645823234638,1.2729122884310942,1.3521932776430325,1.430237252731785,1.5068875991298354,1.5820186078401777,1.6555045699300517,1.7272197764807695,1.7970385185670106,1.864835087189678,1.9290583444143243,1.9801390549930817,2.000000000000008
0.9999999999999968,1.0049347917854985,1.0205157576113602,1.0442463984016204,1.0717554657306851,1.1001304437942325,1.1281913924203353,1.1555525213045548,1.1814980483725364,1.204785288347838,1.223910662460984,1.2375188655381797,1.2454060759686856,1.2483648654609412,1.2467657619571837,1.2407623606824245,1.2306482530743967,1.217051172409824,1.2007418582615295,1.1824273028114598,1.1626376689137863,1.1417818621169327,1.120247433669093,1.0984219347306037,1.076692916444049,1.0554479299680612,1.0350745265284649,1.0167023709813872,1.0041346524285328,1.0000000000000033
8.687634345719645e-16,0.1552433576912765,0.29981229320131064,0.4163772164049276,0.4837437046509106,0.508152288182643,0.5167261482603734,0.5129272184057806,0.489245302880437,0.44651856418927377,0.3882972283635594,0.3155530540544738,0.23451658700854536,0.1528323997603343,0.07200631200126056,-0.007513881488217525,-0.0797119817742146,-0.138626879492255,-0.18351421920570682,-0.21646560934987233,-0.23997576692280453,-0.25497611463316977,-0.2614666542583448,-0.2594473863704164,-0.24891831134207648,-0.2298794291486377,-0.20233073752640668,-0.15439111411556908,-0.08255520182735442,1.5736640801638936e-15
-1.371407526151654e-14,0.3510557122163631,0.6288949293652049,0.7852952568161767,0.8612826890148255,0.9168279491656898,0.9673104121097067,1.002304901760979,1.0245728016715683,1.0392457402519928,1.0496385946507976,1.066357588369299,1.0871680234150651,1.1004731739679443,1.10388105658742,1.098828662348755,1.0881175012600617,1.074807551404476,1.0589786805902588,1.0397772491689339,1.0177244184042393,0.9935884103352224,0.9673692258097509,0.9390668650833263,0.9086813281305881,0.8762126148716396,0.8416607232984198,0.7562868197051483,0.47600097801733526,1.8281488130604657e-15
-3.1253172955408164e-15,0.12722580211479428,0.2598392611379963,0.33634115012421545,0.359054123501792,0.358670887852044,0.3511586965440353,0.3378030780926113,0.3138048213927133,0.2757752772738473,0.22060622712548264,0.15308231589773127,0.08920437034365192,0.031487288057409746,-0.027097396734200068,-0.08605038600787852,-0.14072260371715184,-0.18649636850531892,-0.2227033761428756,-0.25053560183145085,-0.2714147463807884,-0.28587161357901897,-0.2939062046891581,-0.2955185200793757,-0.2907085597358316,-0.27947632342113893,-0.2618218103400081,-0.21178537566742425,-0.11034345304019824,-2.445793581828891e-15
-4.55672171519e-14,0.00640956850225396,0.0247831435563945,0.05350547755799059,0.09028589014270604,0.13111491948424647,0.17390920195606532,0.21751224426861016,0.2605492864923472,0.3012857470898474,0.33800268823542723,0.36862721240622753,0.3911252425350337,0.4047854916469183,0.4103306509640471,0.40913513288294273,0.40262441542181615,0.3915794038422159,0.37676952279714315,0.35952031666121564,0.3410682760541037,0.3222537954802889,0.3033962390521772,0.28453868217312334,0.26568112582469383,0.24684570890194169,0.22864093238012087,0.2135082917267068,0.2035303070627016,0.19999999999990584
3.502898844995856e-14,0.08815010840984117,0.13440188692765634,0.1987118356290299,0.27050159353449993,0.34387624198530703,0.41778937149651707,0.49169356493292365,0.5643130528433891,0.6347205487196973,0.7030675613223686,0.7707851111096587,0.8398318787423437,0.9105650457873462,0.98206174619145,1.054201067711505,1.1268514376636594,1.1995416191710933,1.2727158889033732,1.3464113088313685,1.4205661086822063,1.4949487879740124,1.5693669946518944,1.6437852014756067,1.7182034082218347,1.7926033556874292,1.8659769658593213,1.932606167870161,1.981454181635873,2.000000000003124
0.9999999999998829,1.0045134387988799,1.0173263733528006,1.0370648536237927,1.0618951487150778,1.0887994735145725,1.1160061691358945,1.1430853016301623,1.1690327782536225,1.1920616005644982,1.210112045738312,1.221790115689991,1.2273080278413246,1.2275252139189134,1.22304427360536,1.2147035598767273,1.2033337961419086,1.189380008280298,1.1732806795453852,1.1557912172283182,1.1376163369824157,1.1192351427418474,1.1008294591365841,1.0824237753122592,1.064018091521953,1.045624789918171,1.027829707603185,1.013102443006539,1.003420784128549,1.000000000000007
6.216064166459596e-15,0.186738510612744,0.35297777398237357,0.49461784948012266,0.5862294344625436,0.6280444974659202,0.6498266831568075,0.6533543368402167,0.6329564200520845,0.5877170852719767,0.515500845027951,0.4096092679901088,0.2794507404964311,0.1490064214330579,0.035399539759161665,-0.05508164676257773,-0.12927146034674064,-0.19553184194198533,-0.24615112938002692,-0.2750948568668382,-0.28668898797571973,-0.28883043200509834,-0.28883044775803185,-0.2888304471703151,-0.28883043194738756,-0.28772982611500303,-0.25967979007524766,-0.1930527539274178,-0.10433146264126586,2.780903085604682e-14
-5.73383999871531e-15,0.5075484867802174,0.8696154182209852,1.05710441332185,1.1116184650205956,1.1207574913467195,1.1270278595376395,1.1181136623228978,1.0891997576053563,1.0531681333066567,1.029579696496978,1.0364736777342278,1.065084307931156,1.084346169395884,1.0930459909159727,1.103245132261799,1.1055617355108962,1.1079143171056154,1.1167287745803187,1.1247156226308148,1.1307458523148501,1.1325120641821549,1.1325120674689249,1.1325120678302958,1.132512066538658,1.1316043208679376,1.0833039338132173,0.8995239828385174,0.5302107725983564,-3.8013627200263805e-13
-4.2011207170579615e-14,0.1303411973759757,0.2443245340455339,0.33867794149198444,0.39456341033203285,0.4085653069349823,0.40956870035879295,0.4027634678545345,0.3740871128405881,0.31524766489591644,0.22773878955765556,0.1313441035801817,0.04597121975330881,-0.029280017265805782,-0.09493585076554013,-0.1464996813108019,-0.18877930944248042,-0.22654007626190142,-0.25538722475776854,-0.27188180567979886,-0.2784862013298875,-0.2797036559470479,-0.2797036620452939,-0.27970366323504064,-0.27970366062009144,-0.27908809668676976,-0.2511947407896896,-0.18529421612285565,-0.09964789960460822,-6.789285528655582e-14
-5.804110794336096e-14,0.0047713853941416815,0.019024151285582387,0.042179092605486725,0.07312035898049701,0.10853123980998682,0.14626154626181986,0.18516946079593463,0.22385906442802755,0.26069322479674933,0.29435654476093115,0.32376364356248494,0.3478945713725096,0.36595238016727566,0.3774479407879025,0.3823264068949433,0.3812042112048585,0.37485673519144924,0.36409962427989107,0.34987603372410253,0.33312659836722286,0.3147196059070358,0.29541526034716176,0.2759179194065478,0.2569238369306979,0.23913376364503733,0.22338688060664816,0.2109218519753414,0.20282135291546072,0.1999999999999624
7.86237288379634e-15,0.01573856033603903,0.059676355082529636,0.12231035459835284,0.19308223149472292,0.26601464888044346,0.3400191588765298,0.4148584561669239,0.4899894420686442,0.5652238587047717,0.6407066918013985,0.7166718336452248,0.7934062240166069,0.8709110414517829,0.9489246669450612,1.0273375979466337,1.1060025788414196,1.1846907198800118,1.2633673641885679,1.3419125232248341,1.420189667901444,1.498017801118908,1.575225209605686,1.6516728735362256,1.7272284568650156,1.8017499738554472,1.8742227516629206,1.938864694573444,1.9839296000380844,1.9999999999999827
0.999999999999952,1.0025749665499608,1.0122994174842823,1.029517225910376,1.0524900068818146,1.077780713692031,1.1032878622874276,1.1282719112652129,1.1520190509693264,1.1737005409764518,1.1924358210673505,1.2075047715033294,1.2184498412288887,1.2249090406665886,1.2265080954865053,1.2231632973538262,1.2153094217268678,1.2035325877040528,1.1884498860380033,1.1707510727838315,1.1511244803563183,1.130217235532909,1.1086147949852034,1.0868708168496137,1.0655343521051215,1.0451493477912501,1.0265768177554615,1.0118616980052824,1.00274967388988,0.999999999999975
8.782056724732984e-15,0.12757010457169887,0.25147694915025803,0.36880339979161114,0.45459966389036005,0.4974677918382014,0.5212811338599291,0.5293271277725191,0.5153043366012566,0.48053414700209374,0.4308228504932577,0.3683029593695448,0.2939474732899559,0.2098433884502543,0.11929777832676602,0.03130000633018861,-0.04649217151942842,-0.11324127308314749,-0.16816692730340313,-0.21059247908659073,-0.2408523079552378,-0.2596934950169236,-0.2678402533670205,-0.2655047010604675,-0.25268684037367345,-0.22929257719185436,-0.1922094285017505,-0.14004452272925022,-0.07451035002354428,1.7367414834417043e-14
1.6409675755080706e-14,0.4205755143127331,0.7518772756838803,0.9312899621087113,0.9893786335965117,1.005528696192721,1.0201192156243564,1.029415402688511,1.0338316196524155,1.0392769993260231,1.046666507644373,1.055704714451534,1.0656451513318779,1.073614720680358,1.079375096467376,1.0837245312856336,1.0853749030687432,1.0850336465587451,1.0833565479400518,1.0796537623740123,1.073793793238024,1.0655190975014106,1.0550770936312954,1.042642731553363,1.0282160105001912,1.0114510095382394,0.9588193813090633,0.7751498633793431,0.42834508388548526,-1.8062310807532793e-14
-3.714502108241373e-14,0.07621273563104065,0.18291616809668593,0.2792875667716071,0.33559416651528656,0.3485996071898246,0.3446831711589767,0.3325513956785723,0.31045906683366853,0.27788365072731536,0.23531057154193177,0.1848267356057675,0.12777611938898617,0.06402895218681376,-0.00508482054605994,-0.07253906087787483,-0.13224738519804527,-0.18336999729465953,-0.22546218956844585,-0.258138350933817,-0.2815887500594896,-0.2962394242116791,-0.30250337825648693,-0.3005012058028146,-0.29023290388586803,-0.27198998073692615,-0.23338448525388156,-0.16641680894062125,-0.07904947653957366,1.959088203838317e-14
-2.57317487972813e-14,0.004004132631417982,0.015839561509027343,0.03529415682670126,0.061831163663885955,0.09272982256340191,0.12632527116051567,0.16150379366342274,0.19709908683379887,0.23189798953602975,0.264760521651377,0.29461418101741227,0.3203987150903566,0.3410601398461191,0.35561214159815946,0.3635005347029506,0.3651186347521296,0.36127090501774245,0.35280744506801653,0.3405839598602748,0.32546101470231176,0.3082967726504172,0.28994402993584484,0.27125038023483083,0.2530618932204742,0.23622456066809402,0.22159295457277992,0.21007933407322965,0.2026186157967312,0.19999999999997167
4.978717351623281e-15,0.014306640913585534,0.0554666929397146,0.11622833032520773,0.18583639677894978,0.2577288250226842,0.33071367088060716,0.4046428839781256,0.47935988603469065,0.554835026835243,0.6310884568462064,0.7081192115553879,0.7859292041524057,0.8645149856711954,0.9438461377978485,1.0238404536108936,1.104310357737587,1.18501122866862,1.2656977666509468,1.3461293827518894,1.4260605327415818,1.5052447278879728,1.5834336295178966,1.660380676311777,1.7358405637123713,1.8095666504734829,1.880625072697102,1.9433937109492627,1.985456765619355,2.000000000000002
0.9999999999999812,1.0026334557212755,1.0120012713949025,1.0293213772197969,1.05273708925476,1.0785929263007579,1.105207958405561,1.1317246780953591,1.1573921852135904,1.1814105402619295,1.202956868965673,1.2212202845498878,1.235398275331122,1.2446989295449604,1.2483742946822765,1.2460348273756034,1.2380981096465464,1.22533317760273,1.2085497110810237,1.188560583995663,1.166181439874213,1.1422265551598751,1.1175071456458854,1.092831460098478,1.0690068808768172,1.0468389586696014,1.0272928407185757,1.0120680459090337,1.0029054007911045,0.9999999999999727
-1.3382035681982046e-14,0.09776163517772418,0.19142198526876322,0.28529339392259556,0.3574584676537512,0.3987509966446523,0.4258117548697649,0.4390161712613452,0.4377264789666014,0.4220661293870702,0.39268592969188937,0.34989222487165506,0.2937148772611172,0.22415388539444325,0.14321173277424412,0.06090084071425548,-0.012766370091790324,-0.07578741800692206,-0.1281623065461818,-0.16989103952568846,-0.2009736209402729,-0.22141005485844634,-0.23120034535265424,-0.23034449647007638,-0.21884251213199013,-0.19669599819298458,-0.1636323132560243,-0.11908245078299669,-0.06355789019505419,1.6262781714971964e-14
-1.23359172951302e-14,0.35181947597379704,0.6525318245706073,0.8302200041660897,0.8868140388257408,0.9010186714247147,0.9137568078955419,0.9245582617069326,0.9344550108544386,0.9445174818187699,0.954649960535784,0.9646452811247817,0.9745034456506694,0.9842244541900254,0.9935538571074392,1.0012194059448676,1.005948852796745,1.007487749268212,1.0058360966790156,1.0009938962565468,0.9929611491664762,0.981737856506796,0.9673240192682446,0.9497196382523472,0.9289247137002152,0.9049115437492166,0.8525178362419547,0.6722718476801494,0.35604408452801517,3.0675280053484524e-15
-8.356280879867299e-15,0.07090136966506735,0.16650221441447366,0.26141073132423465,0.31371009416727885,0.3300615504475343,0.33453803942532473,0.3291724777862601,0.3141600469035252,0.2888221353184891,0.25319762650313454,0.20732569459171024,0.1511671752405837,0.08472206739595149,0.009708557950800315,-0.06528239714677972,-0.1316598452009529,-0.1877056021210142,-0.23341967428140428,-0.268802067349119,-0.2938527861600567,-0.3085718349083546,-0.31295921745720545,-0.30701493732042473,-0.2907389940773478,-0.26416917209046403,-0.2215462591468044,-0.15435175376015178,-0.0743797630509509,1.8968380481517227e-14
-6.941946134067818e-15,0.0038531386622638916,0.01498693381949088,0.032963549526944365,0.057498487576933745,0.08633692598362243,0.11801946699848229,0.15145002653635245,0.18553508069704677,0.2191766179072471,0.2512774885316701,0.2807448541087486,0.3064879055056484,0.3274160314048229,0.34249178637672945,0.35110304936188785,0.35359467140963236,0.3507368166890447,0.34335281242882365,0.3322659858150997,0.31829966398628184,0.3022771740282951,0.28502184297025507,0.267356997794371,0.25010596543482455,0.23409207284581937,0.2201947113864922,0.2094178843031503,0.20245572607373324,0.2000000000000093
-1.0715012479563457e-15,0.012411294552553138,0.04891712067469504,0.10482080136195508,0.17046340730747672,0.23941692181829846,0.31045917057328704,0.3834477661881673,0.45824586215457047,0.5347293366074195,0.6127797984444037,0.6922782225613001,0.7731042115303975,0.855137367942149,0.9382490989069717,1.0222453575005654,1.1067851272418368,1.191462376930297,1.2758629897269096,1.3595728488082521,1.4421778373629237,1.5232638385896222,1.6024167356899315,1.6792224118562613,1.7532667502404076,1.8241356337877932,1.890927377392168,1.948890358066688,1.9869865520363679,1.9999999999999991
1.0000000000000062,1.0027700413259784,1.011563486865916,1.0284280392133063,1.0517245873480894,1.0778599758685556,1.1052763848093339,1.1330365685009938,1.1602244247148736,1.1859143811460424,1.2091780580383762,1.2290873341302626,1.2447143476689708,1.2551309774161419,1.2594601721074214,1.2572333451652677,1.2489006934308935,1.2353204970861118,1.2174020109110777,1.196054489607452,1.1721871878048287,1.1467093600698486,1.1205302609120926,1.0945591447889067,1.0697052661285762,1.046877881014865,1.0271432432400143,1.012135116040236,1.0030713205147095,0.999999999999997
-6.5442845336547585e-15,0.08754330364018933,0.16719755877489476,0.2462927424800127,0.31019510989919485,0.34935821114405285,0.3759295262194863,0.38991247260496464,0.39130696996281494,0.3801113534188157,0.35632562282143604,0.31994977791046486,0.27098381857785026,0.20942774478479365,0.13711901624802442,0.06324493156439359,-0.0030072105986107154,-0.05979995050917894,-0.10713328835755993,-0.14500722441009894,-0.1734217589579099,-0.19237689237223066,-0.2018726249674817,-0.20190895698483977,-0.192485888704745,-0.17360341891630063,-0.14316719025597305,-0.10287650071477432,-0.05518212024113574,-1.3284620208785292e-14
-6.2282703308232415e-16,0.28290046001361335,0.5430351412089658,0.7139214967137638,0.7789535330177134,0.8048710741907168,0.8291676013292861,0.8518257409187514,0.8729311605804987,0.8925351335570758,0.9106376600933165,0.9272387408508463,0.9423383759290802,0.9559365653739867,0.9677469265514644,0.9763375462746207,0.980276511433808,0.9792774395314794,0.973340330681488,0.9624651849501861,0.9466520023838985,0.925900782983088,0.9002115266432031,0.8695842330568321,0.8340189013077695,0.7935155273427104,0.7317174118106444,0.5670858615351905,0.2958141291222045,5.417351836295863e-14
4.340199364034797e-15,0.06320559421013922,0.14589789711727613,0.2377456964073671,0.2902955608833121,0.3109374932789035,0.320709504854657,0.31971605691873634,0.3079802856907283,0.28543840793136216,0.25209039897177354,0.20793626072527838,0.15297599343093812,0.08720959668782062,0.012418023408084688,-0.06249396081438464,-0.12862159039789703,-0.1841839123743612,-0.229180927134156,-0.263612635138634,-0.28747903682024145,-0.3007801325727089,-0.30351592276762046,-0.29568640772794474,-0.27729158742645305,-0.2483314309043276,-0.20330880389176176,-0.139466617312143,-0.07000840513658577,5.6349873096209714e-15
-8.976302983261583e-16,0.0040424069974966045,0.015610769698126976,0.033649466599663426,0.05704077976474189,0.0846669934337162,0.1154103909589576,0.14815325527957118,0.18177786933525425,0.21516651606832654,0.2472014784260732,0.2767650393667554,0.3027394818617574,0.32400708888071134,0.33950046615281954,0.3485586919305621,0.3514577777623707,0.34894634560961996,0.34185446390982843,0.33101609154866335,0.3172651874020166,0.30143571034261546,0.2843616192364953,0.266876872941938,0.2498154303094256,0.23401125018100985,0.2202982913884644,0.20951051274385282,0.20248187303356366,0.19999999999999962
5.250961016360946e-16,0.007282113652024272,0.02876979854790456,0.0634569028940656,0.10905928753322125,0.16352255726961518,0.2258772880335554,0.29540615321189495,0.37139182618435523,0.453116980332308,0.5398642890355655,0.6309164256432335,0.7255560635044803,0.8230658760546238,0.9227194635931709,1.023718087764942,1.1251016657016975,1.2258419663068445,1.3249036572545898,1.421251652740874,1.5138508669659982,1.6016662141287903,1.683662608448481,1.7588049641515158,1.8260581954691966,1.8843872166432418,1.932684501338689,1.969354849443387,1.9922093266548628,2.0000000000000004
0.9999999999999998,1.0034363118685246,1.0132153872627556,1.0285633785485373,1.0491015636833467,1.0730892338176425,1.09923967442188,1.1264931684277326,1.1537899987153375,1.180070448125638,1.2042747994663003,1.225343335515418,1.242216339018637,1.2538340926783293,1.2591896951189114,1.2577027310762843,1.2497751397361216,1.2363026386350362,1.2182654281722514,1.1966476670870054,1.1724335140983533,1.1466071279051693,1.1201526671867144,1.0940542906013813,1.0692961567841068,1.0468624243352462,1.0277372517639238,1.0129047973391574,1.0033492191371107,0.9999999999999987
-6.187438149419347e-16,0.0923432297386899,0.17388186674497907,0.2424549776697486,0.29806257282246845,0.34070466453126447,0.370381238330807,0.3870922942218347,0.39083783222208035,0.38161785237168355,0.35943235475644003,0.32428133954782346,0.27616480681279254,0.21508275650774084,0.14278642071187386,0.06816734699241775,0.0006586355065193428,-0.05731154086347249,-0.10560779404743877,-0.14423012423571172,-0.17317853148081302,-0.19245301583263522,-0.20205357738209384,-0.20198021621832735,-0.19223293243512937,-0.17281172613299864,-0.14371659748166227,-0.10494754678809813,-0.05650457418378835,2.973815278960598e-16
-1.1257154262041048e-15,0.16802051008057292,0.32910694495651965,0.470434368017099,0.5832297908376773,0.678931233552198,0.7663116875357475,0.8453711527180576,0.9161096290532217,0.9785271166030703,1.0326236151666892,1.078399124362077,1.1158536448517393,1.1449871773678193,1.1654839761908502,1.175773893155492,1.1743210924003211,1.1608527181315724,1.1353773482625238,1.0978949831143108,1.0484056225972636,0.9869092668494273,0.9134059160670291,0.8278955702881493,0.7303782295843859,0.6208538941627497,0.4968016315013528,0.3488131927677459,0.17940951052765988,-4.861213366084741e-16
6.854176597017337e-16,0.07835657289673169,0.1464691855859445,0.21018860520538904,0.2616153321805996,0.29284982844373897,0.31179160707475445,0.3184406673729451,0.3127970088267568,0.29486063102322496,0.26463153360454844,0.22210971622897616,0.16729517846299521,0.10018791974730125,0.022625935334298075,-0.056063044454607046,-0.12600028460642687,-0.18465903399619948,-0.2319015418788627,-0.2677278084998691,-0.2921378340914607,-0.3051316188838395,-0.30670916310882684,-0.2968704670176623,-0.2756155309160703,-0.24294435534960204,-0.19885694224395078,-0.14335329503729136,-0.07643341313631406,8.865088162014118e-16
3.468082528380818e-14,0.003999123969834777,0.015448979691880435,0.033315336776217015,0.05650314552690399,0.08391736169102179,0.11446295126524263,0.14704488458116738,0.18056813283431294,0.21393766855696786,0.24605846630809516,0.27583550229251497,0.30217375254500595,0.3239781877304187,0.34018967838243097,0.3500549742130568,0.3536157244315162,0.3515346038958479,0.3446584742005653,0.33385271565847113,0.3199827012964362,0.3039138027817147,0.2865113936658842,0.2686408502366812,0.25116755078939645,0.23495687438239066,0.22087420042850944,0.20978491151237047,0.2025544016803486,0.20000000000004303
1.651172899481425e-14,0.006442107836054055,0.025341870178359087,0.05589355439677175,0.09724406895357614,0.14854033670889777,0.2089292840332509,0.27755783269165296,0.3535728988792145,0.436121395693693,0.524350236046018,0.6174063354091922,0.7144366135760084,0.8145879952682552,0.9169992377252077,1.0207449630341172,1.1247627058116332,1.22794728766215,1.3291954332529705,1.4274051183217276,1.5214743108493767,1.6103009737405902,1.692783067891891,1.767818554572076,1.8343053969489993,1.8911415611684137,1.9372250168864007,1.9714537345481606,1.9927256741262769,2.000000000000003
1.0000000000000355,1.003469285213042,1.0133550621145582,1.0286711859365247,1.0483734960763214,1.0714178300806525,1.0967600248623808,1.1233559181312402,1.1501613488819624,1.1761321572584813,1.2002241844328536,1.2213932725364594,1.2385952645240814,1.2507860035665652,1.2569593314947154,1.256432117575605,1.2493574562406975,1.2365349278441062,1.218954323902791,1.1976244603878168,1.17355415265397,1.1477522161459552,1.1212274666503548,1.0949887203625042,1.0700447938877782,1.0474045042548723,1.0280766688928225,1.0130701050053899,1.00339362715579,1.0000000000000417
3.243067066446487e-14,0.091368334459122,0.17215115583390792,0.24023124861785988,0.2956088218055662,0.3382839324918623,0.36825668940574696,0.38552710807770746,0.3900951985765947,0.3819609816804336,0.3611244812561511,0.3275857088620115,0.28134464575622353,0.22240116255653994,0.15200492409661837,0.07705131127666354,0.007016233610729649,-0.05362513274461306,-0.10422801091195567,-0.14479253472378584,-0.1753187478817705,-0.19580664261225006,-0.2062561880485729,-0.20666735463832556,-0.1970401263766609,-0.17737450041768066,-0.147670465258913,-0.10792794704239872,-0.05814674345562428,-3.7657053087152786e-14
3.460229103949498e-15,0.1483573353833978,0.2884677414004151,0.4186820407518232,0.5390006150065376,0.649423526225157,0.7499507678352666,0.8405822659892291,0.9213179685522926,0.9921578562905604,1.053101943984946,1.104150274404209,1.145302901181096,1.176559888873371,1.197636868754145,1.2071551194888708,1.2039113478693737,1.1878403912531033,1.1589860071793172,1.117348091970953,1.0629265701124113,0.9957214007563892,0.9157325762695496,0.8229601111040676,0.7174040341269066,0.5990643851360218,0.46794120186107646,0.32403444319235025,0.16734389882668893,-1.4688694004903724e-14
1.4340887788417455e-14,0.07914160888244393,0.14818972639367892,0.20512563135753295,0.24994925095670714,0.28266058216216744,0.3032596234237932,0.3117463896613065,0.3081208952005558,0.2923831525285956,0.2645331731422113,0.2245709677301788,0.17249654407937076,0.10830989652665654,0.03333340082439398,-0.045158732212979315,-0.11724373105112494,-0.17828854677984501,-0.2276310879889322,-0.2652713697516036,-0.29120939362916054,-0.30544515662086524,-0.30797865414202136,-0.29880988141028386,-0.27793883364583005,-0.24536550574936788,-0.2010898942344544,-0.14511201205388444,-0.0774319106134719,-1.394491460544334e-14
8.291951387433813e-14,0.004006203790620119,0.015476962828078169,0.0333773063724141,0.0566113768823195,0.08408334970057918,0.11469740701334094,0.14735772486701537,0.18096847158448903,0.21443381019983127,0.24665790324705697,0.2765449190419302,0.30299903918452875,0.32492447417132675,0.34125948840275666,0.3512353322458601,0.35486168207851854,0.3527921560731961,0.34587962640621134,0.3349976556364981,0.3210198240898929,0.304819724306091,0.2872709542185863,0.26924710963294046,0.2516217796826584,0.23526854686750368,0.22106099375780705,0.209872721552765,0.2025773653263953,0.20000000000006823
1.460630909569502e-14,0.00643161439985009,0.025301480073511403,0.05580691873083315,0.09709805880513271,0.14832500662638423,0.20863784956273787,0.27718666586641466,0.35312152849147627,0.4355925063213185,0.523749664378117,0.6167430635109891,0.7137227594731835,0.8138388009714327,0.9162329330926777,1.019981686277648,1.124021775257975,1.2272455077821693,1.3285466672265989,1.4268202471940135,1.5209612365578085,1.6098646235554177,1.692425398639386,1.7675385576031695,1.8340991051094702,1.8910020580724847,1.9371424482678468,1.9714153197929074,1.9927157066355528,1.999999999999949
1.0000000000000835,1.0034448080196876,1.0132615580096533,1.0284723810161311,1.048041866840625,1.0709346018185668,1.0961151738925434,1.1225481733418612,1.1491981921777203,1.1750298230018297,1.1990076573693307,1.2200962827457387,1.2372602749236596,1.2494641793315737,1.2557082172715501,1.2552994965921453,1.248356731529549,1.235663076848089,1.2182056051513988,1.1969923659074195,1.173031382557937,1.147330668858443,1.1208982351336974,1.0947420909728136,1.0698702470511445,1.0472907165343635,1.0280115154807308,1.0130406603036408,1.003386159231688,1.0000000000000742
5.158114329030917e-14,0.0915318053860121,0.17247108561749314,0.24069822351005532,0.2962136315646883,0.3390175606873065,0.36910997726861194,0.3864907893258988,0.3911599159575914,0.3831173199229532,0.36236302963345357,0.32889715248660667,0.28271989397961317,0.22383179261474861,0.1534165703397495,0.07811978838674359,0.007460616747113728,-0.05378478609311017,-0.10489701023413486,-0.14587578909263188,-0.17672095529848178,-0.19743240158515846,-0.20801011164239191,-0.20845414432577386,-0.19876458676311123,-0.1789414946296367,-0.14898478649529465,-0.10889408166497071,-0.058669157220943215,-4.3255632043129835e-14
1.65829600676094e-14,0.148117912973049,0.28801985591106793,0.41806325665022664,0.5382480610708824,0.6485739626388657,0.749040812542564,0.8396485354567534,0.9203970798836768,0.9912864011044904,1.052316453462705,1.1034871847102035,1.144798526937123,1.1762503814756804,1.1975539997180555,1.2073060390979005,1.2042735621149867,1.1883807116399001,1.1596698425231107,1.118140860222373,1.0637937393537296,0.9966284892826788,0.9166451528857886,0.8238438122409922,0.7182245906735499,0.5997876478063491,0.4685331653527261,0.3244612028103492,0.16757141746193235,3.71198556064424e-14
6.988845317655663e-14,0.0785851284542585,0.14716170555064,0.2037275909221738,0.2482826798940053,0.2808269756465536,0.30136050544254206,0.30988329429731404,0.30639535647428173,0.29089669072375496,0.2633872719099309,0.2238670230858864,0.17233572863883012,0.1087928650779887,0.03448120571010009,-0.04364864695128246,-0.11571832210454441,-0.1768254727433312,-0.2262389864562489,-0.2639593241898044,-0.28998666540167817,-0.30432107410786097,-0.3069625712592545,-0.2979111540265473,-0.2771668005757729,-0.24472947660814534,-0.20059915382787044,-0.14477586669641035,-0.07725977813617481,-6.550485442036725e-14
-7.117813022815916e-14,0.004016644076667063,0.015517187918395944,0.03346389862626305,0.056758001177686625,0.08430071728243504,0.11499326676873632,0.14773686841802705,0.18143273979525296,0.21498209680644154,0.2472861532323043,0.27724612059244547,0.30376320847368704,0.3257386253509858,0.3421075073577094,0.3520972530813298,0.35571330585539823,0.35361027454341776,0.34664464589268124,0.3356938981519722,0.3216355076233279,0.30534694851659483,0.28770569284464903,0.2695892107715673,0.2518749711963565,0.235440442170818,0.22116309088134178,0.20992038258448745,0.2025897796882052,0.1999999999999308
3.713726200639158e-15,0.006429147223758868,0.02529199324172308,0.05578653680331114,0.09706359570984774,0.14827398389633786,0.20856851450211086,0.27709800060572204,0.35301325561226815,0.43546509364463304,0.523604329775478,0.6165817799734773,0.7135482608197911,0.8136545892264087,0.9160432578775802,1.0197913733490056,1.1238358174150822,1.2270683918458378,1.328382128637842,1.4266712538538455,1.52082999346842,1.6097525732521107,1.6923332186699929,1.7674661549385124,1.8340456072513878,1.8909658011331003,1.9371209629805035,1.9714053215117657,1.9927131105447504,2.0000000000000084
0.9999999999999262,1.0034321942575322,1.0132130765502065,1.0283685278040822,1.0478671216792472,1.070677428322195,1.0957680142892512,1.122107443316239,1.1486642770332454,1.1744070753384506,1.1983043964210773,1.2193247965069764,1.2364368295855064,1.2486090480287644,1.2548453448463086,1.2544535522690938,1.2475474379204932,1.2349057161153365,1.217512331162226,1.1963724641298927,1.1724912944263324,1.1468739994447892,1.120525754904878,1.0944517350801526,1.0696571127269165,1.047147058697104,1.0279267412878568,1.0130013256490027,1.003375973834968,0.9999999999999295
-4.6501194816025246e-14,0.09176994124031894,0.17291837495432652,0.24132101795417157,0.29697785561247475,0.33988885001415875,0.3700539882550745,0.3874732579609338,0.39214664277079636,0.3840741204384482,0.36325566461831776,0.32969125029136304,0.28338085793197,0.22432448470781716,0.15370280529421224,0.07814453974460123,0.007200823761593632,-0.054294687878370766,-0.10561143916569336,-0.14674945430264769,-0.17770875598421498,-0.19848936978307274,-0.209091319976417,-0.20951462467563597,-0.19975929552063693,-0.1798253413476101,-0.14971277477096934,-0.10942163377129988,-0.058951920101555456,4.2938158124276934e-14
-2.3548489243611207e-15,0.14806169035442532,0.287914603967661,0.41791705228119447,0.5380689544555307,0.6483702908714286,0.74882105860788,0.8394212591636985,0.9201708987133386,0.9910699874028025,1.0521185365048686,1.103316555015906,1.1446640481733819,1.176161018858373,1.197517778696465,1.2073279585998102,1.2043514636259827,1.1885064353905037,1.1598344301047565,1.118335446694686,1.0640094836796212,0.9968565378876109,0.916876605756769,0.8240696854238546,0.718435778460569,0.5999748911630318,0.46868703864410566,0.32457226529654737,0.1676306366876902,-1.227645047959145e-14
-3.723757382912569e-14,0.07829756033071206,0.14662482292612972,0.20298755596268697,0.24738572451606483,0.2798192849825212,0.3002881994904032,0.3087924400387006,0.30533198506999804,0.2899068152649796,0.2625169097161994,0.2231622435757154,0.17184279098737826,0.10855854611302228,0.03453935606528836,-0.04332722267292617,-0.11519762655928682,-0.17614696969206267,-0.225436210554402,-0.26306535807473197,-0.2890344365968365,-0.3033434677241173,-0.30599246905496746,-0.29698145715760776,-0.27631045128403753,-0.2439794769304282,-0.19998856803892287,-0.14433776177811986,-0.07702709277799472,3.281750298834369e-14
3.7452556281446097e-14,0.004024747653609238,0.015548340866853801,0.03353078907048939,0.05687091798042368,0.08446754676267458,0.11521950161821026,0.14802560648000432,0.1817846845256923,0.2153955591796251,0.2477570508552069,0.27776797263708175,0.3043271353842772,0.32633335478232034,0.3427193707575363,0.35271055102152277,0.3563119909330889,0.3541799540961881,0.34717333928842903,0.33617211881886894,0.32205625967854196,0.30570572768188153,0.2880004881357187,0.2698205046034628,0.25204573931283447,0.23555615231492713,0.22123170136699905,0.2099523543227336,0.20259809000912452,0.20000000000002197
-1.725555856792116e-14,0.006428125916341629,0.02528809085805939,0.055778148292773985,0.09704940249830238,0.14825297180890173,0.20853997282481174,0.2770615187562849,0.3529687221886259,0.43541270066561555,0.5235445802489296,0.6165154949985995,0.7134765786624411,0.8135789594716898,0.9159654463592143,1.0197133976271453,1.123759699927448,1.2269959396462577,1.3283148510457132,1.426610350552413,1.5207763560688239,1.6097067845996813,1.6922955503303165,1.767436562629595,1.834023727009926,1.8909509497993722,1.9371121391102208,1.9714012005524724,1.992712037059382,1.9999999999999867
1.000000000000037,1.0034238366310535,1.013180901621085,1.0282994615558367,1.0477506234030314,1.0705054958169609,1.0955351890145517,1.1218108145581,1.1483034844475468,1.1739843103724947,1.1978244035989818,1.2187948754320315,1.235866838961014,1.248011411765118,1.2542349217249191,1.253846576649663,1.2469591381886467,1.234349179576191,1.216998323880725,1.1959094229061227,1.1720853295182023,1.1465288974916574,1.120242980773054,1.0942304328904227,1.069494106935243,1.0470368563207821,1.027861535474231,1.0129709997280258,1.003368106352903,1.0000000000000262
2.947487923824486e-14,0.09195458063466684,0.1732639397138323,0.24179990199109658,0.2975621361187747,0.3405507215244571,0.37076568872557264,0.3882070021148696,0.39287466839195356,0.38476867866558206,0.3638889656058627,0.33023544760181023,0.28380818593494617,0.22460710760095695,0.15381317487776947,0.07806662217093188,0.006943518632167067,-0.054705469691040454,-0.10614671715585754,-0.1473803294432418,-0.17840633564494104,-0.1992247397259583,-0.2098355553447952,-0.21023880223804992,-0.20043449495388244,-0.18042267779165327,-0.15020331457784453,-0.10977623417704621,-0.05914142407761556,-1.7562831118846545e-14
-1.7063540167274177e-14,0.14803855022576004,0.28787136110861966,0.4178567843348975,0.5379951470615133,0.6482864863333997,0.7487307556342097,0.8393279256690377,0.9200780204141215,0.9909811240662023,1.052037344839785,1.1032467404456467,1.1446092393038727,1.1761248671811633,1.1975038890303762,1.2073380257391073,1.2043840334284777,1.188558304049774,1.1599020105094864,1.1184151546384835,1.0640977468901887,0.9969497637391959,0.9169711594773254,0.8241618747343942,0.7185218908817104,0.6000512359842718,0.4687499068864915,0.32461786315718577,0.16765508944638183,1.0038469241133803e-14
2.5755254925951834e-14,0.07810688907447214,0.14626782018666326,0.20249357770539178,0.24678418720518547,0.2791396660080794,0.2995600323236747,0.3080452971901085,0.3045954602941206,0.2892105162808737,0.2618904613431577,0.2226353026812808,0.17144507875322865,0.10831984686775552,0.034484814065917024,-0.043195365113425595,-0.11490062071370472,-0.17571157030152815,-0.22488943617093213,-0.26243421735845224,-0.2883458984747383,-0.3026244734561603,-0.30526994433650584,-0.2962823176281356,-0.2756615950048424,-0.24340776725286634,-0.19952082307069152,-0.144000750091052,-0.07684751012916886,-1.9346616815210315e-14
-2.7203654103756297e-16,0.004030629254897861,0.015571031876649223,0.0335795292692393,0.056953170474687016,0.08458901305572641,0.11538411715192019,0.14823553810693332,0.1820403308061544,0.21569555319807143,0.2480982619347552,0.2781455093533271,0.3047343426583127,0.32676179382114584,0.3431588848125443,0.35314976874436754,0.3567396216512366,0.3545859842139869,0.3475494639296434,0.33651179678658877,0.3223547020694721,0.30595989268395735,0.288209081150268,0.26998397984299644,0.25216630020082326,0.23563775071295032,0.2212800345973841,0.20997485599978655,0.2026039311998112,0.19999999999998852
-2.2403044911816924e-14,0.006427504321790996,0.025285681733532617,0.055772980025702926,0.09704069550383117,0.14824013153369558,0.20852259183986774,0.27703937660485745,0.3529417790816017,0.4353810913681334,0.5235086210614317,0.6164756893434644,0.7134336143048527,0.8135337212312369,0.9159190141818679,1.019666977441729,1.1237144836837496,1.226952983198376,1.328275038423879,1.4265743843578005,1.5207447512053052,1.6096798697335144,1.6922734663933707,1.7674192614195163,1.8340109732620922,1.890942322804401,1.937107032647332,1.9713988244974587,1.9927114198964975,2.0000000000000044
0.9999999999999987,1.003417919372256,1.013158122748361,1.0282505641537438,1.0476681365249718,1.070383731955345,1.095370242818627,1.1216005623351804,1.1480475844793785,1.1736842032143737,1.197483311193915,1.2184178002893609,1.2354605629928594,1.2475844914643828,1.2537976175360306,1.253410294505543,1.2465349965486578,1.2339469233268334,1.216626017457327,1.195573421391969,1.1717902767695567,1.146277725306895,1.1200369085792456,1.094068967609477,1.069375043131655,1.0469562761712579,1.0278138082922277,1.0129487813830056,1.003362337585756,0.9999999999999911
3.87420821660866e-15,0.09208897903683652,0.17351599323279615,0.24214876867397242,0.2979873554836185,0.3410318454088295,0.37128220753249624,0.38873839655235376,0.39340044174931055,0.3852683619498405,0.36434211404767486,0.3306216563658566,0.2841068699439057,0.22479756357475933,0.15387694291080556,0.07799619224008082,0.00674793018329116,-0.05500761462351655,-0.10653496044552183,-0.14783426615601228,-0.17890568778724683,-0.19974924561549134,-0.2103649379054643,-0.2107527698033276,-0.20091276009741194,-0.18084496369982808,-0.15054942825325873,-0.11002605943005458,-0.05927473235281603,4.417835173904796e-15
-2.798478768549984e-14,0.14802428281023025,0.28784459320970224,0.4178198990879171,0.5379502899949579,0.6482358138611939,0.7486764475977321,0.8392721248520324,0.9200227697102675,0.990928470840504,1.0519894486569619,1.1032057449556516,1.1445773373170778,1.1761044164309138,1.1974969136662095,1.207345246033343,1.2044044418772466,1.188589987797745,1.1599429128837708,1.1184631219866137,1.0641506049000555,0.997005350379078,0.9170272829630233,0.8242163492092464,0.7185725599211124,0.6000959479011707,0.4687865155819352,0.3246442490806101,0.16766916463662904,-8.241462257647738e-15
-8.71484599124144e-15,0.0779718979594986,0.14601507986592466,0.20214382109256657,0.2463581153570085,0.2786579571794297,0.29904335517594843,0.30751431958368985,0.30407085653926125,0.2887129571081856,0.2614406049340268,0.22225380158256342,0.17115255152345435,0.10813684535596961,0.03442956524386624,-0.04311716046897596,-0.11470013376171433,-0.17540762159760995,-0.22450185237142445,-0.26198283643642983,-0.28785057803514424,-0.30210507542310194,-0.30474633354670994,-0.29577435851379025,-0.275189150220275,-0.2429907028837917,-0.19917901085820805,-0.14375407247931676,-0.0767158799279487,1.2602408761582114e-14
-3.6338917023487834e-14,0.004034885505762282,0.01558746142585916,0.03361482995657604,0.057012743556091434,0.08467697339533788,0.11550329984204034,0.14838750374085716,0.1822253574182703,0.2159126197063963,0.24834505057086614,0.2784184223604416,0.3050285047294738,0.32707105773218065,0.34347588788523453,0.3534662885487471,0.3570475586658122,0.35487826652006177,0.3478202038209407,0.33675631657401395,0.3225695593337319,0.3061428890292298,0.28835927980794657,0.2701017086030247,0.2522531413644708,0.23569653689788095,0.2213148536282055,0.20999105709650578,0.20260812993266678,0.19999999999996373
2.2773932994350217e-15,0.006427052403497401,0.02528392691373434,0.05576921051754782,0.09703434958482894,0.1482307883281267,0.20850997018595238,0.277023339744473,0.3529223444291325,0.4353584320264125,0.52348304376242,0.6164476164706032,0.713403586145188,0.8135023814583336,0.9158870913618294,1.0196352906612351,1.123683853108029,1.2269240906601628,1.3282484326314992,1.426550489291806,1.5207238651576294,1.6096621648975562,1.6922589959178802,1.7674079649393732,1.8340026759138057,1.8909367316910644,1.937103736067888,1.9713972956616115,1.9927110230733966,1.9999999999999944
0.9999999999999696,1.0034136584120834,1.0131417193790166,1.0282153502340945,1.0476087280442186,1.0702960285346872,1.095251426753693,1.1214490973508828,1.1478632144685263,1.1734679516050388,1.197237481740934,1.2181459769615,1.2351676068601147,1.2472765356725086,1.2534820139728426,1.2530952261950579,1.2462284923456393,1.2336560670239762,1.2163566865857287,1.1953302539423478,1.1715766688202511,1.1460958294144503,1.1198876335960508,1.0939519783435465,1.0692887595722733,1.0468978726503515,1.0277792128089205,1.012932675304665,1.0033581556160445,0.9999999999999576
-2.861408578107439e-14,0.09218627062360503,0.173698575351886,0.24240149527729413,0.29829526225764547,0.3413800480830908,0.37165590498742934,0.38912278889096824,0.3937805440434157,0.3856290714891722,0.3646684926433076,0.33089889118038807,0.2843201481545094,0.22493222782447966,0.15391987491005837,0.0779423053249066,0.006605047146938577,-0.05522566049138298,-0.10681435391396119,-0.1481607822319634,-0.1792649456705396,-0.20012671407762705,-0.21074592600040684,-0.21112266126280105,-0.20125704729258836,-0.18114912539335412,-0.15079886479492433,-0.11020611288022558,-0.05937066855598883,2.5408023830461222e-14
8.483701001046316e-16,0.14801390103334486,0.2878250528157238,0.4177929907654562,0.5379176940847716,0.6481991420035331,0.748637336387999,0.8392323035451548,0.9199840751260426,0.9908926095904461,1.051957825711256,1.1031797087715487,1.144558216796666,1.1760932483893476,1.1974947740364208,1.2073528986285673,1.2044209431427004,1.18861357168154,1.1599721404274599,1.1184965417995838,1.064186746992409,0.9970427838877135,0.9170646703270842,0.8242523784784332,0.7186058816111608,0.6001251797729699,0.4688102941085655,0.3246612710986622,0.16767821006964145,5.545065606983787e-15
1.2553396576704414e-15,0.07787469147167489,0.14583306869685758,0.2018919095007145,0.2460511953391587,0.2783109146002301,0.2986710620247766,0.30713163282868305,0.3036926198814479,0.2883540164263347,0.26111581619165786,0.22197800184407496,0.17094053111627383,0.1080033172461387,0.03438756768107662,-0.04306315770211208,-0.11455748960000033,-0.17518962332587126,-0.2242228579636644,-0.2616572406020879,-0.28749279849986376,-0.3017295396655661,-0.3043674693711357,-0.2954066008550397,-0.27484694395226134,-0.24268850212540988,-0.19893127549910136,-0.14357526399021492,-0.07662045919989001,1.0945496501255272e-14
