1.0612270343751348e-10,2.6031702843701823e-11,2.6079144043812047e-11,2.6126564187085228e-11,2.61739727921627e-11,2.6221386519318855e-11,2.6268862434705535e-11,2.6316541861898917e-11,2.6364886819391327e-11,2.641658694563048e-11,1.12522864733605e-11,-1.0108329632866298e-11,-1.0113729953402493e-11,-1.0126838213147324e-11,-1.014098612918225e-11,-1.0153976506093521e-11,-1.0163413440605025e-11,-1.0170013554079143e-11,-1.0182828875674785e-11,-1.0199141917874237e-11,-1.0216683853839228e-11,-1.023472918652644e-11,-1.0253013880585565e-11,-1.0271424273059872e-11,-1.0289904730716157e-11,-1.0308425313036273e-11,-1.0326968720994931e-11,-1.0345525362191226e-11,-1.0364096792237099e-11
4.181536317621504,1.7995532036726003e-10,1.8017178418291836e-10,1.801581694463101e-10,1.8020837401139658e-10,1.7945989814574865e-10,1.802383676012665e-10,1.8022769519652964e-10,1.8020416052889748e-10,1.8015762797263875e-10,4.832780943834251e-10,0.22596054434087706,0.6500227632986676,1.0900347836862572,1.5049799320181585,1.0499381438637434,0.560353680928309,0.27365712083220306,0.20638921735941626,0.1843018607402224,0.17389295532719,0.16793800315922955,0.16414195437735757,0.16156479794367926,0.15975195043403234,0.15845696692026529,0.15753348078180968,0.1568840612474673,0.1564528227783121
1.3767306929224346e-10,3.2972696374361675e-11,3.303374007770607e-11,3.3094633238509017e-11,3.315541433008672e-11,3.3216145061375574e-11,3.327693764975135e-11,3.3338046550766056e-11,3.3400255755623106e-11,3.3467658466150765e-11,1.130996194623855e-11,-1.6891731083358105e-11,-1.690592227479785e-11,-1.6929978371145563e-11,-1.6955590705439313e-11,-1.6980514829786602e-11,-1.7002609885969996e-11,-1.702281479756527e-11,-1.7048631274211607e-11,-1.7077397712799464e-11,-1.7107177809754946e-11,-1.7137377537862477e-11,-1.7167788354555405e-11,-1.7198324128311298e-11,-1.7228944950827735e-11,-1.725963096723944e-11,-1.7290371990440423e-11,-1.73211636001739e-11,-1.735200832395419e-11
3.376884671864558e-11,6.934679623195806e-12,5.361830913544822e-12,3.789311855000012e-12,2.2169680937290595e-12,6.44908706617594e-13,-9.27134531764169e-13,-2.499428101343271e-12,-4.0717110717413115e-12,-5.644101976822484e-12,-6.312271267523214e-12,-5.692196674326259e-12,-5.072913231843124e-12,-4.454000365257861e-12,-3.835404831597387e-12,-3.217197661955368e-12,-2.599607109952374e-12,-1.982812697302009e-12,-1.3664246713171102e-12,-7.50210916512815e-13,-1.3407894398124175e-13,4.82020027631038e-13,1.098118859431145e-12,1.7142435998179601e-12,2.3304169964828906e-12,2.946660017097175e-12,3.56299254081375e-12,4.1794231912132e-12,4.796006591652548e-12
4.7467347669665325e-11,3.6765959005578065e-12,-3.518688138515852e-12,-3.0941951061959797e-12,-4.7941466694961226e-12,1.9961400499157922e-11,-5.9169517493078586e-12,-5.694968512298391e-12,-5.182566811543399e-12,-4.438084251351655e-12,-5.5804144909308195e-12,-7.857450117044295e-12,-7.769211664782982e-12,-7.773684549287387e-12,-7.797064638822708e-12,-7.88741858415134e-12,-5.942416530452333e-12,-1.5021248804465374e-11,-5.395491746155885e-12,-9.179214779345239e-12,-7.664920350885861e-12,-8.294379099223871e-12,-8.085891804675236e-12,-8.356521953666945e-12,-7.850234142063391e-12,-9.054248252935973e-12,-5.357171157572473e-12,-1.2971964727358784e-11,-2.9614667221681045e-11
8.588120521573417e-11,1.89128445878567e-11,1.6891444062277995e-11,1.487563168844509e-11,1.2864745625025759e-11,1.0858138331352324e-11,8.85512838852818e-12,6.855037011035177e-12,4.857184214185555e-12,2.860683544197798e-12,2.1747532061034297e-12,3.1848481203001296e-12,4.194336759992395e-12,5.203875100789587e-12,6.213623695999293e-12,7.223606706361872e-12,8.233714881233509e-12,9.243901507290069e-12,1.025458543197129e-11,1.1266026623619306e-11,1.2278366385666778e-11,1.329171028189014e-11,1.430615151557308e-11,1.5321778319412305e-11,1.6338676668873986e-11,1.735693140477145e-11,1.8376626815760773e-11,1.939784603611232e-11,2.0420711675172186e-11
2.0362144656114487e-11,5.446898028606949e-12,5.4566383459495085e-12,5.466360156343255e-12,5.476070454581055e-12,5.48575843161242e-12,5.495377580536337e-12,5.504863907484715e-12,5.514174193559369e-12,5.523312795640021e-12,5.532056486535686e-12,5.540282422775262e-12,5.547840310814149e-12,1.993330082242705e-12,-3.868826119270303e-12,-3.879942572990973e-12,-3.889379630160572e-12,-3.897938807786289e-12,-3.90599662606318e-12,-3.9137318492571086e-12,-3.921305937964271e-12,-3.9287336553845165e-12,-3.936059214644904e-12,-3.943324127518924e-12,-3.9505578368019945e-12,-3.957776603738344e-12,-3.9649869869881e-12,-3.9721923763770764e-12,-3.97942926649455e-12
1.0368161166626686e-11,2.7840604768749046e-12,2.78871004553237e-12,2.7932921970849692e-12,2.7978594581265083e-12,2.8024838419061514e-12,2.807245556806429e-12,2.8121887068117984e-12,2.8173125946219117e-12,2.8225872051077223e-12,2.8281747646376366e-12,2.8340890053395013e-12,2.8402417573255113e-12,3.885430853193612e-12,4.3996108791772174e-12,4.371406219538731e-12,4.390982837049097e-12,4.398418883019389e-12,4.406004008936148e-12,4.413872526622666e-12,4.4219519580599914e-12,4.4302575096830525e-12,4.438747842912282e-12,4.4473561641591425e-12,4.456003830680462e-12,4.464610059678742e-12,4.473102694266715e-12,4.481391782276907e-12,4.489169356455593e-12
1.3643191655751614e-11,3.680209881315311e-12,3.687112084121134e-12,3.694017786933129e-12,3.700932738179685e-12,3.707843967500082e-12,3.714704325832381e-12,3.721453075596612e-12,3.7280508030010716e-12,3.734503363074516e-12,3.740638031190555e-12,3.746382876494339e-12,3.751658334705651e-12,1.060438402937433e-12,-3.3219674457953836e-12,-3.3307779709200246e-12,-3.3383548183236813e-12,-3.34529086295824e-12,-3.351865121525655e-12,-3.3582126965468534e-12,-3.3644532847979214e-12,-3.3706023762326287e-12,-3.3766933223736367e-12,-3.382754364637799e-12,-3.388803792258861e-12,-3.3948507271106687e-12,-3.400896807414341e-12,-3.4069379380055088e-12,-3.4129823286462065e-12
8.011387308960487e-12,1.857898212026209e-12,1.52666741973099e-12,1.1956269292509105e-12,8.649032815162525e-13,5.343770730325741e-13,2.0391104715641454e-13,-1.2658005146531083e-13,-4.570723008482627e-13,-7.875484516837213e-13,-1.117959336842458e-12,-1.4482604990717782e-12,-1.7785322637760236e-12,-1.8952682038815164e-12,-1.6587950062485588e-12,-1.4222015786836528e-12,-1.1855966473347873e-12,-9.490477265325278e-13,-7.125546086749312e-13,-4.760967727181981e-13,-2.3966668206785815e-13,-3.2565606609268805e-15,2.331487431058438e-13,4.69569312211377e-13,7.060254521271329e-13,9.425470360826181e-13,1.1792240749775117e-12,1.416159059833985e-12,1.6531945086105535e-12
9.19827147094795e-12,2.197472957482119e-12,2.025046167706451e-12,1.853116520623746e-12,1.681453817802318e-12,1.5098936359571707e-12,1.3383857531818196e-12,1.1669430615043967e-12,9.956173404952546e-13,8.243517509816052e-13,6.528878890365994e-13,4.809586372019915e-13,3.0822259949733456e-13,7.037168905753141e-14,-2.590572122745566e-13,6.528837999838719e-13,-2.6428147360386968e-14,-2.9754443705871267e-13,-5.634737990545288e-13,-8.280859469639659e-13,-1.092267082155855e-12,-1.3563507796242759e-12,-1.6204759395418584e-12,-1.8847115907629065e-12,-2.149099575321736e-12,-2.413664588814417e-12,-2.678547902004233e-12,-2.944318916606023e-12,-3.210984399070805e-12
2.159438664794286e-11,5.223836775324567e-12,4.989351894869131e-12,4.755181938705481e-12,4.521491628251732e-12,4.288203751395369e-12,4.055102019489113e-12,3.822083484856476e-12,3.5892251406328554e-12,3.356706927236555e-12,3.1246201549730068e-12,2.892880077282273e-12,2.6613750732334513e-12,2.592552624209696e-12,2.7886042223012102e-12,2.9848980530756498e-12,3.181347994549262e-12,3.377900445136439e-12,3.574557797123454e-12,3.771344055020082e-12,3.96827132912558e-12,4.165346178226529e-12,4.362577194796492e-12,4.5599766295357385e-12,4.7575661483179004e-12,4.955396377939186e-12,5.153571261953033e-12,5.352175786004604e-12,5.550708402058573e-12
8.037375808596456e-13,2.006789055472157e-13,2.0104601213509706e-13,2.0141495202344627e-13,2.0178833313274079e-13,2.0216601239313702e-13,2.025467427986011e-13,2.029321077123122e-13,2.0332915924441673e-13,2.0375408239283811e-13,2.0424521306438674e-13,2.0490557092467103e-13,2.06264580976599e-13,2.368757484655573e-13,-1.565158930145502e-13,-1.5541643170915064e-13,-1.5534332558123054e-13,-1.5548337605092836e-13,-1.5569748936476933e-13,-1.559448990461844e-13,-1.562088352998189e-13,-1.5648191432932828e-13,-1.5676020209717035e-13,-1.5704143967626302e-13,-1.5732411393941812e-13,-1.5760711818138512e-13,-1.5789017571132794e-13,-1.5817366583504263e-13,-1.5845741638931245e-13
1.1496865885526602e-12,2.7005929650605484e-13,2.705634188179588e-13,2.7107082548470305e-13,2.715813697310455e-13,2.7208950891268417e-13,2.725894707792341e-13,2.7308228527254513e-13,2.735756588597604e-13,2.726648616935142e-13,2.7370483361335583e-13,2.702450726039723e-13,2.7508496332935213e-13,2.644677532691769e-13,2.983842615351761e-13,2.9859372180091167e-13,2.9877649227070345e-13,2.9894271348137703e-13,2.9895244892921667e-13,2.989697504498314e-13,2.990318666034222e-13,2.9978500030876957e-13,3.0037681330999486e-13,3.009397631426277e-13,3.014892863774674e-13,3.02030503080354e-13,3.025695236012977e-13,3.031098730430424e-13,3.036521729611462e-13
5.415196105920141e-13,1.3966143576256653e-13,1.3993245275282541e-13,1.4020524801369062e-13,1.4048081029593458e-13,1.4075918125231426e-13,1.410400237550906e-13,1.4132508180818056e-13,1.4162007112141988e-13,1.4193771895842712e-13,1.423076782038506e-13,1.428087069019919e-13,1.4384574595312403e-13,1.6724787666180384e-13,-1.2687790707101567e-13,-1.2607651711763612e-13,-1.2603648576664677e-13,-1.261533877630499e-13,-1.2632445696428577e-13,-1.265197319593458e-13,-1.267270188492073e-13,-1.2694098209371175e-13,-1.2715876288852975e-13,-1.273786575635161e-13,-1.2759941573707247e-13,-1.278202553427353e-13,-1.280412849394557e-13,-1.2826309857154996e-13,-1.2848559429954221e-13
3.25616582948571e-13,7.236393927275513e-14,6.018976535472898e-14,4.80384488341181e-14,3.5864005765371085e-14,2.3671286611033716e-14,1.1469001504142711e-14,-7.386668400712088e-16,-1.2951523797110544e-14,-2.5172410329616915e-14,-3.74076397433603e-14,-4.9670119616504676e-14,-6.20025980460544e-14,-7.618255668461825e-14,-6.664122139721235e-14,-5.717845558474322e-14,-4.773334538282544e-14,-3.8294065421506393e-14,-2.885711226962658e-14,-1.9421313731358705e-14,-9.986263207496892e-15,-5.514553117142595e-16,8.883994240004455e-15,1.832118973675562e-14,2.7761327892695366e-14,3.720095281210336e-14,4.663420619882227e-14,5.6062264324893095e-14,6.549243641164623e-14
5.268986978365999e-13,1.1052986423553525e-13,9.413495074616277e-14,7.772163998065029e-14,6.130007064792078e-14,4.485853059029945e-14,2.8350181927532942e-14,1.1683348464494764e-14,-5.461166264865377e-15,2.3213674264751026e-14,-1.4133929561102826e-14,9.479504003652526e-14,-8.06437448831171e-14,-1.1366295734399732e-14,-4.140138188890855e-15,-3.657879869730594e-15,-5.09116371184096e-15,-7.744400320939137e-15,-6.190971916288784e-15,-5.459181463403004e-15,-6.552312055410377e-15,-3.078318175140599e-14,-4.9846507689644457e-14,-6.811722755564572e-14,-8.613977023039546e-14,-1.0408201040424112e-13,-1.2201059028054298e-13,-1.398846469039897e-13,-1.5775426007982376e-13
1.0640405107920535e-12,2.4811680650870703e-13,2.391602219061224e-13,2.3020995120937976e-13,2.212600906783348e-13,2.1230978829246587e-13,2.0336159458556277e-13,1.9441687870335367e-13,1.8547499655118481e-13,1.7653357705498248e-13,1.675886285493553e-13,1.5863272480657907e-13,1.4963563615930543e-13,1.392584197668209e-13,1.466720726518817e-13,1.5402911634178703e-13,1.613759849726779e-13,1.6872241036160596e-13,1.7607144963130656e-13,1.8342415339948229e-13,1.9078089982973629e-13,1.9814214970363759e-13,2.0550854372399628e-13,2.1288070307813164e-13,2.202589860949492e-13,2.2764045465239035e-13,2.350205990432152e-13,2.423998282774156e-13,2.4978538024911514e-13
5.976243680341869e-12,1.569162117177834e-12,1.5719852540213914e-12,1.5736503894845918e-12,1.576496085916148e-12,1.5794304799791654e-12,1.5823717305469615e-12,1.5853471147366086e-12,1.5884029290690172e-12,1.5916199308824055e-12,1.5951586067657088e-12,1.5993048806200087e-12,1.6050362050910515e-12,1.6183387160960247e-12,-1.2830437287370835e-12,-1.0828851154963085e-12,-1.078365546287476e-12,-1.078998141528611e-12,-1.0806032353287702e-12,-1.0825148949565077e-12,-1.0845432090886984e-12,-1.0866159841418515e-12,-1.0886932994884655e-12,-1.0907576500557779e-12,-1.092804901856222e-12,-1.0948331513514927e-12,-1.0968491885376658e-12,-1.0988598537705404e-12,-1.100822744039302e-12
1.8016997052512503e-11,4.2610749950182694e-12,4.269057222724027e-12,4.276994065608044e-12,4.2848414340015904e-12,4.2925694554044635e-12,4.300327658744114e-12,4.310445034911642e-12,4.3075478644411224e-12,4.299221354294596e-12,4.292055997073904e-12,4.28974213089731e-12,4.292594334715964e-12,4.291250504681582e-12,4.544634247417788e-12,4.572751497507735e-12,4.57563257480989e-12,4.576647481123002e-12,4.577498281943038e-12,4.577988876150284e-12,4.576999006245637e-12,4.583865687841749e-12,4.577096502257486e-12,4.587382451527279e-12,4.596020760135984e-12,4.604396384896463e-12,4.612627293022387e-12,4.620748138744291e-12,4.628646561918697e-12
3.826374991781826e-12,9.370697924682704e-13,9.38918393720194e-13,9.407629528037808e-13,9.426196101807112e-13,9.444901413112028e-13,9.46371929391056e-13,9.482879982729408e-13,9.502736082079038e-13,9.523923083062224e-13,9.547683502364184e-13,9.576140561730495e-13,9.61662761074799e-13,9.714170153459198e-13,-1.1980272276434516e-12,-1.0504017074819785e-12,-1.0474845350354399e-12,-1.0483338041941462e-12,-1.0498827874029708e-12,-1.0516463760339132e-12,-1.0534909482457476e-12,-1.0553706314063399e-12,-1.0572612028556037e-12,-1.059150329334448e-12,-1.0610311063725655e-12,-1.0628943876601229e-12,-1.064744200877511e-12,-1.0665924052756386e-12,-1.0684151756354038e-12
2.5555016483517436e-12,5.339657639643922e-13,4.411428679719521e-13,3.868668966788333e-13,2.94204971018487e-13,1.9897528513574573e-13,1.0351003215966184e-13,7.973256340479438e-15,-8.761187697921087e-14,-1.8324661942398955e-13,-2.7896310421357794e-13,-3.74853933705263e-13,-4.710697303893412e-13,-5.680039684938201e-13,-4.900476738409225e-13,-4.241536083958201e-13,-3.5854153785675807e-13,-2.9297169217792253e-13,-2.274156026080149e-13,-1.61865707789701e-13,-9.632032783207693e-14,-3.0781509410822555e-14,3.4751133019219695e-14,1.0028502098103563e-13,1.6583094336023324e-13,2.313899860266428e-13,2.969059487888848e-13,3.624250317728567e-13,4.2799881544146806e-13
5.613356893995344e-12,1.1285214805313347e-12,8.720113190655341e-13,6.156835537366034e-13,3.59492267254559e-13,1.0061642193307351e-13,-1.6664834877532862e-13,-5.17850466749131e-13,-4.430837622003499e-13,-1.937301436185978e-13,1.231162649678036e-14,5.2883399064882684e-14,-8.768376666858123e-14,-1.3779058930100865e-13,-1.0515262015919098e-13,-9.209213103784446e-14,-1.0643110569296688e-13,-1.0453867902021924e-13,-1.0626282386129159e-13,-9.991425895277043e-14,-4.728470080430785e-14,-2.576182753407065e-13,-1.863220066489503e-14,-3.4771043608994093e-13,-6.255011779349317e-13,-8.993021306875955e-13,-1.1727588452981173e-12,-1.4446032222494647e-12,-1.7105020369521429e-12
1.0221504216425802e-11,2.3342222047182925e-12,2.272973645809541e-12,2.211628309297911e-12,2.1503020473145608e-12,2.0889167943701002e-12,2.0275014764663917e-12,1.96608880788816e-12,1.904693371394027e-12,1.8433215960629587e-12,1.781970247405113e-12,1.720610036464689e-12,1.659165616767792e-12,1.5972841388181933e-12,1.6666797341232116e-12,1.7272462242905733e-12,1.7875589491629353e-12,1.847842503052297e-12,1.908135378976111e-12,1.9684482112442315e-12,2.0287844002307098e-12,2.089145226635543e-12,2.1495339455560678e-12,2.2099558909631807e-12,2.2704140109364607e-12,2.3308890455674285e-12,2.3913103244343583e-12,2.451705924276499e-12,2.5121374816319634e-12
7.496479642687134e-12,1.871344497976213e-12,1.8744666033021368e-12,1.8775881990191517e-12,1.8807120722112324e-12,1.88384251963498e-12,1.8869859129945024e-12,1.890152130482191e-12,1.8933549861004886e-12,1.896627767508902e-12,1.900042826213728e-12,1.9037650350306147e-12,1.908290108827509e-12,1.9160571796948225e-12,-4.6168456300283e-13,-1.5588300328781121e-12,-1.556856107391305e-12,-1.5580192432883042e-12,-1.559984065140446e-12,-1.5622701858699534e-12,-1.5647059424328906e-12,-1.56721999894322e-12,-1.569779390180063e-12,-1.5723639629174871e-12,-1.5749599348627095e-12,-1.5775610099381196e-12,-1.5801636394252549e-12,-1.5827653599253802e-12,-1.5853641256577964e-12
1.0649344789115295e-11,2.665108157565783e-12,2.6695514199628753e-12,2.6740039769497216e-12,2.678477161704286e-12,2.68298047592824e-12,2.6875060942816026e-12,2.692019848083671e-12,2.696461103698717e-12,2.701471953006816e-12,2.693940513341937e-12,2.693542228514793e-12,2.695826247547332e-12,2.695684542187976e-12,3.0579770742447605e-12,2.9966160485419427e-12,2.9979483242844153e-12,2.9984691741030666e-12,2.999060424187542e-12,2.997840661278907e-12,3.0046387788812996e-12,3.009871551476725e-12,3.014905365167591e-12,3.0198529005253376e-12,3.0247832030618694e-12,3.029719306324784e-12,3.0346694448024196e-12,3.03963628733246e-12,3.044619856726142e-12
4.955133646883429e-12,1.2468769569240317e-12,1.2490907778464e-12,1.2513034607691433e-12,1.2535176758242612e-12,1.255737931057292e-12,1.257970926390741e-12,1.260226389464878e-12,1.2625165744748403e-12,1.2648674502830797e-12,1.267334635934911e-12,1.2700451097344568e-12,1.2733808072283798e-12,1.2792011875303602e-12,-5.146911055768662e-13,-1.3200560966809379e-12,-1.3188945082763003e-12,-1.3200051699969208e-12,-1.3216884970372743e-12,-1.3235982511592039e-12,-1.3256127228413304e-12,-1.327682261007434e-12,-1.329784745196337e-12,-1.3319059542371903e-12,-1.3340353968467399e-12,-1.3361683486532359e-12,-1.3383022580907214e-12,-1.3404354535949272e-12,-1.342566614268778e-12
2.898951479880823e-12,6.013252329209412e-13,4.92675207516233e-13,3.840423780573582e-13,2.754193801422177e-13,1.6679686177977826e-13,5.817365869560995e-14,-5.0444506694520733e-14,-1.5904395354531285e-13,-2.676417421939236e-13,-3.7626957170418163e-13,-4.849607592045842e-13,-5.937693126038641e-13,-7.028746795088702e-13,-6.751947334908809e-13,-5.845372712674434e-13,-4.941453392199048e-13,-4.0383725490799317e-13,-3.135653348645609e-13,-2.233092120895872e-13,-1.3305361980968962e-13,-4.2778255810360085e-14,4.7548552245682864e-14,1.3791861468424623e-13,2.282844422810809e-13,3.186389800492314e-13,4.0898283298074453e-13,4.993155802736906e-13,5.896274208886831e-13
5.126062436345986e-12,1.094969113463631e-12,9.404485278302086e-13,7.861954588307063e-13,6.319555970632869e-13,4.775566497828469e-13,3.229806238039316e-13,1.6811743886567098e-13,1.1456138749919338e-14,-1.6961229453152855e-13,8.040624841740808e-14,7.664242751008055e-14,-3.144598979202073e-14,-8.490030679483182e-14,-8.239199144129744e-14,-3.917642809711692e-14,-4.448929819985126e-14,-3.916076688780766e-14,-4.431338103651811e-14,8.380557535138639e-15,-2.2065203851713901e-13,-3.9800239079698247e-13,-5.710884964386842e-13,-7.431117188780734e-13,-9.149604207363775e-13,-1.0867968976627677e-12,-1.2587124749940292e-12,-1.4308211946115908e-12,-1.603203063626609e-12
1.0510665919779927e-11,2.503317659580926e-12,2.426340433433012e-12,2.349422789677299e-12,2.272569300162875e-12,2.1957810101309644e-12,2.119057995186789e-12,2.0424012215411957e-12,1.9657842260420203e-12,1.8891886297371967e-12,1.8126137947884498e-12,1.736053719761892e-12,1.6594752204939661e-12,1.5827428644721194e-12,1.6099095189879884e-12,1.6835220271162532e-12,1.7569958659885243e-12,1.830461854721634e-12,1.9039532602392565e-12,1.977483837062655e-12,2.0510665019873124e-12,2.1247175126843935e-12,2.198458410382547e-12,2.2722798806200226e-12,2.3461480062740637e-12,2.4200545954539165e-12,2.4939980154946593e-12,2.5679769636322875e-12,2.64198023431291e-12
2.1656410048522154e-12,6.158244122906199e-13,6.168501382315742e-13,6.178749409889352e-13,6.189008299051288e-13,6.199310558863387e-13,6.209705657719186e-13,6.22025758599881e-13,6.23102147583459e-13,6.242185136874814e-13,6.254164582942487e-13,6.267901881737604e-13,6.286301724655601e-13,6.323770913635382e-13,-8.526973389057484e-13,-4.384358251520874e-13,-4.363916934948337e-13,-4.3626781516395936e-13,-4.3662810947254804e-13,-4.371784628809178e-13,-4.3781640332097687e-13,-4.385001728036589e-13,-4.3921190020952023e-13,-4.399424325408544e-13,-4.4067843973920266e-13,-4.4141528007186494e-13,-4.421508176764627e-13,-4.4288359781275214e-13,-4.4361257311579443e-13
3.793784568153093e-12,8.399192634516823e-13,8.413066659800298e-13,8.426935106090016e-13,8.441064750049078e-13,8.455814071746513e-13,8.471195848818384e-13,8.486778211396832e-13,8.501832423946474e-13,8.528088908970911e-13,8.532207075458605e-13,8.378913403275044e-13,8.541764863229541e-13,8.498015485943183e-13,1.0721022335266114e-12,1.0944014956115846e-12,1.0951731317585202e-12,1.0955746734472586e-12,1.0957980818472803e-12,1.0960257775028429e-12,1.0943921753286597e-12,1.097571911486727e-12,1.099470933222903e-12,1.1012417255891598e-12,1.102999748188407e-12,1.1047703296911235e-12,1.1065585614044123e-12,1.1083639782489358e-12,1.1101805685488961e-12
1.4311040909551915e-12,4.153796854682681e-13,4.161103464277268e-13,4.1683985213709223e-13,4.1756982425489834e-13,4.1830325475487383e-13,4.190454111348703e-13,4.198031843597149e-13,4.205830608045715e-13,4.2139828374953127e-13,4.222802619645102e-13,4.2330146131331425e-13,4.2468586322749345e-13,4.2753254059800354e-13,-6.936836955191356e-13,-3.8945932726747523e-13,-3.8809655558568184e-13,-3.881232840575119e-13,-3.884948285654012e-13,-3.889994498716911e-13,-3.895643915202725e-13,-3.9016047312654956e-13,-3.9077586822187705e-13,-3.9140507355853467e-13,-3.920383242868105e-13,-3.926720379103681e-13,-3.9330451592349556e-13,-3.939345634472333e-13,-3.945610624039159e-13
8.394515772979835e-13,1.9290218394677032e-13,1.5712762965536653e-13,1.2136364934097526e-13,8.56049429060748e-14,4.984400613364124e-14,1.4079807338139375e-14,-2.168466066248845e-14,-5.745500112131668e-14,-9.324127066518536e-14,-1.290474378736658e-13,-1.6488218481285718e-13,-2.0078629662751197e-13,-2.3686678939754606e-13,-1.8750120973073353e-13,-1.6204343165427897e-13,-1.3673478701262853e-13,-1.1146526992646251e-13,-8.620788453864385e-14,-6.095196369202711e-14,-3.569321602582575e-14,-1.0417352016766133e-14,1.4906332146130706e-14,4.0296236075882246e-14,6.56826606359908e-14,9.105379039673242e-14,1.1641036248995343e-13,1.4175138934386394e-13,1.6705996017121152e-13
1.5683187010913477e-12,3.231798868390753e-13,2.7520874463659557e-13,2.278022344678851e-13,1.803521239217246e-13,1.3234987374195625e-13,8.393214360397103e-14,3.5152044447864866e-14,-1.63989031437194e-14,-1.105065965855203e-13,-1.3044279214850376e-13,3.924493107307471e-13,-1.8888127000439163e-13,-7.061178548050465e-14,-8.26505991343712e-15,-1.6810074057091933e-14,-1.8589610028200355e-14,-1.8569796179321272e-14,-1.7462298458459306e-14,-1.9651534991156612e-14,4.068882560336687e-14,-6.766792913309147e-14,-1.3328764582607984e-13,-1.9631892858344136e-13,-2.5900402769696136e-13,-3.215581299898172e-13,-3.8408073057261515e-13,-4.46724804271414e-13,-5.095488327019853e-13
3.219187876875702e-12,7.625424627613523e-13,7.370553723674876e-13,7.115905330285771e-13,6.861512534568959e-13,6.607394396510738e-13,6.353552624197757e-13,6.099970331250374e-13,5.84614102622049e-13,5.59211173764301e-13,5.33802527213085e-13,5.083872495602039e-13,4.829438735225053e-13,4.573937378059758e-13,4.965281250676113e-13,5.18201911873474e-13,5.397813005712e-13,5.613455135191302e-13,5.829135745506713e-13,6.044927965782415e-13,6.260862179707212e-13,6.477040657511227e-13,6.693666661603793e-13,6.910819637478214e-13,7.128087249468323e-13,7.345384749161923e-13,7.562711626883854e-13,7.78006708905127e-13,7.997282339136893e-13
2.073777031642052e-11,5.333493643071058e-12,5.34145697957247e-12,5.349420177319093e-12,5.357386735747086e-12,5.36536207347259e-12,5.3733544191547234e-12,5.381377492455341e-12,5.389455525439577e-12,5.39763241835793e-12,5.4060169135830265e-12,5.414858215215621e-12,5.4249023465509745e-12,5.4396633702484676e-12,-2.621065164336348e-12,-4.217344291638689e-12,-4.216685646991415e-12,-4.220763879297894e-12,-4.226079711548329e-12,-4.23190530326117e-12,-4.237962564906378e-12,-4.24413652521913e-12,-4.25037180740854e-12,-4.256640805776893e-12,-4.262929128450843e-12,-4.269228963885973e-12,-4.275535312650447e-12,-4.2818429066028395e-12,-4.288141055644537e-12
1.8196060022115336e-11,4.488647319177198e-12,4.495404069445488e-12,4.502179434283778e-12,4.508964998300791e-12,4.51575499188168e-12,4.522534971047855e-12,4.5292759529689725e-12,4.535928867303521e-12,4.542473770520512e-12,4.549454840753846e-12,4.551208636813136e-12,4.566533208437668e-12,4.566046203087829e-12,6.126409653550795e-12,6.081553062936954e-12,6.080295706775475e-12,6.083148117046319e-12,6.096219734190093e-12,6.106066336186867e-12,6.115489135972986e-12,6.124672401908886e-12,6.13374987419391e-12,6.142784284393953e-12,6.1518037650603565e-12,6.1608229173642e-12,6.169850736485065e-12,6.178898884941689e-12,6.188003252257348e-12
1.3884745649067594e-11,3.6197849077669377e-12,3.625482589640352e-12,3.6311755124199276e-12,3.6368676302109417e-12,3.642564080808525e-12,3.648272783662506e-12,3.654007167752873e-12,3.6597905901235455e-12,3.665664548385142e-12,3.6717134352965955e-12,3.678128789402076e-12,3.6854887530199645e-12,3.696491456105692e-12,-2.430833964828204e-12,-3.6099747951772537e-12,-3.6101931988995087e-12,-3.613869848788609e-12,-3.61843878514553e-12,-3.623372157123003e-12,-3.628475837212529e-12,-3.6336700754550376e-12,-3.638909100264195e-12,-3.644170808127811e-12,-3.649444289366422e-12,-3.654723928065745e-12,-3.6600066024359766e-12,-3.6652896812599084e-12,-3.670568291626319e-12
7.60147725107748e-12,1.6903491038895133e-12,1.3975831091512449e-12,1.1048651392077957e-12,8.12185656974075e-13,5.195324342847049e-13,2.2689566749219132e-13,-6.572994827847184e-14,-3.5833722377702546e-13,-6.509016936172691e-13,-9.43509553478534e-13,-1.236245538395755e-12,-1.5291755701375076e-12,-1.8225509057900594e-12,-1.6770765334872735e-12,-1.4452124575372876e-12,-1.2137665472870027e-12,-9.824715022290534e-13,-7.512485581626821e-13,-5.200544082022808e-13,-2.88841043486169e-13,-5.758289686820707e-14,1.7367714123835383e-13,4.0493315950634343e-13,6.361878774767693e-13,8.674453257889355e-13,1.0987107458970968e-12,1.3299892420701004e-12,1.5612848530186516e-12
1.171357338880347e-11,2.6800655644143243e-12,2.431726792999963e-12,2.1836139675754588e-12,1.935571486819789e-12,1.687469101345234e-12,1.4392371629846317e-12,1.1907893212676028e-12,9.416844384082823e-13,6.887165306668733e-13,4.1098091589504206e-13,3.1383993997570287e-13,-3.0099317882401283e-13,-3.8954999930588646e-13,-8.386918505236947e-14,2.2799219913520924e-14,1.3047767120167825e-13,6.389529972871067e-14,-3.894203106448937e-13,-7.328784209256775e-13,-1.0673742584675478e-12,-1.3989945639015344e-12,-1.7299781923198235e-12,-2.0608350097282412e-12,-2.3916999579235154e-12,-2.7226597005175504e-12,-3.053817417221067e-12,-3.3852954512303055e-12,-3.7172167616750674e-12
2.5809436828048512e-11,6.122953498107984e-12,5.913555830522005e-12,5.704328778330604e-12,5.495273492535784e-12,5.286388463658142e-12,5.077672904538025e-12,4.869127839252367e-12,4.660763305909276e-12,4.452561134643014e-12,4.244488389328077e-12,4.0365238974694845e-12,3.828622662079077e-12,3.620592582980709e-12,3.748216632661116e-12,3.940243672284697e-12,4.13213870498967e-12,4.3240917118773485e-12,4.516166224244461e-12,4.708403697063319e-12,4.900851818501817e-12,5.093534484290763e-12,5.286375638391202e-12,5.479353000669169e-12,5.672461828849041e-12,5.865701823572309e-12,6.059074267848259e-12,6.252579530985923e-12,6.446215673105861e-12
1.2870325795137993e-12,3.2897598619019437e-13,3.294697839381054e-13,3.2996439625004475e-13,3.3046033934266147e-13,3.3095833381693655e-13,3.3145927885743155e-13,3.3196448193684233e-13,3.3247613114355376e-13,3.3299800141302856e-13,3.33544604022349e-13,3.341495585322668e-13,3.3491517192931916e-13,3.363311724677464e-13,4.421586303994029e-13,-2.8271869763253365e-13,-2.821673702845436e-13,-2.822909077217958e-13,-2.825873547719963e-13,-2.829510111431824e-13,-2.8334366851151493e-13,-2.8375033498324873e-13,-2.841635306334178e-13,-2.8458012852774594e-13,-2.8499874971817136e-13,-2.854186977605512e-13,-2.8583959042007225e-13,-2.862611927975971e-13,-2.8668327354568705e-13
1.653304632845593e-12,5.071699004082617e-13,5.079339911366991e-13,5.087028026527635e-13,5.094786408569179e-13,5.102638558883662e-13,5.110573511399026e-13,5.118533904533846e-13,5.126402040739706e-13,5.134313305007653e-13,5.125692887087643e-13,5.145812247862593e-13,5.170508810711732e-13,5.12986795535404e-13,4.891520811758198e-13,4.750491613801125e-13,4.74541280656969e-13,4.74576514453911e-13,4.70859692591605e-13,4.754583535312226e-13,4.762342412529755e-13,4.769350581391754e-13,4.77614249025146e-13,4.782904951261523e-13,4.789697310120559e-13,4.796541474805177e-13,4.803443267069583e-13,4.810403567319941e-13,4.817428954755358e-13
8.334810381965534e-13,1.9763009871670743e-13,1.9794748668402454e-13,1.9826541959917065e-13,1.9858443639507404e-13,1.98905228484274e-13,1.9922869699130118e-13,1.9955619771879873e-13,1.9988990038179556e-13,2.002331174634934e-13,2.0059716551305032e-13,2.010086216991144e-13,2.0154710823156034e-13,2.0258851002524486e-13,2.8348320464444713e-13,-2.5241447110900853e-13,-2.520774440279352e-13,-2.5223214145423584e-13,-2.5251077844802114e-13,-2.5283720427347335e-13,-2.531847802731355e-13,-2.535434159462686e-13,-2.539067025029086e-13,-2.5427194533395585e-13,-2.5463810518875987e-13,-2.5500473371607615e-13,-2.553716454899935e-13,-2.5573876075393075e-13,-2.5610596073049653e-13
4.834326675965053e-13,1.1266395711928969e-13,9.457209137412395e-14,7.647817618743776e-14,5.838247627456825e-14,4.028442902117718e-14,2.218446488136646e-14,4.084382418287812e-15,-1.401090564932495e-14,-3.209233676457642e-14,-5.0178653042489005e-14,-6.828292885865952e-14,-8.640888847308295e-14,-1.0458644748529394e-13,-1.2853003437451078e-13,-1.1296778563514402e-13,-9.74563037310134e-14,-8.195965125412955e-14,-6.646849777832838e-14,-5.097684560266821e-14,-3.5474747328074045e-14,-1.995223087959261e-14,-4.426622189538153e-15,1.1096165909544803e-14,2.6614802180569788e-14,4.212859183619549e-14,5.763745919349024e-14,7.314129312231655e-14,8.863979302923922e-14
8.299544476592468e-13,2.0538232454193115e-13,1.7759460116097821e-13,1.4987169326430747e-13,1.221479959411189e-13,9.436699245778341e-14,6.651748174052997e-14,3.859540857228833e-14,1.0490375799426036e-14,-1.9368314423259934e-14,9.962580036420326e-15,-6.768156282626787e-14,-1.6499152809393103e-13,-3.03406081867103e-14,1.379044523116354e-13,-3.9596896032871096e-14,-1.242451733223605e-14,-8.749006875262712e-15,1.30608391674088e-13,-3.617501666749264e-14,-6.383073170027367e-14,-8.990009663169142e-14,-1.1571327317189327e-13,-1.4146161929671692e-13,-1.6717285920758046e-13,-1.9286198778525966e-13,-2.1855609363243794e-13,-2.4429034130347834e-13,-2.7009082883245166e-13
1.7567455943971239e-12,4.328874373629866e-13,4.2128488042364605e-13,4.096916382593435e-13,3.981077010308462e-13,3.8653285644800707e-13,3.749672404105827e-13,3.6341128293251843e-13,3.518669155873408e-13,3.403226318389905e-13,3.287774980943229e-13,3.172323651177372e-13,3.0568366853582905e-13,2.941095943605254e-13,2.7824938080751714e-13,2.916479695385681e-13,3.0501927654472605e-13,3.183895427138739e-13,3.317654718050846e-13,3.4515303395050704e-13,3.585625555878784e-13,3.7200405649782284e-13,3.8545699032283647e-13,3.989140669445088e-13,4.1237383091177585e-13,4.258359424357448e-13,4.3930056571779774e-13,4.5276765789711144e-13,4.662365046781385e-13
5.195010365823704e-12,1.3858679836859527e-12,1.3877430404071633e-12,1.3896191654895083e-12,1.3914974349555676e-12,1.3933793504750609e-12,1.3952671046649104e-12,1.397164107387791e-12,1.3990761923838603e-12,1.4010140751834237e-12,1.402998760139735e-12,1.4050897406310576e-12,1.4074772800397593e-12,1.4110686489850282e-12,-2.9674186537813084e-14,-1.1867960718904592e-12,-1.1866282453754787e-12,-1.1876788475539807e-12,-1.1890377289839e-12,-1.1905139305524084e-12,-1.192042667523963e-12,-1.1936005419487841e-12,-1.1951756328947584e-12,-1.1967614769084465e-12,-1.1983543446968364e-12,-1.1999519176490645e-12,-1.2015526679501838e-12,-1.203155496667886e-12,-1.2047593433725383e-12
4.105850798557354e-12,1.1519580140974224e-12,1.1535254606137142e-12,1.1550989508043336e-12,1.156679980241451e-12,1.1582692371360676e-12,1.1598648882500148e-12,1.161460955547465e-12,1.163046178899886e-12,1.1646027980306814e-12,1.1661116388210316e-12,1.1675678160028641e-12,1.16890419051901e-12,1.1699388122073993e-12,1.4687644679532357e-12,1.4361639893736094e-12,1.4349712997448651e-12,1.4412084725871592e-12,1.4433707256592084e-12,1.445374332728181e-12,1.447306591999207e-12,1.4492103491489435e-12,1.4511044706755673e-12,1.452999205403121e-12,1.4549001267561984e-12,1.4568100909351282e-12,1.4587305374713735e-12,1.460661855299971e-12,1.4626036733106273e-12
3.51228108385361e-12,9.559838682380042e-13,9.573430883674574e-13,9.587012633502713e-13,9.60058761602365e-13,9.614162206017533e-13,9.62774837197991e-13,9.64136940578174e-13,9.655071781495463e-13,9.66895260638671e-13,9.68323722685371e-13,9.69840862107813e-13,9.715943635850336e-13,9.742891476559052e-13,-1.319044571982615e-13,-9.96310342576228e-13,-9.9634892152939e-13,-9.972874045676956e-13,-9.98454842038196e-13,-9.997148962463012e-13,-1.0010130915024606e-12,-1.0023272802684023e-12,-1.0036485279974491e-12,-1.0049727561720591e-12,-1.006298136921152e-12,-1.0076239380174953e-12,-1.0089499351456764e-12,-1.0102761067832893e-12,-1.0116024433873565e-12
1.8084069734147258e-12,4.1284118797277195e-13,3.4056826839598487e-13,2.6831200022004927e-13,1.9606895606191882e-13,1.238352382739843e-13,5.160685334614791e-14,-2.062009461889225e-14,-9.284941790871261e-14,-1.6508473597383061e-13,-2.3733463453629215e-13,-3.0961519847882975e-13,-3.81942175330066e-13,-4.543754949381167e-13,-4.5222592975817255e-13,-3.902148344263237e-13,-3.2830837292699205e-13,-2.6643959195217806e-13,-2.0458741059893919e-13,-1.4274435614845502e-13,-8.091042793469677e-14,-1.908150456023865e-14,4.274617164268502e-14,1.0457494258643006e-13,1.66407021951951e-13,2.282445359141737e-13,2.900894847708442e-13,3.51943717842169e-13,4.138091988523273e-13
2.6903748550305186e-12,6.17152405149072e-13,5.567172701872083e-13,4.96364387462108e-13,4.3604224868771634e-13,3.7569500679618896e-13,3.152854366296028e-13,2.54794464000398e-13,1.9419428424038741e-13,1.333587396973875e-13,7.159630542491586e-14,7.975783774836383e-15,-5.734727447689111e-14,-1.2721934960942145e-13,2.841985135562942e-14,1.1087686126417328e-13,1.7378579535357182e-13,-5.704148646530512e-14,-1.3504240383674948e-13,-2.1036501726122363e-13,-2.850559334382437e-13,-3.595789499842358e-13,-4.3401863758274535e-13,-5.084001408008307e-13,-5.827463646603548e-13,-6.57097150543129e-13,-7.315069086581961e-13,-8.060250281285076e-13,-8.806829059141985e-13
6.355267006324295e-12,1.5170617519881215e-12,1.4646664720655538e-12,1.4123083071463329e-12,1.3599858079503715e-12,1.3076967395666194e-12,1.2554388057514658e-12,1.2032103696123448e-12,1.1510111094644844e-12,1.0988476316681234e-12,1.046729443508228e-12,9.946672732881094e-13,9.426370375156011e-13,8.905817674606079e-13,8.963247059074905e-13,9.470070508639976e-13,9.976684926104174e-13,1.0483650700921899e-12,1.099129918404665e-12,1.1499903460665145e-12,1.2009081835247963e-12,1.2518503281474925e-12,1.3028142500754126e-12,1.3538002396627327e-12,1.404810135611293e-12,1.4558464902620888e-12,1.5069116873949778e-12,1.558007245379253e-12,1.6091338310129023e-12
3.933601287161447e-12,5.956054761492251e-13,5.997539893236715e-13,6.045353281423334e-13,6.10086351715095e-13,6.164687822261373e-13,6.235918117332097e-13,6.311357830533115e-13,6.385011397115967e-13,6.448607940205769e-13,6.49419108355395e-13,6.519809430916529e-13,6.551425826073359e-13,6.656528860157902e-13,2.086013734821013e-13,-5.249442322837776e-13,-5.168247974306714e-13,-5.16961129515628e-13,-5.186278542133573e-13,-5.184459023493395e-13,-5.161751456816607e-13,-5.12635980045224e-13,-5.086351399041373e-13,-5.048224943820411e-13,-5.016387685395009e-13,-4.993567651070414e-13,-4.981576210467417e-13,-4.981372648749461e-13,-4.989612998119367e-13
3.04016167476848e-12,6.816612508020773e-13,6.856046531794616e-13,6.901862221861034e-13,6.946624963902061e-13,6.990398661002832e-13,7.033523716526953e-13,7.075690660832576e-13,7.116856578500839e-13,7.157695809343283e-13,7.19812969381743e-13,7.233984501348746e-13,7.247060424684688e-13,7.222819911414445e-13,8.253212769701565e-13,7.962206403011879e-13,7.973816096496405e-13,7.953168759168316e-13,7.910229813151258e-13,7.865265308318203e-13,7.826800585996351e-13,7.794014509299357e-13,7.765305223232672e-13,7.73903308622822e-13,7.713071535137379e-13,7.683358502789337e-13,7.643138842202771e-13,7.586879152808887e-13,7.537316243396374e-13
2.7200537299729578e-12,3.854510717618071e-13,3.890154725227069e-13,3.929221856396718e-13,3.9732595350264185e-13,4.0219807923835e-13,4.0737309604790913e-13,4.1255272230792156e-13,4.173318047168102e-13,4.212895694514135e-13,4.241577114544429e-13,4.2609475409501384e-13,4.292734914600005e-13,4.3869587334671176e-13,6.973510959238148e-14,-5.091144619436489e-13,-5.021395340319441e-13,-5.013882945151791e-13,-5.017923520882935e-13,-5.010286469616485e-13,-4.990050452440589e-13,-4.962780969664886e-13,-4.933426751306357e-13,-4.905887698073366e-13,-4.882815827337594e-13,-4.865841700754647e-13,-4.856017353015745e-13,-4.853933922562725e-13,-4.857957245839706e-13
1.4533792574974948e-12,1.9604262548250249e-13,1.621442906989429e-13,1.2723363437201844e-13,9.211826758467508e-14,5.695147310313583e-14,2.1719992303608476e-14,-1.3623753101276984e-14,-4.912389689597307e-14,-8.480089422708879e-14,-1.2063979036603517e-13,-1.5656023075121264e-13,-1.9238422057435383e-13,-2.2782429247850333e-13,-2.386277049536879e-13,-2.1063316512978712e-13,-1.8173961413021458e-13,-1.52299201201414e-13,-1.226520045533903e-13,-9.305846680632729e-14,-6.362459836285599e-14,-3.43609656928985e-14,-5.241478890731567e-15,2.3775373350718314e-14,5.2731063229897056e-14,8.164483517131971e-14,1.1047087374416062e-13,1.3905719870895765e-13,1.6735018886471184e-13
2.346975707916065e-12,4.715721003498069e-13,4.36288235352502e-13,4.0016983293169853e-13,3.6396131047419474e-13,3.2776064657790926e-13,2.915452530647709e-13,2.552782749661722e-13,2.1892577790024623e-13,1.8244880430597762e-13,1.4580858816345598e-13,1.0906025137959928e-13,7.235889497568203e-14,3.6015651843993114e-14,-5.009588057651222e-15,-4.448496531836779e-14,-8.438162229859509e-14,-1.248733429009041e-13,-1.6562291388959501e-13,-2.062954019809622e-13,-2.4680899142588356e-13,-2.8716559076142296e-13,-3.2739379150492347e-13,-3.6753984897093323e-13,-4.0765976981427875e-13,-4.478120342910508e-13,-4.880750873797382e-13,-5.286741908189957e-13,-5.704808277813752e-13
5.900790608549522e-12,1.32461305819212e-12,1.2965616156320178e-12,1.2689300633274223e-12,1.2415576679669361e-12,1.214327043765407e-12,1.187166622397357e-12,1.1600317651012834e-12,1.1328934279671419e-12,1.1057384469955855e-12,1.078551703793951e-12,1.0514690471667649e-12,1.024796498576748e-12,9.992486983099606e-13,9.947504736951972e-13,1.0209017781694807e-12,1.0472766788856632e-12,1.0742852263203236e-12,1.1020852332784576e-12,1.1301343590338233e-12,1.1581843164708832e-12,1.1861807756553417e-12,1.2141160371639266e-12,1.2419755123938098e-12,1.2697163610006595e-12,1.2972369977793932e-12,1.3243250193617855e-12,1.3505704344899122e-12,1.3752520101048533e-12
4.472674351463114e-11,7.981866373220736e-12,7.669563802146126e-12,7.287678712489767e-12,6.844184775063653e-12,6.348967407098663e-12,5.816333761413461e-12,5.268964095577082e-12,4.742850990219957e-12,4.289997486386066e-12,3.969000607012008e-12,3.810043049126073e-12,3.76606022678363e-12,3.632227233055569e-12,-1.318882847612146e-12,-4.445827822626493e-12,-4.349116777037171e-12,-4.277178865252122e-12,-4.285848119180381e-12,-4.443906032968357e-12,-4.7522263385721215e-12,-5.1616584204934085e-12,-5.614221305980995e-12,-6.0632893187709585e-12,-6.4768682607211096e-12,-6.8350228149905646e-12,-7.1266328391535824e-12,-7.346301350599864e-12,-7.488656351634862e-12
2.062065170977715e-11,5.1322202356953216e-12,5.117138601141684e-12,5.036277450326076e-12,4.883503007852849e-12,4.6510192264658425e-12,4.330464965297037e-12,3.914670841600779e-12,3.399847380170243e-12,2.7900388773937325e-12,2.108463639921845e-12,1.4168066222598355e-12,8.329837914811076e-13,5.388298888927032e-13,1.5696448033658515e-12,1.6073594615553957e-12,2.0762544913278707e-12,2.7868011652941612e-12,3.6170685585982565e-12,4.447351646031106e-12,5.211415697070091e-12,5.883933969682592e-12,6.45802392470021e-12,6.932040187050809e-12,7.30432431872167e-12,7.570834929671166e-12,7.723231117570865e-12,7.746721664902203e-12,7.616946687931876e-12
3.518190335999763e-11,6.2994069580270176e-12,6.007450913841293e-12,5.660081904927327e-12,5.264758649096211e-12,4.832598763496641e-12,4.379958283038869e-12,3.930898448926435e-12,3.5196737281512724e-12,3.1901436646727374e-12,2.9845045092438466e-12,2.913684013869346e-12,2.9225476886169917e-12,2.8242460535863764e-12,-1.469943382968914e-12,-4.1222674865530544e-12,-4.064312293709054e-12,-4.036734102295708e-12,-4.091875884723466e-12,-4.278299339113485e-12,-4.58557319150685e-12,-4.968791150901256e-12,-5.380402742234132e-12,-5.783054073188389e-12,-6.1506415132810485e-12,-6.465890453059614e-12,-6.7178689084534794e-12,-6.900055035373855e-12,-7.007934909825293e-12
6.601064524550621e-12,1.2672404806039881e-12,1.023476067663999e-12,7.897863738690459e-13,5.628242885610567e-13,3.4069365919849996e-13,1.223428399604708e-13,-9.29247182522197e-14,-3.0571284839780133e-13,-5.16670234054864e-13,-7.264710479028679e-13,-9.354408175537066e-13,-1.1429101460868994e-12,-1.3441830307023985e-12,-1.3077253392537837e-12,-1.1313430393436643e-12,-9.681816452156578e-13,-8.078082994029334e-13,-6.445590542716039e-13,-4.75984937843529e-13,-3.0184973779422535e-13,-1.2305495148614015e-13,5.931872928676476e-14,2.4452894698422956e-13,4.3251140771246834e-13,6.244697178834737e-13,8.243173207122028e-13,1.0417564026671424e-12,1.295750888289397e-12
1.0423776101074821e-11,2.4480043202226775e-12,2.279357361348184e-12,2.0959052925200168e-12,1.9081253880958653e-12,1.7207497145095115e-12,1.5359824141970356e-12,1.3551607314609697e-12,1.1794016076560208e-12,1.009717914149438e-12,8.466492878466256e-13,6.893041781718909e-13,5.344630316151543e-13,3.7565067156262426e-13,1.5748259793002546e-13,-5.869578994593351e-14,-2.856032515644192e-13,-5.258483347542318e-13,-7.784258506620238e-13,-1.0395856711685066e-12,-1.3053268656047764e-12,-1.5728193488316278e-12,-1.840389726117976e-12,-2.1070654069484226e-12,-2.3721719222060948e-12,-2.635112284228274e-12,-2.8958080316572057e-12,-3.158514750637714e-12,-3.451369566940283e-12
2.3145286068378347e-11,5.674189246816084e-12,5.53255749508436e-12,5.3499309591754066e-12,5.148172806336774e-12,4.938446556719307e-12,4.726586876324548e-12,4.515621011987736e-12,4.3068682625231316e-12,4.100328542430244e-12,3.8949492166315596e-12,3.689660547855931e-12,3.4859794754244456e-12,3.2949686997368117e-12,3.3333104087465394e-12,3.518986606901372e-12,3.711849707070001e-12,3.9089527793099864e-12,4.110666414156625e-12,4.318768788911942e-12,4.534025960453611e-12,4.7557893392765225e-12,4.982514539689371e-12,5.212251252075135e-12,5.442802590702893e-12,5.671535811994826e-12,5.894784693466025e-12,6.106654022049903e-12,6.297365116366215e-12
2.6711284951514152e-11,5.421442093316347e-12,5.373237625907697e-12,5.316784857850768e-12,5.255177341182361e-12,5.192576761796668e-12,5.134332568146083e-12,5.086677346831784e-12,5.055186295988503e-12,5.04045876439066e-12,5.029048633388358e-12,4.9788450652692225e-12,4.7882368202862034e-12,4.291702585897499e-12,7.606841593369547e-13,-4.110944461044544e-12,-4.05658178325473e-12,-4.115541327761898e-12,-4.08295811090532e-12,-4.013838249166025e-12,-3.951641731127625e-12,-3.913620657129612e-12,-3.9006991596968045e-12,-3.9066619930488966e-12,-3.923763509859814e-12,-3.945235773679302e-12,-3.9665156985616746e-12,-3.986935587731503e-12,-4.0147670790308146e-12
1.7530161018167105e-11,4.248503466768136e-12,4.19762380683067e-12,4.113339366743864e-12,4.0103130514023125e-12,3.89318125733977e-12,3.7641276493224404e-12,3.6260473695243293e-12,3.4852103991771872e-12,3.354949172321882e-12,3.259760995513605e-12,3.2372813469843056e-12,3.3430314115612115e-12,3.5984152500352606e-12,4.417569599073983e-12,4.214196784070617e-12,4.277383498986183e-12,4.324846047445338e-12,4.4449071329669225e-12,4.614620117122388e-12,4.801760199419604e-12,4.984891597527071e-12,5.152531166841722e-12,5.300002352303068e-12,5.425637933021756e-12,5.52788734068631e-12,5.601840597510312e-12,5.630708480011304e-12,5.5604249162975966e-12
2.12521398028372e-11,4.5941648555209676e-12,4.5539539682137184e-12,4.5113602259501365e-12,4.468197757624527e-12,4.428235581674988e-12,4.396318556507691e-12,4.377525030129164e-12,4.375301084126021e-12,4.387262714605801e-12,4.397346718474336e-12,4.364030407675114e-12,4.19345425573208e-12,3.736838677590294e-12,5.418433692574048e-13,-3.754203678212087e-12,-3.699807992021963e-12,-3.738267463778582e-12,-3.703593323324008e-12,-3.645758560434771e-12,-3.5993223079995233e-12,-3.575648211052295e-12,-3.5733589660689017e-12,-3.586198832756431e-12,-3.6073039300351038e-12,-3.6309060955184624e-12,-3.652992616801936e-12,-3.672071961350947e-12,-3.6916327809231694e-12
7.493070502124193e-12,1.5135135027694424e-12,1.2501678485843675e-12,9.902722988964515e-13,7.328116507568192e-13,4.765607265165842e-13,2.2066900013334714e-13,-3.527379041564863e-14,-2.9130306794792004e-13,-5.470917196128764e-13,-8.016896903218695e-13,-1.0525709557811804e-12,-1.2927431489599722e-12,-1.5060536616308516e-12,-1.5430202382110722e-12,-1.3366126489504724e-12,-1.1330597365874783e-12,-9.266408925867198e-13,-7.201392714143654e-13,-5.142695412297496e-13,-3.0878899678838344e-13,-1.0336905072028104e-13,1.0223293059224918e-13,3.0831046346437944e-13,5.153791962194102e-13,7.241826882314343e-13,9.352342070695395e-13,1.1472010779141482e-12,1.352888839331467e-12
1.1525005282759231e-11,2.635144553369211e-12,2.4527079840652133e-12,2.272671842337585e-12,2.091237812975452e-12,1.9080043960466264e-12,1.7237244751644345e-12,1.539340626825668e-12,1.35557196609577e-12,1.1726207614330902e-12,9.89774065391874e-13,8.048609071010415e-13,6.133619235438856e-13,4.098047468450168e-13,1.653836911089074e-13,-6.960506316163374e-14,-3.091213348675573e-13,-5.509940987376853e-13,-7.966493609308696e-13,-1.046268416608078e-12,-1.2988848256540666e-12,-1.5531256703591902e-12,-1.8075920430931267e-12,-2.060985989386402e-12,-2.312179176461047e-12,-2.560451924710833e-12,-2.806141345899205e-12,-3.051851335172453e-12,-3.303226107652477e-12
3.04776888823657e-11,7.48150701615095e-12,7.2606661793004e-12,7.039058420554894e-12,6.817933190978252e-12,6.597582289423419e-12,6.378057382789003e-12,6.159391127301325e-12,5.941613384899725e-12,5.724750064199155e-12,5.509051881331045e-12,5.295870912625603e-12,5.090375069032782e-12,4.905855656949177e-12,4.8767518191965065e-12,5.058122131384102e-12,5.232268411960179e-12,5.405526407462464e-12,5.577161261597584e-12,5.748008744339813e-12,5.9192384053394925e-12,6.091579780706432e-12,6.265236339866647e-12,6.4400546202537855e-12,6.615670119107567e-12,6.791461391959169e-12,6.96614976009755e-12,7.136714047249722e-12,7.295714185159048e-12
2.2257979603634024e-11,4.454607028268387e-12,4.413804123490406e-12,4.366041541196919e-12,4.313941639376201e-12,4.261015448615143e-12,4.21175500196224e-12,4.171365604301897e-12,4.1444497272473395e-12,4.131323621375952e-12,4.1202261647488096e-12,4.074494475213122e-12,3.905168246669224e-12,3.466538774900524e-12,5.029493873111949e-13,-3.3581663872224114e-12,-3.3134395100875473e-12,-3.367549708948536e-12,-3.34172665896717e-12,-3.283852408029518e-12,-3.2310390250547403e-12,-3.1982326182874125e-12,-3.186427241633091e-12,-3.190519555363292e-12,-3.2040675304904447e-12,-3.221420587654732e-12,-3.2387739188948963e-12,-3.2556321424101994e-12,-3.279163650481034e-12
1.467397115447773e-11,3.4730283626284966e-12,3.4288752433549947e-12,3.3559390175074297e-12,3.2669138746489718e-12,3.1658398059948542e-12,3.054640788143272e-12,2.9358655599475512e-12,2.8150056452800453e-12,2.7037151819646246e-12,2.623434305947859e-12,2.6072882101974645e-12,2.7043118622301296e-12,2.9331170462459085e-12,3.626476936298057e-12,3.4591445446944074e-12,3.512817585367878e-12,3.55123841067081e-12,3.653135240676112e-12,3.798224769665328e-12,3.958778831619309e-12,4.11609791179502e-12,4.260179183038658e-12,4.38694077556875e-12,4.494918516408416e-12,4.582757829828333e-12,4.6462082151505585e-12,4.6707708604428014e-12,4.609809149831029e-12
1.846092071572571e-11,3.867805613269537e-12,3.831407605504139e-12,3.792792384682148e-12,3.7536129943724705e-12,3.717230525225122e-12,3.687950372427094e-12,3.670272128627125e-12,3.6672121940538034e-12,3.676524956635311e-12,3.683623996380463e-12,3.650871437910065e-12,3.4932195855799867e-12,3.076406320429695e-12,3.013177378981741e-13,-3.2188388337276022e-12,-3.172200150308218e-12,-3.2095926454099257e-12,-3.18045052416953e-12,-3.1300224655159464e-12,-3.0893288647913338e-12,-3.068782770566139e-12,-3.0672465474605736e-12,-3.0791557656791257e-12,-3.0983784722868196e-12,-3.119752310482504e-12,-3.1396709145380577e-12,-3.156742651104464e-12,-3.1739038048496576e-12
6.263336654989805e-12,1.2523748917681276e-12,1.0360056024544971e-12,8.225950573758014e-13,6.112668277071286e-13,4.009683074807428e-13,1.9097053726391574e-13,-1.9072593339459477e-14,-2.2917800637372353e-13,-4.390431311874779e-13,-6.478217492080167e-13,-8.532911574586933e-13,-1.0493009908332844e-12,-1.2216203125685974e-12,-1.245769558554451e-12,-1.0768909681955905e-12,-9.103822056844955e-13,-7.413135769423471e-13,-5.721457161731873e-13,-4.0350254902453667e-13,-2.351872362741638e-13,-6.692598168242505e-14,1.0148409220007588e-13,2.702941720995445e-13,4.3994926927142963e-13,6.110892234821132e-13,7.841523958742211e-13,9.579970552469693e-13,1.1264971559614e-12
9.638329765464402e-12,2.1536232091168068e-12,2.0057847821878618e-12,1.8600090815210454e-12,1.713000902455533e-12,1.5644099030346003e-12,1.4148882390567174e-12,1.265254763986797e-12,1.1161364676387454e-12,9.67712393080592e-13,8.193614696962484e-13,6.691703105573214e-13,5.131227558351069e-13,3.463482829462542e-13,1.4496873279521318e-13,-4.8741731039657754e-14,-2.464597319552071e-13,-4.4624755091252586e-13,-6.49376175702403e-13,-8.559959103487306e-13,-1.065253493632985e-12,-1.2759352607624542e-12,-1.4868076545830942e-12,-1.6967294197180873e-12,-1.9047108979860935e-12,-2.1101214142177354e-12,-2.3132515914226954e-12,-2.516360250411175e-12,-2.724336656014551e-12
2.570838309802651e-11,6.294002855999e-12,6.108883192247343e-12,5.9232472387400195e-12,5.738133120246467e-12,5.5537652905914104e-12,5.370177717247814e-12,5.187400672953755e-12,5.005468376849174e-12,4.824413635330855e-12,4.644472701484179e-12,4.46688487508607e-12,4.2963709266246105e-12,4.145043149257505e-12,4.128432891867955e-12,4.2838325078696955e-12,4.432848679374187e-12,4.581162302484914e-12,4.728069652646925e-12,4.874307263871528e-12,5.020915705052213e-12,5.168547184396587e-12,5.317382588107789e-12,5.4672841974081056e-12,5.61793160577058e-12,5.7687893614192055e-12,5.918762566577837e-12,6.065249735539658e-12,6.201801313332607e-12
1.7578609604357075e-11,3.5154318051002086e-12,3.483331275096267e-12,3.4457329382891135e-12,3.4046895513317307e-12,3.362946348382775e-12,3.32401294372602e-12,3.2919504288880475e-12,3.270330143828328e-12,3.2593180030922895e-12,3.2494771857820513e-12,3.211436469547211e-12,3.0734646068280528e-12,2.720891678217323e-12,3.601210066722633e-13,-2.6318480602773322e-12,-2.6016476980868175e-12,-2.6483233486628368e-12,-2.6300615119633846e-12,-2.5857624960403045e-12,-2.5448867518704216e-12,-2.5194105586891123e-12,-2.510236411288604e-12,-2.513433899459975e-12,-2.523994758925546e-12,-2.5375147019493453e-12,-2.5510317935631593e-12,-2.564198678439205e-12,-2.582772633303687e-12
1.1758857604026608e-11,2.800583430757837e-12,2.7652213292468763e-12,2.706945596631473e-12,2.6359028732092814e-12,2.555327176751034e-12,2.4667736713800635e-12,2.3723087986144334e-12,2.2763656523355815e-12,2.188334550900164e-12,2.1255036712170453e-12,2.114645722198154e-12,2.19562553089358e-12,2.3813898778394693e-12,2.9372059516384374e-12,2.8033998221520554e-12,2.844891645389172e-12,2.8737045704676532e-12,2.954043927333527e-12,3.0692801278690312e-12,3.19723387718264e-12,3.3227904521144474e-12,3.4378857520638738e-12,3.539229588658713e-12,3.625641727766389e-12,3.696041646490239e-12,3.7470471890322134e-12,3.767094243221021e-12,3.718919320760761e-12
1.5055027319954145e-11,3.1226288970308596e-12,3.0925659904070464e-12,3.0605868638215073e-12,3.0280527242755677e-12,2.997704603317736e-12,2.9730535161529553e-12,2.9577704211717226e-12,2.9543076130077903e-12,2.960788071864595e-12,2.9651744600968316e-12,2.936421231335465e-12,2.804230637429613e-12,2.4612286245201666e-12,1.9527899494226923e-13,-2.598854707739351e-12,-2.5657675923103417e-12,-2.599726545492474e-12,-2.5779922522721917e-12,-2.5383241590771165e-12,-2.5062557007156108e-12,-2.490478670360118e-12,-2.49011619305806e-12,-2.5006251999687805e-12,-2.5169856810955126e-12,-2.5349689354744773e-12,-2.5516148538966038e-12,-2.565755801708139e-12,-2.5797035575502874e-12
4.971772048861553e-12,9.90356912088525e-13,8.197921997561693e-13,6.516599802520314e-13,4.852412437447412e-13,3.1968233018424386e-13,1.5438776496529646e-13,-1.0930709571435024e-14,-1.7629356650329394e-13,-3.41457845565579e-13,-5.057360564301609e-13,-6.673300300187264e-13,-8.212771951089293e-13,-9.562602902686324e-13,-9.733047780324549e-13,-8.409212440044733e-13,-7.102392589784442e-13,-5.774238449965155e-13,-4.444983419932972e-13,-3.11984484169311e-13,-1.7974545219835869e-13,-4.756917989953772e-14,8.47125281100562e-14,2.1731554288004395e-13,3.506134946757378e-13,4.851312940260371e-13,6.212222995323588e-13,7.579705213476444e-13,8.905020498709265e-13
7.728747846475874e-12,1.74211059892764e-12,1.6227777697053046e-12,1.5050836101269995e-12,1.3863798218004275e-12,1.2663914185239426e-12,1.1456499826828156e-12,1.0248208209890272e-12,9.044142177378119e-13,7.845786526163057e-13,6.648150116610091e-13,5.435746949126141e-13,4.1759350769221267e-13,2.8299914369259396e-13,1.2070669130901153e-13,-3.54701997264714e-14,-1.9484310427085384e-13,-3.5586036414256796e-13,-5.19581445878868e-13,-6.861400174435495e-13,-8.548557568054279e-13,-1.0247480413380616e-12,-1.1948171167885852e-12,-1.3641368895369863e-12,-1.531902923850554e-12,-1.6975982469096047e-12,-1.8614427420833704e-12,-2.0252290651811106e-12,-2.1928457398596368e-12
2.0708096624534004e-11,5.076806892482136e-12,4.927835693359075e-12,4.7785788435193846e-12,4.62981944603834e-12,4.481704219173477e-12,4.334243727274451e-12,4.187458683582897e-12,4.041382035733997e-12,3.896051469306111e-12,3.751675012208186e-12,3.6092872626328997e-12,3.4727951098537813e-12,3.3520462950724196e-12,3.341095559612138e-12,3.466352825087791e-12,3.5865704495256345e-12,3.70630603183549e-12,3.824933488396265e-12,3.9430373411221486e-12,4.0614564111501086e-12,4.1807183169994564e-12,4.300969185542796e-12,4.4220999979536496e-12,4.54386042910874e-12,4.665835846580226e-12,4.787170434317705e-12,4.905799433717768e-12,5.0165473383728106e-12
1.53636508193155e-11,3.1246305770631586e-12,3.0991224647462595e-12,3.069191906196058e-12,3.036510202359837e-12,3.0033086642714534e-12,2.972436052655874e-12,2.9471883857412617e-12,2.930474600763533e-12,2.9224764005890356e-12,2.91566861951247e-12,2.8865252543972896e-12,2.7773248647690244e-12,2.4940486981858123e-12,2.0583655190284114e-13,-2.3820382418216172e-12,-2.355347248759968e-12,-2.391140855043884e-12,-2.3751125491426986e-12,-2.338495129475874e-12,-2.304850926144615e-12,-2.283797401876238e-12,-2.2760308279340286e-12,-2.278362828351208e-12,-2.2867430860805017e-12,-2.2976121728907686e-12,-2.3085798932979417e-12,-2.3193824232545745e-12,-2.3347336661895492e-12
1.0344960724953234e-11,2.3975471338779938e-12,2.368543727833471e-12,2.3207556247942148e-12,2.26248459709441e-12,2.1963677531881792e-12,2.1236561019167867e-12,2.0460063670100375e-12,1.9669977857802813e-12,1.894245365761639e-12,1.841791022724042e-12,1.831372401955279e-12,1.8955318078191177e-12,2.0456940000412858e-12,2.589653265986867e-12,2.470015214259415e-12,2.505050441176989e-12,2.530200007093938e-12,2.597330052294622e-12,2.6926688698138468e-12,2.7982231714720844e-12,2.901648546146092e-12,2.9963826429851523e-12,3.0797666650061283e-12,3.150861349288927e-12,3.2088010485398675e-12,3.2508290954750236e-12,3.2674907939189384e-12,3.2283220616893486e-12
1.34480349543087e-11,2.823872031871438e-12,2.7992021603234863e-12,2.7729400959875554e-12,2.7462373653924413e-12,2.721385962556095e-12,2.701320307469198e-12,2.6891160293851166e-12,2.686852081030389e-12,2.6930422776928587e-12,2.697836045862256e-12,2.6758128888856395e-12,2.5693894110455853e-12,2.289340888262282e-12,5.286112361812647e-14,-2.4064174170811713e-12,-2.3769721787436084e-12,-2.403164118752092e-12,-2.384083001365169e-12,-2.3506671180110138e-12,-2.3238455983223145e-12,-2.3107619017718423e-12,-2.310623265865195e-12,-2.3196055761921364e-12,-2.3335021048455438e-12,-2.348773580736767e-12,-2.362939392706719e-12,-2.375002836589336e-12,-2.3868256628246613e-12
4.438452027640254e-12,8.960790408725851e-13,7.436537538993073e-13,5.931778542745459e-13,4.4407848273739973e-13,2.956691648813715e-13,1.4747176276399715e-13,-7.422425898473116e-16,-1.4898422801636154e-13,-2.970548704700222e-13,-4.4440368907069043e-13,-5.896005409048948e-13,-7.286823495441877e-13,-8.525012821260742e-13,-8.61898799376996e-13,-7.419872015990072e-13,-6.236025033718163e-13,-5.035807712051469e-13,-3.834987575078138e-13,-2.637415671286297e-13,-1.4418464571482639e-13,-2.4654665843637577e-14,9.497925982784879e-14,2.1488408603058584e-13,3.3535386475902575e-13,4.568038844238926e-13,5.79506386931333e-13,7.026974864652266e-13,8.223992499298605e-13
6.8757686467685e-12,1.5119843700853404e-12,1.4088947841221379e-12,1.3071985010169554e-12,1.2047024094546446e-12,1.1011625205189786e-12,9.970013546607068e-13,8.927563632210913e-13,7.888434821036358e-13,6.853889583224182e-13,5.819977323820499e-13,4.774283739555089e-13,3.6904529181747585e-13,2.5366998146074275e-13,1.1118176515033464e-13,-2.5772595144486492e-14,-1.6536174618377691e-13,-3.0633442540247017e-13,-4.4954519754229705e-13,-5.950834192674376e-13,-7.423797479269398e-13,-8.906237321386987e-13,-1.038995191025277e-12,-1.1867393992809891e-12,-1.3332058228775644e-12,-1.4779844030240183e-12,-1.621274893089037e-12,-1.764572089450007e-12,-1.9110917460948895e-12
1.8500194838695632e-11,4.537176077289683e-12,4.400986989340317e-12,4.264587120263523e-12,4.128618697178342e-12,3.993204162597979e-12,3.8583569958788e-12,3.7240998376715905e-12,3.5904629124693625e-12,3.4574736351793314e-12,3.325288000823693e-12,3.1947242379154333e-12,3.0689415688704294e-12,2.956035489880938e-12,2.9522060488905486e-12,3.0684984199280552e-12,3.1805003877455994e-12,3.2920232881925677e-12,3.402609462780009e-12,3.5127770257390194e-12,3.623236319854492e-12,3.734430163422068e-12,3.846477720509668e-12,3.9592821270506495e-12,4.072628024250955e-12,4.186165766021324e-12,4.299185632393853e-12,4.4099866417284955e-12,4.514311556134631e-12
