2.734684932872605e-14,0.010655981787303544,0.040681752589169624,0.08507322789656914,0.13572869266186977,0.18834740396249067,0.24135148999351108,0.29410214773064547,0.3444244060675816,0.3888847618354561,0.4238944106763272,0.4466474337048169,0.45706090941258376,0.45747940456430064,0.45013033011883136,0.43711185861624446,0.4205364079544366,0.40247009904233977,0.38415269402150604,0.3658278574867853,0.3475030208378696,0.32917818413772115,0.31085334743308163,0.2925285107586523,0.27420367413992913,0.2558788376002931,0.23755400117439135,0.21969043980556163,0.20534684815443965,0.19999999999999774
6.1295598407415066e-15,0.16225505720649547,0.20704522232288244,0.2630714379857861,0.3220808954935776,0.38214183465951634,0.44245269888043104,0.5023306213597049,0.5602472310709212,0.6155601258620865,0.6693118152389484,0.723648133542075,0.7871766055552533,0.8663003885740366,0.9614616616260724,1.071797269874289,1.1673181930951126,1.246784590147449,1.3165597408083138,1.384021437869752,1.450721501969559,1.5170626383073802,1.5831984314706307,1.649203326399886,1.7151193538627372,1.7809728693363946,1.8467817301888505,1.9121782935501377,1.9709972385118184,1.9999999999999816
1.0000000000000104,1.0078349123778088,1.0286779479149255,1.0568494804073758,1.0877855267840568,1.1188458283311067,1.1497706286456368,1.1803497680924062,1.208928610001634,1.2323528737029767,1.2477448146719619,1.2544296690550987,1.2537789966270438,1.2474323393501412,1.2366590642892192,1.2226548875250747,1.2066236433467452,1.189742829786813,1.1727191111618702,1.155691205114357,1.138663298999156,1.1216353928436549,1.1046074866620288,1.0875795804631563,1.0705516742554233,1.0535237680516858,1.0364958618711249,1.0196985479294318,1.0054750942798132,1.0000000000000155
1.450299744889512e-14,0.34644863621703326,0.6366697264785496,0.8064726929240899,0.8626302367767066,0.8772082557263946,0.8794986647134982,0.8623186326590452,0.7954232036693959,0.668038510924779,0.48321726737404114,0.27072239244443175,0.08274195716003996,-0.06318652689252983,-0.17454464873021683,-0.25119287671229906,-0.2919245462728239,-0.3032992712642796,-0.30366871844383203,-0.3036687208303606,-0.30366872218646357,-0.3036687225995954,-0.30366872236118675,-0.30366872162301917,-0.30366872054276894,-0.3036687189007274,-0.3036687169630925,-0.28073676072124376,-0.17453984739430609,1.0258529478298279e-14
8.528332607606271e-15,0.5634517615960735,0.8709503185797965,0.9647613222093573,0.9889207153081535,0.9990555362914024,0.9990553644286805,0.9798226870475305,0.9377249156617323,0.8984015878060794,0.890736631135406,0.9121699826125323,0.9327863658758433,0.9468538480907519,0.9612995201647343,0.9754820861123275,0.9909229983348703,0.9996952859131658,0.9999999984504915,0.9999999987211461,0.9999999990817794,0.9999999991635125,0.9999999991976296,0.9999999991532131,0.9999999991321488,0.9999999987996565,0.9999999989883561,0.9810860415262153,0.7119396051982986,1.321569058111161e-14
-1.7445262490779748e-14,0.2510694742505999,0.42142579904708016,0.4999515686315075,0.517258990092583,0.5131166248065969,0.5118195745423337,0.49722951075692073,0.44025916972758866,0.32703106057174597,0.18133647719498358,0.04515514235884731,-0.06197200085675701,-0.1451343870618974,-0.20859565848837197,-0.25227629822885417,-0.2754886468200166,-0.2819685562767338,-0.2821767280617511,-0.28217672941897565,-0.2821767302921147,-0.2821767308107803,-0.28217673116515596,-0.28217673138505334,-0.28217673144886424,-0.28217673121549014,-0.28217673073422667,-0.2707130032937648,-0.1771465591413524,1.1896018029733552e-14
5.932472233125643e-14,0.0005301503350125424,0.002384196574793099,0.0071528551250922365,0.018814256667044223,0.038236309977195876,0.06405887937068415,0.0941534171996212,0.12764838032399942,0.16470204903211114,0.20559978434292764,0.24998633534350806,0.2952782996715359,0.3369483277077641,0.3709881097160042,0.394930343280854,0.40814774647818486,0.4107656822937656,0.40366956268690346,0.38855987961140803,0.3673304467085258,0.34188116076401565,0.31411191991093473,0.2859226238920374,0.25921317404257577,0.23588347289512565,0.2178334239633376,0.206585484036225,0.20153671811676538,0.2000000000000421
2.764204656354124e-14,-0.004339004352045183,-0.010349711904609657,-0.006655407536559163,0.01212229174964388,0.04618943861710725,0.09482727733192169,0.1572199330173354,0.2332433825900092,0.32204863910800563,0.4214080008365392,0.5281909481047031,0.640355306945909,0.7568642123147692,0.8763631201822966,0.9974704327122599,1.119154140706347,1.2402550702493562,1.3594725986568255,1.4749056348250482,1.5844795259892805,1.6861146028660767,1.7777311944338066,1.8572496274706063,1.9225902273196123,1.9716733188914173,2.002419226704727,2.013059586885438,2.00656735602442,1.9999999999999487
1.0000000000000404,0.9995739124592014,0.9995439995833441,1.002801700231154,1.0112222576061383,1.0251068010608877,1.042808574176855,1.0626402393457368,1.0840964306367469,1.1078988964031686,1.1345431058270032,1.1627218961241392,1.1894536578488786,1.2115696935590579,1.226597852566815,1.2335582907247455,1.2328554812683055,1.2244471843592901,1.209009086390434,1.1879548839446668,1.162843351931126,1.135236691913682,1.106697108828049,1.0787868104120202,1.0530680043677545,1.0311028961891566,1.0144536896525338,1.0044939044904404,1.0008683312990825,1.0000000000000362
2.97888007505546e-14,0.15993329871052253,0.30625850478457,0.45791559588403774,0.6121337486001198,0.739428316554689,0.8278149750987053,0.8802324958839443,0.9090552019801913,0.9186911054239266,0.907891261850146,0.8644786058807034,0.7671011526282515,0.610691399740726,0.4130250370650834,0.2054689472130369,0.010526344347089694,-0.16494192948272307,-0.31342969776007135,-0.4305846892456469,-0.5162556889403632,-0.5704426732441339,-0.5931456184211414,-0.5843644965845901,-0.544099284254749,-0.4723499647735983,-0.36911651976926774,-0.243781195885399,-0.12102828906633517,-2.216832648716629e-14
1.2196912144415182e-14,0.11303100008089588,0.31179839174823015,0.5752129264037839,0.8443444229741263,1.096433973408698,1.3298902698253228,1.548435429693281,1.7535556620531934,1.9347609177181961,2.08023377416428,2.1910216718596267,2.2793640335316283,2.3469900438939577,2.390142715110426,2.4137116424187246,2.420337115922731,2.40461036352085,2.3590858827798415,2.2792230223808674,2.1648970769595124,2.0161080292891795,1.8328558428875974,1.6151404853302118,1.3629619421601522,1.076320210803076,0.7552152748616109,0.4073854360426948,0.12747122004003777,2.3412479396254842e-14
2.2724359085796e-14,0.09221511079332806,0.19177661929499024,0.2980973378315427,0.39865295091948666,0.4771729739039408,0.5237175361425482,0.5448893798381799,0.5525890845386461,0.552494429184685,0.534871621026007,0.48254532597651656,0.38752064765337313,0.2534804051738767,0.09693700646913406,-0.05205209841476616,-0.18855274456538143,-0.3161172665748528,-0.4220997136620634,-0.5022794118138835,-0.5565712092192705,-0.5849750714921749,-0.5874909367877876,-0.5641187803156806,-0.5148586256683281,-0.43971051473868084,-0.3386744513137627,-0.21644053220914616,-0.10190933882181796,-2.484903336223455e-14
1.7980245534965743e-16,0.0029624403344137573,0.01160285993160064,0.02598520877585777,0.047290334806628746,0.0751897787063838,0.1082738712235898,0.1447600535886481,0.18347575583234604,0.22374815188467723,0.2645985147702652,0.30381752068265155,0.3399429769427914,0.37092584980773885,0.39433652684703246,0.4086417479547449,0.41377472021630723,0.41038104861556435,0.3995951828410209,0.3829834409197352,0.3621768259047953,0.3386046450963153,0.31325973374506705,0.287497010904441,0.26279599369944684,0.2406361996253702,0.22249714640513388,0.20967518671030097,0.20243527793198948,0.2000000000000011
-1.7559280451611784e-15,0.004614167516800318,0.020727525508087603,0.05172812321986283,0.09796773069292475,0.15728812722209115,0.22708230578811245,0.3046961297417086,0.3878111994554152,0.4738730255719838,0.5607175115200621,0.6483525950546328,0.7377658138878578,0.8282437358454293,0.9186874454658555,1.0091512301210364,1.1000014777150433,1.1913360858261786,1.2833250288873028,1.375991415604756,1.469326804231452,1.5629662502978707,1.6551242586091124,1.7426843811980508,1.8222685825762241,1.8904988271944854,1.9439970790704972,1.979536374078064,1.9961905824771506,2.000000000000004
1.0000000000000007,1.001386102749161,1.005885500265858,1.0144013581535722,1.0273143000747125,1.0442410677669334,1.063853141691549,1.0848023080229858,1.1063139332292642,1.1280413979606285,1.1489748842325467,1.167797760893687,1.183381496954849,1.194298411207138,1.2002248167876644,1.20088221488097,1.1963124902097104,1.1868835918252298,1.173242111308651,1.1562805828363578,1.1369284610716521,1.1159718518530377,1.0939233432288233,1.0718292646513874,1.0508959007512673,1.032329533083453,1.0173364424605036,1.0070313444156713,1.0016900424567974,1.0
4.65629583857969e-16,0.1658880316114712,0.314820409745788,0.45391783729584373,0.5818356465059918,0.684265711048524,0.7553923498391539,0.7966416619466532,0.8140185524532172,0.8096620984380988,0.764692771113376,0.6822982208491103,0.5791766433849856,0.44415359807444443,0.27993794541713657,0.11007799566989691,-0.04599749420608233,-0.18154750271139686,-0.2918594048681677,-0.37474047993362003,-0.4311520213697913,-0.4686580297280859,-0.487840616128605,-0.4825054943698869,-0.452652656599512,-0.3982820980004012,-0.31939381587813376,-0.2205407722266609,-0.113701621398714,-6.671144833751759e-16
-6.926837531808926e-16,0.2734049838197143,0.5572306027295729,0.8350059558205882,1.07813381776715,1.275569869144818,1.4265418668053564,1.532856056931763,1.5952336686294042,1.614336834943374,1.6198424466274015,1.64729101436978,1.6792869627089164,1.6886055931579724,1.688698495685025,1.695386563816593,1.7059492391618345,1.7171230393176085,1.7285674466561733,1.7398081024826058,1.750399149988366,1.7451692549868982,1.6969651662332206,1.5927821919741683,1.4326203473430785,1.2164796237762172,0.9443600157620983,0.6200167422454106,0.289376316298799,-1.0858690790084847e-15
-6.465619195142978e-16,0.09656691582612786,0.1893882231346835,0.27671707324813544,0.35247563901039314,0.4087681675526047,0.4407710470949741,0.45168841944384563,0.44729536827075733,0.422021356989057,0.3686088733173641,0.29790884971692483,0.20981561437162383,0.11122324184998411,0.013664674945177226,-0.08313588344528705,-0.17208089131146878,-0.2493268448285936,-0.31218999180983953,-0.3594226345135666,-0.39157069948871526,-0.41435838362497174,-0.4251085294906139,-0.41586873901571597,-0.38663913188082066,-0.3374197228645938,-0.26821052287329633,-0.18128757858508956,-0.09067574458333003,1.4567841783277827e-15
1.0784832609566936e-14,0.0046456477089816435,0.018021798776835997,0.039139192145853575,0.06700325863941575,0.10027483085099788,0.13757215202506554,0.17747939687712194,0.21857129151911778,0.25903689769831595,0.2972107324844474,0.3312258487417988,0.35969426203171895,0.381713489978499,0.396681920203401,0.40418604087397847,0.40424148855793945,0.39757398465627714,0.38529797646800945,0.36867054585406955,0.34896630541649926,0.3274558005387732,0.30526297465683594,0.2830583751843516,0.26146684877134013,0.24153849019640605,0.22443265024864167,0.21126686108056233,0.2029231723866505,0.19999999999999202
1.9609065120366617e-15,0.010844078474461023,0.04213011921228005,0.0912562893864523,0.15464722026586114,0.2284071870349721,0.30845376302445937,0.39065164449065787,0.4713197294614666,0.5487859880006901,0.6242046422100174,0.7001739548958156,0.7785702650811386,0.8592138016856447,0.9405944921683571,1.0219314819574594,1.103498873534527,1.1855116755712813,1.2680445995338565,1.3511033352511372,1.4346878198036104,1.51879448368021,1.6033059811309285,1.687526396997765,1.7691897504319476,1.8443919091237078,1.9088919708080403,1.9584835227274981,1.989485465468797,1.9999999999999734
0.9999999999999966,1.0027168120164867,1.0105908505441032,1.0231591378904026,1.0398000335483253,1.0597174818771824,1.0818996086767705,1.1053300479987218,1.1288379471014025,1.1503343083453297,1.1681180465395773,1.1819504719558092,1.1921546317785738,1.1980809811399526,1.1995966694295315,1.1967930432781173,1.1897445335896797,1.1788647611284464,1.1647889622556844,1.1482333984111337,1.1299244082444024,1.1105860559173144,1.0908588594194637,1.0712001130581508,1.0523108939582813,1.0350865395399889,1.0204538600941708,1.0093187678353455,1.0023956375767966,1.0000000000000062
-5.944587663847884e-16,0.16757035787254668,0.31733786607282394,0.44560323359959614,0.5495207098559067,0.6283622608718815,0.683338839059324,0.7147760490026368,0.7166515024800231,0.6867883867566058,0.6247883733136146,0.5330514411560733,0.42407233131930316,0.3050266644305417,0.1790175965156996,0.05021044195402815,-0.07073226516705061,-0.174062039135603,-0.2567753413422248,-0.3183256062518148,-0.35871725236180046,-0.37835895249960094,-0.3831187537699677,-0.37894426548936816,-0.3609892435496811,-0.3238221289496461,-0.2674429102964158,-0.19289108427890128,-0.10290157404918347,2.4910272484491786e-15
-1.59026513192524e-15,0.3804122353218763,0.7144653079899925,0.986557115430919,1.192252408854434,1.3311234890108004,1.4009001623974051,1.4019948531626816,1.3533417147947842,1.3013427962300435,1.2876340436754679,1.3178476127005938,1.3632075193285136,1.389277450672841,1.3921442385586567,1.3929815552617817,1.3999735597731342,1.4086060437166354,1.4173892001506283,1.4260748352737809,1.4348405346650914,1.4431891019788234,1.4471149174496867,1.4287181872036308,1.3567858473157748,1.214575723244664,1.0020877695126,0.7201793151450174,0.37933611995853894,3.0680469968201967e-15
-1.743953116159699e-14,0.10029728343487082,0.18995468246142813,0.2666164927195952,0.32889501741827687,0.3749873884369608,0.40379238426419967,0.41604154407544375,0.3988629928614876,0.34305284333641856,0.2691820550459252,0.20174513328187077,0.13239742068808533,0.05481308005130667,-0.020254812239005417,-0.09366001756223706,-0.16258339588595114,-0.22146717293564522,-0.2686019414749501,-0.30367848532028796,-0.3266970595987058,-0.33789056058663985,-0.3406030972534236,-0.33448761025473606,-0.3145775738560759,-0.27930914986420874,-0.2286820536528983,-0.16321589205560894,-0.08611292407624653,4.6090240632227415e-15
1.299500986806822e-15,0.004706117425834809,0.01821179213511451,0.03926446438018635,0.06656415392649534,0.09881375715579871,0.13469360482378853,0.17288128084461274,0.21208421579389977,0.2511105368261202,0.2885419621676688,0.3225083963266229,0.3519851141847864,0.3759545319829995,0.39302757301497754,0.402224959262336,0.4038088868743025,0.39870348015743884,0.3880457247389308,0.3729967794758276,0.35458303176885936,0.3335419724419405,0.31085536480882187,0.2876797498706153,0.2651833596083462,0.24444123978764778,0.22650320126995915,0.21241905475172912,0.20324569460254382,0.20000000000000825
5.643821157477292e-15,0.007608625671320017,0.029781098968109425,0.06513923772609954,0.11226229950243481,0.16971889993442626,0.23611235376405157,0.31005690487463466,0.3900825823889694,0.4742619941715973,0.5603541069804334,0.6475206068195752,0.7365009392469278,0.8267300430957708,0.917377233848503,1.0082391900703571,1.0994743538147882,1.1912396089501498,1.2835710556235986,1.376463047966452,1.4696385086750834,1.5617247698083219,1.650337211257718,1.733012981644689,1.8076332859526558,1.8724421781865275,1.925761496153659,1.9659130782306489,1.9912129203820672,1.9999999999999998
1.0000000000000013,1.002876773254317,1.011088964566777,1.0237449285616587,1.0398992250611467,1.0586158722571606,1.0789711734720697,1.1000489359094563,1.1209895270617067,1.1411559912569325,1.1596803171037458,1.175220811400927,1.18752370971436,1.1955725454369739,1.1987565775222941,1.1972120022395512,1.191312097415266,1.1816000774954762,1.168723992587213,1.1533454696686611,1.1359686274322183,1.1167446661510827,1.096422292746083,1.0759683734385923,1.056297103170074,1.0382792577530602,1.0227783440548146,1.0106578673553148,1.0027848745487493,1.0000000000000049
-1.807953312585002e-15,0.18151886502906583,0.34155623616339603,0.4761025004384183,0.5854443462137116,0.66929508676955,0.7273680307667072,0.7596631761740595,0.7670154243729935,0.7497257417716584,0.6976388037022343,0.6158387389791624,0.5175092738083319,0.3962428282535149,0.2503486882359589,0.09762265350828386,-0.041801601171997535,-0.16053799500193522,-0.2565748823154158,-0.3303582103104333,-0.38710100562913785,-0.4274383667427946,-0.44679127797537843,-0.44448809566428127,-0.42107608600045715,-0.37716861178236966,-0.31276567493804575,-0.22786727706764795,-0.12247341587898199,-2.3296831194714843e-15
-3.3204663390528e-15,0.30727974706971256,0.5877033770809115,0.8361361186727737,1.052341514935512,1.2360831130289285,1.3875973646992765,1.5068842647486176,1.5918242558571458,1.6370461118212025,1.6551684526896169,1.6837730696047797,1.719416820168294,1.7357406220609317,1.739908826849275,1.7446693433047373,1.753632532549724,1.7643907825695229,1.7753038022513103,1.785683062830738,1.7833878160767893,1.746395021485288,1.6645225025498964,1.5397916056904668,1.3757270851486816,1.1742195617108975,0.9352690412844187,0.6588755290743499,0.34503901724700137,7.076320003940659e-16
-8.041693035484459e-16,0.1107040280816021,0.20645104082075946,0.2842496260474751,0.3440997889695398,0.3860015492403203,0.40995490092136067,0.415959847523218,0.4056188479952942,0.38004229217275315,0.32945526896348026,0.26682819044801215,0.1952822864685906,0.10448473538636863,0.01098674676162222,-0.07691062742086956,-0.15636635571738214,-0.22403039606334593,-0.27875833782074316,-0.32080631530539316,-0.3573492649496501,-0.3859372112296086,-0.39694270971167833,-0.3904050275270506,-0.3668850086470031,-0.3265592488124306,-0.2694277783564136,-0.19549060072224922,-0.10474769406071241,-1.1067458362106939e-15
1.0672775411723928e-14,0.0047513060751248025,0.018370371197628212,0.039615257946528,0.06718276151840048,0.09977096844721178,0.1360678357658552,0.17476008754001182,0.21454784587984876,0.25417643492531117,0.29208250206388353,0.3258910585040298,0.3544477951929796,0.37733273692059965,0.3934813465043313,0.40206157088697736,0.4031855427765683,0.3976515987086722,0.3865831347710351,0.3711624480592489,0.352577010457102,0.33189232504246774,0.3096725229373291,0.28690220087234536,0.26470653549885287,0.244168872946647,0.22636123163273125,0.21235562994173018,0.20322726611117112,0.20000000000000176
-1.2213889357229515e-14,0.009087855878551012,0.03522297327587959,0.07620920568164768,0.1297385081289631,0.19349805863823621,0.26519061148010575,0.34252382704671536,0.4231675624696527,0.50476124092872,0.5859467384368372,0.6678103493275099,0.7518257085844892,0.8376602544721744,0.9240437709889021,1.0104712034128898,1.0971409577286382,1.1842939483232353,1.271985426718369,1.3602153247058992,1.4489885520615524,1.538121855207952,1.6262457809769313,1.7107917491302103,1.78909145946886,1.8586394919810774,1.91696534315685,1.961598509667339,1.990065865470796,1.9999999999999938
1.000000000000008,1.0029477705760326,1.0113529140108533,1.0243420605569036,1.040989862037647,1.0603752160157303,1.0815825346408965,1.1036995984146185,1.1258395773524381,1.1469504522412055,1.1651679011328877,1.1796365450078798,1.1905248925564398,1.1972542099026149,1.1994776312104714,1.1972695774799864,1.1908123207626131,1.1805608595477934,1.1671555164238567,1.1512699477022708,1.1335808364039406,1.1146719901611322,1.0948185876493848,1.0747876214908827,1.0554702824375273,1.0377382701083835,1.0224600209647572,1.010503970647937,1.0027401446018458,1.000000000000003
3.2458217354549002e-15,0.17170332640855088,0.32335381413430797,0.4510695874018151,0.5549793395654984,0.6349543797044279,0.6908660151244461,0.7227142463361235,0.7308738563199886,0.7154799460212877,0.6611921143370634,0.570933615179163,0.47094126696397415,0.35830146448753886,0.2252776214417593,0.08545165629192983,-0.044860271887518344,-0.15664099953529526,-0.24685994776537065,-0.3154754057791177,-0.36200051894023866,-0.39444840762411065,-0.41409565049175145,-0.41359337045980443,-0.3931872284614666,-0.3531525575118881,-0.2934893576737356,-0.21419762896946237,-0.11527736957240939,-8.802500801483899e-16
-3.3033189444776593e-15,0.3316403695637622,0.6270641718690368,0.8791342362994925,1.0877444206969815,1.2527885840804258,1.374372869453929,1.4524972766974742,1.4862103544669005,1.4822088393747095,1.478367873110395,1.507643831864066,1.5497273210608435,1.5714806579452114,1.5739225698934867,1.5754313946473526,1.5825579370605731,1.5922710420924313,1.602110957430678,1.6118629205900663,1.6221225264352674,1.6211437085198448,1.5834468333647511,1.4967037045704652,1.3624965559563444,1.181674071655503,0.9542362530082917,0.6801831009528769,0.35951461001804585,2.2109416514690374e-15
-1.7610889591116666e-16,0.10623284894720564,0.1985052868254299,0.27402522753045444,0.3327926738254063,0.37480763262453337,0.4000700993017007,0.4085800743759594,0.40105689208252443,0.36419149007023355,0.2981191378826697,0.2310910090084346,0.1617703336290895,0.0808451513925123,-0.0013157812099874528,-0.08100043642025341,-0.15526318902481684,-0.21896315412942996,-0.2703753944637455,-0.30947828259997795,-0.33599222486619856,-0.3557026431624436,-0.36687319992049355,-0.36182260745562145,-0.34080264939095606,-0.30389260152363484,-0.25109248017046143,-0.18240228782004536,-0.09782201393334254,3.7487904848376937e-16
2.809630723168251e-14,0.0046556937488445105,0.017969962740148955,0.038713663407757865,0.06558468738703198,0.09728019356474096,0.13249807515417733,0.16993695966351352,0.20829547530960713,0.2462701147072107,0.28261184959590174,0.3162149574784855,0.3457010116868796,0.36963313471961234,0.3867242122598086,0.39614372830494504,0.398126651360453,0.3935511250190994,0.3834179625817824,0.3687310395840875,0.3504930591392644,0.3297294993524379,0.3075647713721687,0.28505165420223794,0.26321371651641384,0.2430759279344925,0.22566482815790515,0.2120069575129289,0.20312885701052286,0.20000000000002058
-3.152380879887443e-15,0.006643125806919533,0.02612811835359399,0.05759048645062202,0.10011359071659387,0.15278139747922154,0.214678478647957,0.2848888016397696,0.3624963345103855,0.446557695892639,0.5358980478812879,0.6289124967267272,0.7241427955231773,0.8205219293713883,0.9173509455460545,1.0144817418557344,1.1120824916816494,1.210237457584383,1.3086642387986958,1.406315426027622,1.5015026393302835,1.5924286647499564,1.67751836911971,1.7554385316588836,1.8249023913745792,1.884614167213991,1.9332732395873116,1.9695789881098167,1.992230791478138,1.9999999999999878
1.0000000000000222,1.0029191026085875,1.0112181267369758,1.0240347558915195,1.0404559938623494,1.0595688449257377,1.080460313375544,1.102217403383518,1.1239271190597713,1.14472204917609,1.1638807395189894,1.1805443110628844,1.1938063522483593,1.2025497755767622,1.2061843727878439,1.2049096324046857,1.1991888981075318,1.1896145020833688,1.1766357949480113,1.1603431589622757,1.1414082499964597,1.1207324612613674,1.099287342800474,1.0779542535844215,1.0575846191664664,1.0390313004140688,1.023147610048295,1.0107868609283797,1.00280236635504,1.0000000000000155
1.342630479204179e-14,0.18595007832389557,0.3499244141826277,0.48752785925143033,0.5987604296547939,0.6836221399217837,0.7421130033277173,0.774233032809431,0.7799822416265787,0.7593606447167885,0.7138874518529253,0.642385191535072,0.5430526894699116,0.4170077121833827,0.26757246136632623,0.11145830923554252,-0.031426772452789874,-0.15420749186781946,-0.25631969935971805,-0.33776789496716036,-0.39860017766750516,-0.4380216782308389,-0.4558766291815342,-0.4528623343009521,-0.42897878247840493,-0.384225962616415,-0.3186038635290468,-0.23211247334273147,-0.12475177873855237,-1.0305677264657464e-14
1.4975603313373253e-15,0.27655621386406315,0.5353342526353609,0.7727784884162193,0.988888934721659,1.1836656024860184,1.357108501420219,1.5092176423981287,1.6399930377485978,1.7485335071041763,1.8308760254053713,1.8868159408822578,1.920955384862103,1.936444992202296,1.942033749830599,1.9489548963337382,1.9597434220142693,1.970136110974832,1.9690200878825168,1.9415292926263894,1.8806223925137022,1.7871511034256855,1.6636566363876468,1.5114485944452372,1.330526960707278,1.1208917196942971,0.8825428572372976,0.6154803580655159,0.3197042038175652,6.229958317771562e-15
5.783038460130711e-16,0.11623518066222459,0.21706427101980574,0.29940605444754154,0.3632605437043425,0.4086277436787326,0.4355076525102168,0.44390026784145176,0.4338055898703567,0.40658983545405125,0.3621310201121157,0.30167245340732224,0.22160406745296868,0.12238045505346111,0.020308684918092915,-0.07420722903911675,-0.15822525444154192,-0.23011061671817837,-0.29747792197187467,-0.3578481274134693,-0.40107341551928716,-0.42607875783409904,-0.43301923069355974,-0.4226566242775916,-0.3949909330313606,-0.35002215655378044,-0.2877502957826939,-0.20817534680768265,-0.11129729790222037,2.4978195687663384e-15
1.3919120937552942e-15,0.0047006770021506775,0.018149697251951206,0.03911543423057251,0.06629350361297859,0.09837917922912545,0.13406807692024558,0.17205615451923914,0.2110393698293543,0.2497126853677135,0.2867463298971111,0.320696708250771,0.3501331499932174,0.37397966862825366,0.3910393681176124,0.40042757729936734,0.40225521797948544,0.3973899901021004,0.38695343337866184,0.3720306071147897,0.35352055808343247,0.33243952285063144,0.3098904231723903,0.2869428119483512,0.2646526340605948,0.244076486511151,0.22627169730858634,0.21229559437735585,0.20320550548556499,0.20000000000000273
1.3667683882047076e-14,0.007647566246101698,0.02985826838386356,0.06523775394917306,0.11230904512113374,0.16959544565535406,0.23562054161163803,0.30890763779463515,0.38798003922438185,0.47134830947040357,0.5575184367416466,0.6455051642547538,0.7354131065910027,0.8266894569924995,0.9184812074381997,1.010494713165419,1.102875126288115,1.1957730442271375,1.2892264802698004,1.3830654653786436,1.476396626307993,1.5675278986598713,1.6545822565480734,1.7357629385648239,1.8092948275772722,1.8733986049993223,1.9262926986000226,1.966195536183919,1.9913255458614054,1.999999999999998
0.9999999999999987,1.0028973118755202,1.0111320444444285,1.0238421425660076,1.0401148608972866,1.0590374530900086,1.0796971736517476,1.101181278847898,1.1225770261726484,1.1429929069730294,1.1615407803626148,1.1772230284460374,1.1896034773575912,1.1976432116620004,1.2008013900761758,1.199256103692354,1.1933663291396706,1.1836624274423888,1.1707836522769641,1.1552849493588662,1.1374222031171195,1.1177491867625404,1.0971390262602694,1.0764747435162214,1.056625413988133,1.0384607822872587,1.0228508040245687,1.010665435098264,1.0027746310383456,1.0000000000000033
1.4659903103247016e-15,0.1780285658361845,0.33515992495958047,0.4672146281574187,0.574192669742879,0.6560940519811352,0.7129187809859177,0.7446668590362358,0.7513382831829243,0.7329330580446654,0.6874029464133709,0.612536154745839,0.5146688033072448,0.3959847219186503,0.2547209398192913,0.10522856124857714,-0.03324355309182351,-0.15136081285458278,-0.2474036552729054,-0.32460042877510487,-0.3838096981392837,-0.4224286413827703,-0.4403846530493074,-0.4380025712633049,-0.4152824011472808,-0.37222414599192916,-0.3088278075045573,-0.22509338758029085,-0.12102089016401035,4.476882610011935e-16
4.407474457151047e-15,0.2936183362080281,0.5629151132610257,0.8030260069956421,1.0139510063138413,1.1956901133301865,1.3482433398907725,1.4716106945371956,1.5657921764059441,1.6303679496956793,1.6691700529780629,1.7040652413870394,1.7388480582098473,1.7564240109951097,1.7613499100378742,1.7662071999960367,1.7749804963311642,1.7855986260909316,1.7960729287230361,1.7981733365034132,1.775448998988875,1.717785922175081,1.6245843509184335,1.4964543902299599,1.3333960444287618,1.1354093145361437,0.9024942003676586,0.6346507046958446,0.3318788356779364,2.341154349003927e-15
1.6920154599677333e-15,0.10952331246558067,0.2044236283303252,0.28177632023212984,0.341581358109906,0.38383874051925276,0.4085484963606083,0.415710655604464,0.4053252332575913,0.3780285623408738,0.3302100548740191,0.27061000593291545,0.19805045695790544,0.10691090775178252,0.01375617468994323,-0.0734080789026211,-0.15232119629887064,-0.21963235766403033,-0.2743636496187591,-0.3218384811796409,-0.3627203033222117,-0.3893089049230122,-0.39882127581052235,-0.39161242036733074,-0.3676823271896296,-0.32703098639848505,-0.26965839019262,-0.1955645394509735,-0.10474944544971003,-3.143037570250687e-15
1.4161727186207096e-14,0.004583782473217171,0.017697151140844226,0.038137565226730626,0.06463176959373355,0.09590651039232272,0.13068853441557574,0.16770458870027466,0.20568142047769053,0.24334577726981252,0.2794274167395594,0.31266639713969707,0.34179567508467856,0.3655241195327218,0.3826192697918486,0.3922357507487272,0.3944932339592753,0.3902043910103014,0.3803709764630034,0.36601640044196293,0.3481754799536389,0.3278767362773405,0.30614542734648725,0.28400668632198034,0.26248620604048045,0.24260967962191649,0.22540280049234682,0.2118912626316761,0.2031007610288228,0.20000000000001866
1.8240981214061786e-14,0.006685283176071577,0.026258840111202338,0.057805005191383256,0.10035412137209482,0.15293653336788351,0.21458258679514272,0.28432262746597553,0.36118700116929175,0.4442060537829211,0.5324046531536439,0.6247662134674599,0.7202075231423789,0.8176933945870296,0.9162966298847822,1.0154822733768132,1.1151174296355264,1.2150093729603195,1.3143830280019917,1.4119598228969805,1.5063837660987804,1.5963431507385546,1.6805437098335572,1.7576912347224039,1.8264904658104284,1.8856461432502423,1.9338630067522047,1.969845794819758,1.9922992437484401,1.9999999999999871
1.0000000000000113,1.0029334782254822,1.0112840852926277,1.024203636039946,1.040794069882431,1.0601573300312792,1.081395361688722,1.1036101102356768,1.1259035204788426,1.1473775369052064,1.1671368892591363,1.1842873125899485,1.19789655550297,1.2070728968242082,1.2110912908170066,1.2100314581663845,1.2043793226338795,1.1945371464300762,1.1806870605374737,1.1635120593586088,1.1438975298300114,1.1227217940449463,1.100844621736626,1.079122550555691,1.058412729464792,1.0395723072331289,1.0234584330117704,1.0109282580472996,1.0028389374589193,1.0000000000000129
5.403532477312692e-15,0.1798127764994213,0.33848611677206036,0.47179210883942685,0.5797307831927881,0.6623021582803204,0.7195062416848912,0.7513430368205943,0.7578125482086869,0.7389147822380294,0.6947367437264567,0.625343711143287,0.5304964120135436,0.410129334021995,0.267111133273201,0.11611915145492173,-0.02376735506702659,-0.14435338833568312,-0.24455739644911081,-0.32427753833895473,-0.3834875513097299,-0.4222579274380552,-0.44058866526305573,-0.4384797591599159,-0.4159312034784573,-0.3729429931281948,-0.30951512072555964,-0.22564757158511148,-0.12134032191969359,-6.950692441005294e-15
2.00840656441074e-15,0.2653540586622142,0.5143302699400134,0.7436530205582524,0.9533223502323788,1.1433382851306741,1.3137008349358605,1.4644100000989966,1.5954657806315313,1.7068681795779388,1.7984379584699104,1.8694365194651497,1.9197758580054114,1.9500460851169907,1.96504847591952,1.9744089990508713,1.9827177048411189,1.9826363678496786,1.9615860113281791,1.9138585754520814,1.8396202338606038,1.7392073628495954,1.6126762535942494,1.460026897759836,1.2812592898139055,1.0763734247335632,0.8453692882563122,0.588246847219849,0.3050060517410385,5.017360975672193e-15
2.198716100200799e-15,0.11475148315253447,0.21459667511121175,0.29655420557871487,0.3606241568147896,0.4068065868906465,0.4351015154407979,0.44550893596998054,0.43802883741935156,0.4126612182016745,0.3695182511896755,0.3082810838504762,0.22898938207030542,0.13183414303496913,0.027739994098156244,-0.068755223330105,-0.15502018335004494,-0.2367768217639257,-0.3107767031591879,-0.3679936936893932,-0.40781423256139027,-0.43047283180861073,-0.4360595966650416,-0.42457451799233864,-0.3960175979122486,-0.35038883807115,-0.2876882168520102,-0.20791567450221177,-0.1110711268173653,-2.022053148411489e-15
-5.283839072674108e-14,0.004423916979755332,0.017084709708309765,0.03682831457330372,0.06243278209034084,0.09267616187709525,0.1263365018764945,0.16219184799545536,0.199020244574265,0.23559973548164775,0.270708365175868,0.3031241846804521,0.3316252503209917,0.3549896047428845,0.3720345050934516,0.3819132697527035,0.38466363835016043,0.3810387558358819,0.37200950370029734,0.3585690788042547,0.34171068508727687,0.32242752884172793,0.30171281295818303,0.280559741259003,0.25996151778547266,0.24091134559812705,0.2244024259774073,0.2114279586559362,0.20298114267191664,0.19999999999995802
-1.135182772968058e-14,0.006395998849284743,0.02516423602108152,0.05551192858880468,0.09659966129965394,0.14758801724501314,0.20763757754081597,0.2759089213801529,0.35156262670699595,0.4337592712480124,0.5216594333382295,0.6144236811047635,0.7112125375438163,0.8111865203622316,0.9134978271859785,1.017232099283206,1.1213290323933385,1.2246755699416387,1.326155745183821,1.4246532499872282,1.5190514987513832,1.6082339227659253,1.6910839728993001,1.766485101884673,1.8333207616347764,1.8904744051256346,1.9368294880638286,1.9712694691320687,1.9926778091687205,2.000000000000031
0.9999999999999591,1.003007814638923,1.011578996145711,1.024859230668762,1.0419439503702035,1.0619285879754172,1.0839085764528293,1.1069793484197459,1.130236335281022,1.152774966415894,1.1736906687359765,1.1920788736283805,1.2070349903500273,1.2176544286617006,1.2230648620970581,1.2226678795814498,1.2165791687514946,1.205485453829117,1.1902455639669882,1.171737082623236,1.1508380462063341,1.1284265153077195,1.1053805334607643,1.08257813583065,1.0608973549915788,1.041216221815411,1.0244127666903469,1.0113650203489226,1.002951014155462,0.999999999999964
-2.158958965148908e-14,0.17341792196584102,0.3265664023450883,0.45539160407624674,0.5598935167331416,0.6400721142543191,0.6959273573425072,0.7274592073044863,0.7346676427654775,0.7175526660135948,0.6761142962769384,0.6103525585544503,0.520267476833679,0.405859076594888,0.26946894755268475,0.12413767542313409,-0.011762520497138084,-0.1292254992752264,-0.22691830894050924,-0.3048409248589913,-0.36299333560207525,-0.4013755238629952,-0.4199874688099814,-0.4188291566438313,-0.3979005946212426,-0.3572018131070333,-0.2967328485062807,-0.21649372388095206,-0.11648444475897479,1.5892834964248347e-14
-1.1997700988715763e-14,0.2527691280106423,0.49161651439272785,0.7137578559134724,0.9191931232466767,1.107922279570767,1.2799452841792756,1.4352621035450537,1.573872722807186,1.69577714725138,1.800975393959569,1.8894674819500212,1.9612534229294263,2.016333211077174,2.054201261840928,2.072364791557824,2.068534848902514,2.0424536916244116,1.9941585937666875,1.9236424108664536,1.8309047204897084,1.715945503132095,1.5787647262748956,1.419362361186735,1.2377384084075511,1.0338929090756546,0.8078259249933224,0.5595375091504842,0.2890276948719477,-1.9684942918183317e-14
-1.600286302889957e-14,0.11775269875763233,0.2204997461941603,0.30523997909188244,0.37197341098618586,0.4207000504471069,0.4514198974490205,0.46413293689428536,0.4588391357280396,0.4355384477240023,0.3942308222139581,0.3349162108224338,0.25759457068190594,0.16226586773441445,0.05084486557049755,-0.0660928617433135,-0.1737761100025634,-0.26504790428411895,-0.3388518091802094,-0.3951772644423385,-0.4340235987441712,-0.4553908572493645,-0.4592790929494089,-0.44568836140555734,-0.41461870750981544,-0.3660701528541878,-0.3000426969014028,-0.2165363287144942,-0.1155510346354318,1.4153800357387494e-14
-6.483303844170759e-14,0.004316278330154882,0.016670665045428516,0.03594029119748425,0.060936231258327825,0.09046955995211385,0.12335135291067538,0.1583926868982458,0.19440463964573437,0.23019828936480552,0.2645847139020716,0.2963749893871237,0.32438018811169456,0.34741137551858053,0.364316743837401,0.3742642249094148,0.37727160599656456,0.3740622257386359,0.36557817447262886,0.35278424568329786,0.33664522542971154,0.3181258952284426,0.2981910343092429,0.2778054211035721,0.257933834201353,0.23954105294798322,0.22359185774052712,0.21105102996084163,0.20288335145204428,0.1999999999999344
-1.8867038193581713e-14,0.006399909720387583,0.02517944207659349,0.055544894017400225,0.09665587343508178,0.1476719876681348,0.20775284406256858,0.27605805032962444,0.3517472147052538,0.4339799459590627,0.5219158532958945,0.6147145462443789,0.711535634822879,0.8115387307296881,0.9138748152852427,1.0176268269188626,1.121730501911799,1.225070957301493,1.3265328642452416,1.4250019153830857,1.5193638042728876,1.6085042254903292,1.6913088740775999,1.7666634449624985,1.833453632581839,1.8905651307302294,1.9368836326291756,1.971294831262478,1.9926844201091936,2.000000000000024
0.9999999999999462,1.0031202182169674,1.012012004641239,1.0257896936114344,1.0435155179015991,1.0642517128512552,1.0870605157344475,1.111004165234925,1.1351449011920647,1.1585449645656338,1.1802665975257287,1.199372043492508,1.214923546827468,1.2259833518292096,1.2316459474761465,1.231282954128269,1.2249997841142897,1.2135049906442503,1.1976928135015943,1.1784766754586444,1.1567699987245001,1.1334862060092041,1.1095387209571679,1.0858409682217174,1.063306373453863,1.0428483633587695,1.0253803658692633,1.0118158104134598,1.0030681280717546,0.9999999999999425
-2.789804989995418e-14,0.1693362596103,0.31893578181011967,0.44485086518333483,0.547081506851415,0.6256277193776582,0.6804895245419853,0.7116669443356088,0.7191599942158335,0.7029686767149621,0.6630929731610029,0.5995328314438075,0.5122881470448747,0.4013587520463939,0.2689638527289049,0.12755442502346262,-0.0049937838899766,-0.11967947181072584,-0.21514551193893033,-0.2913920778936384,-0.34841928867231675,-0.38622720933242277,-0.4048158684157404,-0.40418527085707046,-0.3843354065369473,-0.34526625645144626,-0.2869777989321114,-0.20947001818245098,-0.11274291279508362,2.685339173175317e-14
-1.572011866694372e-14,0.25311839661705837,0.49228596207773795,0.7147125331150672,0.9203980923750101,1.1093426348993523,1.2815461650984583,1.4370086923837257,1.5757302277112915,1.6977107809876857,1.8029503595086216,1.891448969578611,1.963206627340797,2.0182233915307957,2.055983349678568,2.0739680160141205,2.06990394303154,2.043581266615248,1.9950610278422947,1.9243432225700303,1.8314278727838555,1.716314994150697,1.5790045896834466,1.4194966525651789,1.2377911707940488,1.0338881315316504,0.8077875257173409,0.559489354253617,0.28899363818978485,-1.8654046127133065e-14
5.372871211906396e-15,0.12223388210456237,0.22890112280542615,0.3168880242692497,0.38619464105767776,0.4368210186239998,0.4687671893632139,0.4820331779516398,0.47661900642190336,0.4525246977515031,0.4097502769955804,0.34829576767726933,0.26816118131350036,0.16934650059370654,0.053778752817332263,-0.06776157026665265,-0.17991016231367982,-0.2750097936288096,-0.35191410038971493,-0.4106230911694426,-0.4511367627637921,-0.4734550992138918,-0.4775780805252781,-0.4635056868053567,-0.43123789801387297,-0.38077469185266866,-0.3121160413793787,-0.22526191405557364,-0.12021227896635871,-3.727494620271134e-15
-4.5247777432549094e-14,0.0042405282975611575,0.016379104888319205,0.03531447838589103,0.05988060735232495,0.08891144144339638,0.12124092775563745,0.15570301489420396,0.1911316533873949,0.22636079469559547,0.2602243901326269,0.2915563901120037,0.3191907433003133,0.34196139434179235,0.35873847437758977,0.36870400678797943,0.37187051148940925,0.36894328739040544,0.36084305432496616,0.34851292739716744,0.33289601787378253,0.3149354365008355,0.29557429489669934,0.2757557061240333,0.2564227854731301,0.23851865178258205,0.22298642790979137,0.21076923671756456,0.20281019265549544,0.19999999999996326
-1.5245719041876548e-14,0.006406629035358006,0.025205290058859332,0.05560037334941781,0.09674947881728085,0.14781020146154675,0.207940129126917,0.27629684470422394,0.35203792821755636,0.43432095731672116,0.5223035067318469,0.6151431481845122,0.7119974524258156,0.8120239938345752,0.91437180132334,1.01812253487102,1.1222123296869175,1.2255278783710415,1.3269557536510708,1.425383579506539,1.519698980974121,1.6087895872830602,1.6915430315185371,1.7668469484643639,1.8335889731157904,1.89065674166938,1.9369378957777332,1.9713200869411707,1.9926909732033649,2.0000000000000404
0.9999999999999992,1.0032012428021646,1.012323977305751,1.0264596370262025,1.0446462044006992,1.0659216638006315,1.0893240016612349,1.11389120537772,1.1386612628342603,1.1626721624555747,1.18496189329164,1.204568444741945,1.2205298058586993,1.2318839647995425,1.2377018491170881,1.237337714122244,1.2308972908093794,1.2191067650855223,1.2028839076431792,1.1831663177172123,1.160891593772641,1.1369973347199793,1.112421140399222,1.0881006113080645,1.0649733480788621,1.0439769513863464,1.026049022931466,1.0121271669768066,1.0031489892362282,0.9999999999999256
-1.5781235306340228e-14,0.16627753255205133,0.3132089207073244,0.436924658168752,0.5374245474623823,0.6147084655489011,0.6687764168270298,0.699628443890996,0.7072645769872165,0.691684823123375,0.6528891709626284,0.5908775963470573,0.5056500492158821,0.3972064095230354,0.2677083667057241,0.12929984084864002,-0.0005222120158740899,-0.11290489918986504,-0.20651023434874644,-0.2813383462242251,-0.33738926965803595,-0.3746629966212848,-0.39315950316245085,-0.3928787545746919,-0.3738206941775376,-0.33598523824982046,-0.2793723261912646,-0.20398204369461467,-0.10981461109746464,1.2435861657670367e-14
-8.475975501777645e-15,0.25324945564071905,0.4925214795957813,0.7150212207069412,0.9207486528970399,1.1097036341983741,1.2818860375210064,1.4372957895727732,1.5759328432130506,1.697797147051979,1.8028886373843171,1.8912072661173527,1.9627530515088902,2.01752612735299,2.0550157367000064,2.0727304104959194,2.0684306593740445,2.041920547087924,1.9932629751498803,1.922457916437724,1.8295054335719765,1.7144056168715842,1.5771585233854144,1.4177641665374314,1.2362225497504058,1.0325337303727906,0.8066978734790291,0.5587151760234031,0.2885856646611869,-3.4542172960314696e-14
4.7775348154623185e-14,0.12534759347822028,0.2347337364438866,0.3249657796084758,0.39604372928436327,0.4479676362203068,0.48073752989815965,0.49435342224535583,0.488815322581012,0.46412324315516074,0.42027719524604557,0.3572771796677786,0.2751231819508844,0.173815184917314,0.05532071858752939,-0.06933938565812428,-0.18440615949817396,-0.28198944381828517,-0.36090477643417085,-0.42115218805005067,-0.4627316799462189,-0.48564323569135487,-0.4898868376052968,-0.4754624780481309,-0.4423701579695947,-0.3906098706947172,-0.3201815781841173,-0.23108522493978464,-0.12332083127385593,8.617542016561415e-15
-4.677235754909932e-14,0.004185836549159043,0.01616856822478661,0.034862481197752294,0.059117982528387535,0.08778547207673695,0.11971534911526979,0.15375801533857789,0.18876387468778819,0.2235833322634576,0.25706679339622795,0.2880646630786493,0.31542734513480314,0.3380052394306643,0.35468433774046976,0.36465749929603397,0.36793504265026067,0.36520973171986026,0.3573866565058194,0.3453929891470012,0.3301558983964314,0.3126025531693752,0.29366012375297373,0.27425578206143464,0.25531670220304487,0.2377700618191648,0.2225430430171179,0.21056282940086757,0.20275659795474027,0.19999999999996246
-2.4466975994946476e-14,0.00641196857967594,0.02522584460630393,0.05564450215092191,0.09682393548536103,0.14792013293163792,0.20808907534961182,0.2764867388654447,0.35226909699424025,0.4345921209918482,0.5226117792570683,0.6154840373943344,0.7123648604734333,0.8124102175674753,0.9147675898773397,1.0185175784556382,1.1225965310723727,1.2258923639848518,1.327293177607318,1.4256881537775739,1.5199664742567054,1.6090173242322385,1.6917298925773536,1.7669933700079692,1.8336969476012894,1.8907298176638787,1.9369811778566963,1.9713402355576253,1.9926962047261632,2.000000000000043
0.9999999999999872,1.003259154479168,1.0125469271531804,1.0269383287813358,1.0454539551275364,1.0671144043018748,1.0909402763687104,1.1159521721851102,1.141170692981375,1.1656164404742424,1.1883100170109575,1.2082720253515236,1.2245230679999275,1.2360837464109562,1.2420081714097806,1.2416387449741917,1.235082740938579,1.2230793618245122,1.2065630278970048,1.1864883704457454,1.163810020021178,1.1394826076790034,1.1144607654273584,1.0896991259315558,1.066152321987362,1.0447749864472937,1.026521753229381,1.01234725889023,1.0032061418200104,0.9999999999999335
-1.603565789419971e-14,0.16424040648290533,0.30939555787000245,0.4316479755386409,0.5309974638068079,0.6074439469175295,0.6609874579864661,0.6916280498472162,0.6993657570365471,0.6842005921183416,0.6461325533253737,0.5851616286728316,0.5012877777824204,0.3945108677277641,0.2669584832463061,0.13058844949170031,0.002640366674002154,-0.10815608437245426,-0.20048078244601983,-0.27433385340605165,-0.3297153191400351,-0.3666251589453326,-0.3850633420987319,-0.38502983298255944,-0.36652457641714387,-0.3295474864412991,-0.2740984840155615,-0.20017761496267278,-0.10778508133960658,1.0971262507755386e-14
-1.5299270246831965e-14,0.2536148447643353,0.49321698886579285,0.7160045492054391,0.9219774797048346,1.1111356230067937,1.283478853072337,1.439007102505957,1.5777203279357817,1.6996184791462727,1.8047014945778126,1.8929693329049513,1.9644220219993054,2.01905969898265,2.056374728599009,2.0738929619777027,2.0693997191539446,2.042711561456302,1.9938932675373362,1.9229447892830105,1.8298661684562854,1.7146574863932902,1.5773188010913224,1.4178501296423496,1.236251477398584,1.032522900921132,0.806664562108542,0.5586766575844895,0.2885592130768415,-3.597398913209656e-14
3.7565484910314154e-14,0.12769094342747253,0.23912223131916158,0.33104165597164004,0.4034492429698192,0.4563450436841635,0.48972908406290905,0.5036013731316841,0.49796191853515226,0.4728107320552787,0.4281478256779464,0.3639732020281871,0.28028684798225273,0.1770887354036537,0.05638166620996094,-0.0706126392231847,-0.18783997735933253,-0.28725699584881464,-0.36765567037189734,-0.4290360327237576,-0.4713980827740838,-0.4947418032369901,-0.49906717626720387,-0.48437419433052936,-0.45066285833454367,-0.3979331609949634,-0.3261850634687913,-0.23541850703369316,-0.1256334981518575,3.3115712032129473e-15
-3.968292952694074e-14,0.004146469873424933,0.016017018207492094,0.034537106302538104,0.05856897304659578,0.08697485036818069,0.1186169700291995,0.15235756631847627,0.18705887568620802,0.22158313564780246,0.2547925839220004,0.2855494579272213,0.3127159939488346,0.3351544241625117,0.35176216262644505,0.361739982136788,0.3650968519188418,0.36251659050510177,0.3548930086047813,0.34314175840683075,0.32817848872108624,0.31091884854714347,0.29227848827303865,0.273173059861066,0.2545182173245689,0.23722961803232698,0.22222292387229,0.21041379874221133,0.2027179002708198,0.19999999999996798
-1.72566866537396e-14,0.0064158853714626615,0.025240925380824238,0.05567688231785177,0.09687857221641075,0.14800080522701528,0.20819838416530193,0.2766261071974705,0.3524387699187387,0.43479116571392196,0.5228380851986687,0.615734316327639,0.712634646677277,0.8126938679315476,0.9150583249993333,1.0188078335205375,1.1228788794232896,1.226160270601649,1.3275412297342504,1.4259120846101712,1.5201631627653842,1.6091847949533242,1.6918673154634079,1.7671010604017356,1.8337763663535132,1.890783571202143,1.9370130179891112,1.9713550592503404,1.9927000542202267,2.0000000000000315
0.9999999999999866,1.0033002386949879,1.0127050920422038,1.0272779128086686,1.0460269529776378,1.0679604666339488,1.0920867096523914,1.1174139386929551,1.1429504108638109,1.1677043838591343,1.190684116123325,1.210897866676664,1.227353894540355,1.2390604581281393,1.2450597445557916,1.244685843157727,1.2380473282551672,1.2258927021811141,1.2091681695901733,1.1888404050612662,1.1658760828375256,1.1412418778547777,1.115904466107881,1.0908305243393772,1.066986729535286,1.0453397588218984,1.0268562903202025,1.0125030045543204,1.0032465836348803,0.9999999999999446
-1.3529947488508491e-14,0.16260324340388224,0.3063287143399647,0.427400411937063,0.5258181362401467,0.6015818211490515,0.6546915053761638,0.6851472411786711,0.6929490608624276,0.6780969756746985,0.6405909840905596,0.580431075169455,0.49761720858135133,0.3921492434171925,0.26612904862264186,0.13137125133262315,0.004911723540631274,-0.10462123989287393,-0.19592266490861326,-0.26899267707404867,-0.3238312979585501,-0.360438506225915,-0.3788142713791786,-0.3789585597723572,-0.36087131994204114,-0.3245524684524328,-0.2700019201393524,-0.19721970907986588,-0.10620603851708918,9.017942383342033e-15
-9.86092890484552e-15,0.2536240982031414,0.49322394900495636,0.715995294410299,0.9219380873053393,1.111052173012476,1.2833374277961267,1.4387937854226613,1.5774212032680992,1.6992196324578859,1.8041890136735388,1.8923293087107982,1.9636405481738044,2.0181228706219785,2.055271385541762,2.072626974961358,2.067995508021403,2.041203190102337,1.9923161815739336,1.9213344323405805,1.8282579798166516,1.7130869014977093,1.5758212533796294,1.4164610537088336,1.2350063106416553,1.0314570794764553,0.8058135165131063,0.5580758164805639,0.28824401141287254,-2.707564770917747e-14
3.0979083120576965e-14,0.12922933228499384,0.24200315293862085,0.33503008572682513,0.4083101528880236,0.46184340088567283,0.4956298540671241,0.5096695223956402,0.503962415346812,0.4785085468360901,0.4333079315506959,0.3683605760484169,0.28366647387957517,0.1792256080785318,0.05706469902657501,-0.07146007516965962,-0.19010103624170066,-0.290717140150504,-0.3720855910559824,-0.4342064088243616,-0.4770795881363935,-0.5007051090637,-0.505082951992939,-0.4902131073783358,-0.45609557380426763,-0.4027303435497077,-0.3301173811187736,-0.2382566332633672,-0.12714811017438812,8.370318206770478e-16
-3.278661348935198e-14,0.004118017051236234,0.015907483582146636,0.034301934611664454,0.0581721574042427,0.08638893377144276,0.11782304619802048,0.1513452798691083,0.18582642215392342,0.22013726164009628,0.2531485874651719,0.2837311889146414,0.31075585451321025,0.3330933687621945,0.34964940326102006,0.3596304654280846,0.3630445859811871,0.3605691292420019,0.3530897478034344,0.3415137592385854,0.3267484778262767,0.30970121841144505,0.29127929768384,0.27239003421053,0.25394074863795435,0.23683876477828725,0.22199141091614363,0.2103060181785202,0.2026899132972324,0.19999999999997586
-2.44555036197063e-14,0.006418730155238562,0.02525187576900364,0.05570039154301506,0.09691823874011664,0.14805937238957956,0.20827774011031877,0.27672728494889437,0.35256194742446784,0.43493566582880877,0.523002375702619,0.6159160101080475,0.7128305020807767,0.8128997890848069,0.915269391553777,1.0190185542985535,1.123083861212194,1.226354767072279,1.327721310402171,1.4260746518865701,1.5203059512329182,1.6093063708083066,1.691967076344754,1.7671792354773266,1.8338340164813796,1.89082258905404,1.9370361280180457,1.971365817395273,1.9927028475142374,2.000000000000034
0.9999999999999895,1.00332959363149,1.0128181001497474,1.0275205408887917,1.0464363468216487,1.068564951035989,1.092905788401595,1.1184582945957995,1.1442219057820047,1.1691960587658723,1.1923801911896192,1.2127737413996722,1.2293761479075256,1.2411868487080313,1.2472395112487096,1.2468622983902327,1.2401647477346573,1.2279020181839337,1.2110287304141119,1.1905201573992914,1.167351571936201,1.1424982476680186,1.116935459425064,1.0916384828872228,1.0675825940719932,1.0457430692499847,1.0270951857922512,1.0126142234576518,1.0032754634758514,0.9999999999999549
-1.0286327303904492e-14,0.16158670981644702,0.30442619018250683,0.42476848577891946,0.5226134221676514,0.597960959744419,0.6508111456049435,0.6811640325684942,0.689019654193054,0.6743780267839417,0.6372391572347436,0.5776030433478049,0.4954696503624673,0.3908388335589818,0.26579613202340324,0.13206534645939066,0.006552600066997214,-0.10217880659330822,-0.19283365002324157,-0.2654120578701463,-0.3199140466047845,-0.35633958577169556,-0.374688636653554,-0.3749611621352397,-0.3571571129202673,-0.32127640981098904,-0.26731896236248726,-0.19528477438277334,-0.10517401398956565,4.630135834203428e-15
-1.4884441685587206e-14,0.25388623992831466,0.49372569436372143,0.7167096312774542,0.9228379970496876,1.1121106319532768,1.2845274130522464,1.4400882756268718,1.57879317714491,1.7006420682666046,1.8056348913272753,1.8937716137508025,1.9650522737656568,2.019477014102746,2.0565424145043574,2.0737977226472877,2.069061476113815,2.0421667357272546,1.993180740264782,1.9221034269892423,1.8289348191736066,1.7136749870632435,1.5763239865106673,1.4168818387232451,1.2353485550221424,1.031724192151791,0.8060089031383949,0.5582028753156204,0.28830613310669995,-2.929733341164014e-14
2.774377310876067e-14,0.1304547274582423,0.24429788665025606,0.3382069165485168,0.41218184135842223,0.46622270712081315,0.5003295383707485,0.5145023457072688,0.508741139514887,0.48304593509193516,0.4374167492423035,0.37185359153392994,0.28635645883649663,0.180925333081242,0.05760609700741805,-0.07213741669818087,-0.19190342909166827,-0.2934736788496055,-0.3756137629054815,-0.4383236983414989,-0.48160347658461333,-0.5054530748659404,-0.5098724712990322,-0.49486165447539415,-0.4604206209663667,-0.40654936059564745,-0.3332478366046521,-0.2405159977192084,-0.1283538551659479,-1.7900424613559483e-15
