1.0927982866278968e-10,2.932253824769635e-11,2.944314108852476e-11,2.956390797457233e-11,2.968464871863423e-11,2.980529945406132e-11,2.9925846688824606e-11,3.004629423198454e-11,3.016665025523586e-11,3.028691986540615e-11,3.0407109069377286e-11,3.052722386118746e-11,3.06472696625853e-11,3.0767251307900907e-11,3.0887173263568177e-11,3.100703985707339e-11,3.112685540695033e-11,3.124662454188233e-11,3.136635269850063e-11,3.148604666505334e-11,3.16057154030698e-11,3.1725368626815876e-11,3.184502141870896e-11,3.196468800488332e-11,3.2084370276322317e-11,3.220403952813842e-11,3.2323619328929456e-11,3.244305746832045e-11,3.256250463411302e-11
2.396650168343814e-9,5.770797238422559e-10,5.792804790959692e-10,5.814865628883965e-10,5.836967247380097e-10,5.859160972360387e-10,5.881543564332735e-10,5.904422706288085e-10,5.929885542837571e-10,5.949280092460493e-10,5.925010777138496e-10,5.939790301677843e-10,5.928846119954655e-10,5.93452375447365e-10,5.932646583595819e-10,5.93077043886651e-10,5.936448132790866e-10,5.925504175458918e-10,5.940285216009148e-10,5.916015682917417e-10,5.935413971434373e-10,5.960879863451988e-10,5.983762702652652e-10,6.006148289409973e-10,6.028339802353003e-10,6.050425031721082e-10,6.072439073090692e-10,6.094406471007015e-10,6.116366987529629e-10
-2.9611340699289615e-10,-7.263805266385019e-11,-7.263816798236814e-11,-7.263826702892844e-11,-7.263836202659473e-11,-7.263845895184384e-11,-7.263855999938095e-11,-7.263866530376957e-11,-7.263877412654838e-11,-7.2638885556233e-11,-7.26389987897704e-11,-7.263911320147005e-11,-7.263922833451702e-11,-7.26393438611824e-11,-7.26394595446447e-11,-7.26395752074604e-11,-7.263969071003927e-11,-7.263980593998578e-11,-7.263992081310076e-11,-7.264003528308549e-11,-7.264014935993642e-11,-7.264026312980415e-11,-7.264037676804731e-11,-7.264049054376711e-11,-7.264060490316476e-11,-7.264072067320991e-11,-7.264083872143166e-11,-7.264095831491681e-11,-7.264107439564701e-11
1.3401234345822122e-10,3.3255819422236884e-11,3.0600162293793964e-11,2.794345555208613e-11,2.528621921309746e-11,2.2628525850441754e-11,1.9970346616741463e-11,1.7311645882806595e-11,1.4652394491571096e-11,1.1992623331543324e-11,9.332388029978722e-12,6.671711482065662e-12,4.010612886230415e-12,1.3491098752403766e-12,-1.312780184079617e-12,-3.975041295366591e-12,-6.637658451918713e-12,-9.300617259303322e-12,-1.1963905040160592e-11,-1.462750950842216e-11,-1.729141651711058e-11,-1.9955580579006288e-11,-2.2619981889031137e-11,-2.52846602434536e-11,-2.7949659773335783e-11,-3.0615017603967856e-11,-3.3280695446370505e-11,-3.594637858757513e-11,-3.861155035134831e-11
1.6268202914875865e-9,3.513778214707112e-10,3.0023170584631216e-10,2.489820107505812e-10,1.9758901324764617e-10,1.4596747320799497e-10,9.39080726166355e-11,4.0702655600027485e-11,-1.8489386447854395e-11,-6.359575365620324e-11,-7.396016134262012e-12,-4.178523384199897e-11,-1.6492451332313202e-11,-2.9760393835078394e-11,-2.5500238681780282e-11,-2.124234942092335e-11,-3.4510041533530464e-11,-9.21697176153771e-12,-4.360819372344601e-11,1.2594745113370319e-11,-3.251577916023534e-11,-9.170869404960193e-11,-1.449167974731746e-10,-1.9698232028450176e-10,-2.486126600807631e-10,-3.000162715102708e-10,-3.512767838649611e-10,-4.0243402026395974e-10,-4.535332977966547e-10
6.8698725654919054e-9,1.68524564216681e-9,1.685245862216824e-9,1.6852459216786621e-9,1.6852458967933077e-9,1.6852458273926109e-9,1.6852457376439733e-9,1.6852456422399414e-9,1.6852455495947487e-9,1.6852454642615981e-9,1.6852453885835852e-9,1.6852453236740778e-9,1.6852452699915745e-9,1.6852452276449895e-9,1.6852451965470128e-9,1.6852451764836651e-9,1.6852451671397572e-9,1.6852451681006994e-9,1.6852451788482717e-9,1.6852451987651927e-9,1.6852452271670015e-9,1.6852452633841594e-9,1.6852453069797964e-9,1.6852453581379542e-9,1.685245418439279e-9,1.6852454935123852e-9,1.6852455976172672e-9,1.685245759419565e-9,1.6852460605229779e-9
-1.4504858733865133e-11,-2.200313441901768e-12,-1.7718860120407077e-12,-1.4020690145168571e-12,-1.0834490290175044e-12,-8.385035277489457e-13,-6.581528695106894e-13,-5.169246724529928e-13,-3.907944179253485e-13,-2.646120204321257e-13,-1.3180327360644788e-13,9.59544682067362e-15,1.6029692285423836e-13,3.212658962866653e-13,4.938573420080945e-13,6.79071747351062e-13,8.763717366013479e-13,1.0825529176099015e-12,1.2914565215378966e-12,1.4958471658290812e-12,1.6931252935016951e-12,1.8952879541948713e-12,2.1382660036354463e-12,2.4802091498560434e-12,2.9746169607789316e-12,3.626722523170856e-12,4.371856221649979e-12,5.123692417188128e-12,6.230723904048664e-12
1.315806532820308e-11,3.2831763715064112e-12,3.3156691908497144e-12,3.350776891593759e-12,3.3878491966271847e-12,3.4257044000124654e-12,3.4632058854255823e-12,3.4990624749526028e-12,3.5315644779286363e-12,3.5582461074421786e-12,3.5761073076409794e-12,3.5826627184486863e-12,3.576294422478253e-12,3.556100887973167e-12,3.521829115229187e-12,3.473861044694405e-12,3.413207279009479e-12,3.341427902018859e-12,3.2603750354051233e-12,3.1716651884061295e-12,3.075912585242263e-12,2.972236059677964e-12,2.857483844222752e-12,2.7262946970026472e-12,2.573103477409326e-12,2.393186765428505e-12,2.177433897888976e-12,1.898625938766264e-12,1.4698564396041856e-12
-3.0080383297739833e-12,-7.417972572074217e-13,-7.438538756561756e-13,-7.460360680999781e-13,-7.545487991614138e-13,-7.691845643022984e-13,-7.877786631979849e-13,-8.081253715047389e-13,-8.285842582351774e-13,-8.481464831535829e-13,-8.663224085956403e-13,-8.829964394167282e-13,-8.982918642328046e-13,-9.124592629571458e-13,-9.257928524187436e-13,-9.385710748100392e-13,-9.510170878928513e-13,-9.632770459390138e-13,-9.754157686549775e-13,-9.874287182277427e-13,-9.99265539142615e-13,-1.0108558631438477e-12,-1.0221333869265368e-12,-1.0330499090862105e-12,-1.0436122279328162e-12,-1.0540569672015675e-12,-1.0653329315486957e-12,-1.0798653094514192e-12,-1.1030957442425883e-12
6.298962913113131e-13,2.87942789595029e-13,3.9591679543698287e-13,4.321169899739281e-13,4.123582528766414e-13,3.675595592290316e-13,3.184350123749828e-13,2.7427702506479496e-13,2.3802806172053403e-13,2.0606225848618936e-13,1.74278817324721e-13,1.4282556125321967e-13,1.118133567696434e-13,8.115152784975928e-14,5.0688452941022263e-14,2.0382997052017703e-14,-9.50032873389259e-15,-3.8182345206163486e-14,-6.4162859475106e-14,-8.50677066064332e-14,-9.798407667890088e-14,-1.0434997050021427e-13,-1.0726852500353325e-13,-1.1003936371345488e-13,-1.2410927058982487e-13,-1.7241007843047715e-13,-2.849491500957837e-13,-4.848278405446536e-13,-8.175852631096731e-13
1.4145635354361659e-11,3.1526907385036653e-12,2.9159048515448257e-12,2.6922654756158723e-12,2.472719690224958e-12,2.2537330072414085e-12,2.032083397047681e-12,1.8026636712463974e-12,1.5569310836042953e-12,1.2884997634292224e-12,1.0023794031977666e-12,7.084104608103644e-13,4.1227996187970584e-13,1.1654430546376434e-13,-1.7826758089983376e-13,-4.726452329622076e-13,-7.671740060765052e-13,-1.061623198688779e-12,-1.3539374640920793e-12,-1.6390408080779665e-12,-1.9075847702056028e-12,-2.1547107937846576e-12,-2.386190946262197e-12,-2.6087570392752792e-12,-2.8243656676338298e-12,-3.03153314536758e-12,-3.225761386624665e-12,-3.3986749983026534e-12,-3.5332974927289197e-12
8.33305952129125e-11,2.1551281405489732e-11,2.1756769081147065e-11,2.1842507711622888e-11,2.187386041125154e-11,2.188181984759471e-11,2.1880963608765556e-11,2.1877801055975286e-11,2.187492102320443e-11,2.187308445523543e-11,2.1872283237005774e-11,2.1872282899160865e-11,2.1872864386203322e-11,2.1873874765906813e-11,2.1875211627538298e-11,2.187679874587521e-11,2.187856289925111e-11,2.1880413309875786e-11,2.1882232166199712e-11,2.1883886111025352e-11,2.1885245804252936e-11,2.1886190823119837e-11,2.188665904577516e-11,2.1886753449748404e-11,2.188694898324519e-11,2.1888473838518033e-11,2.1893473061489517e-11,2.190344582674085e-11,2.1914413242252664e-11
2.450809274583082e-12,-3.4097560472099735e-13,-9.998389172505361e-13,-1.2935290168079335e-12,-1.4780280005130715e-12,-1.587484953699233e-12,-1.5928457789996972e-12,-1.4942676109646206e-12,-1.316618851606308e-12,-1.0886069202168994e-12,-8.324635591392156e-13,-5.628334366985752e-13,-2.8902452995604537e-13,-1.7225519007401615e-14,2.482727161884218e-13,5.046381657397406e-13,7.502158407966521e-13,9.835896842948206e-13,1.2010625513526895e-12,1.3919497181850564e-12,1.5327464212789683e-12,1.5851923710590086e-12,1.5085363000236296e-12,1.2969192206338387e-12,1.0367026838024574e-12,9.2501456814156e-13,1.0776806624513828e-12,1.1263550463257047e-12,9.85415138422585e-13
2.596500546813427e-11,6.512260730069531e-12,6.523276676629955e-12,6.5328178096126945e-12,6.5409044402578685e-12,6.547027724908415e-12,6.550569539756297e-12,6.550986050615201e-12,6.5478508373897304e-12,6.54083880743611e-12,6.529704535195356e-12,6.514287139157292e-12,6.494552850355203e-12,6.470676032697262e-12,6.443156556838798e-12,6.412968301397831e-12,6.3817232499781535e-12,6.351812266053948e-12,6.326443738824627e-12,6.309449786735619e-12,6.304693180509262e-12,6.314955986596517e-12,6.340453332662848e-12,6.377752263697164e-12,6.420873538477335e-12,6.46692836488669e-12,6.526190074789479e-12,6.627449578888468e-12,6.797847497921006e-12
-8.26849433913013e-12,-2.9073400144630293e-12,-2.9123773659791163e-12,-2.9245033519936727e-12,-2.941683619444143e-12,-2.9623518185548284e-12,-2.985479557906076e-12,-3.0103432562815657e-12,-3.0363635995890615e-12,-3.0630622256524736e-12,-3.0900658535684257e-12,-3.1171083642531884e-12,-3.1440170951474396e-12,-3.170686612875232e-12,-3.1970465211211534e-12,-3.2230283998384846e-12,-3.248535514801211e-12,-3.273419031174141e-12,-3.2974663249099686e-12,-3.320409895120347e-12,-3.341966857205423e-12,-3.361912586832216e-12,-3.3801654674127706e-12,-3.3968039664002875e-12,-3.411894017388272e-12,-3.4251309551556937e-12,-3.435640678038272e-12,-3.442281564808618e-12,-3.4430945916817965e-12
1.2389495312225526e-12,1.418840979659302e-13,2.0181268255783304e-13,2.1750595097797097e-13,2.1757795083532193e-13,2.1450327344451272e-13,2.088624490157323e-13,1.991930858327311e-13,1.8477907004181402e-13,1.6523256716651518e-13,1.398551636793121e-13,1.0755393091521656e-13,6.710956014258412e-14,1.74997724906525e-14,-4.186948444296484e-14,-1.1105462488881316e-13,-1.8957054034741379e-13,-2.764707610617682e-13,-3.7048635136500627e-13,-4.701598272089928e-13,-5.738118099147111e-13,-6.790607949604728e-13,-7.817556380480061e-13,-8.752260654188696e-13,-9.528968552944064e-13,-1.0170906728218433e-12,-1.0854959490376417e-12,-1.1621372191891212e-12,-1.1935515394313651e-12
3.076091310233228e-11,7.1580594403979505e-12,6.577446583716568e-12,5.996791013373181e-12,5.416082028843195e-12,4.835301310885247e-12,4.25443493922521e-12,3.673605300506346e-12,3.0930316382585633e-12,2.512992360297651e-12,1.9337901406408763e-12,1.355719752243719e-12,7.790425095917971e-13,2.0396776624087569e-13,-3.6936090181730916e-13,-9.408767547493581e-13,-1.5105971270929788e-12,-2.0786215066663317e-12,-2.6451123050194317e-12,-3.210255909490368e-12,-3.774227298422772e-12,-4.3372264179217125e-12,-4.899659245269197e-12,-5.4623588185522995e-12,-6.0263721036258916e-12,-6.59194433486074e-12,-7.157883664493502e-12,-7.724982157268149e-12,-8.29763186144238e-12
1.6658053226003408e-10,3.984802972207399e-11,3.990683000018171e-11,3.996860613076074e-11,4.004006173006575e-11,4.012155462606119e-11,4.021158374417461e-11,4.030847396785144e-11,4.0410731343390274e-11,4.0517075306713696e-11,4.062643607332306e-11,4.07379539036381e-11,4.085097351632647e-11,4.0965031301287164e-11,4.1079837966022696e-11,4.11952594899884e-11,4.1311297360804845e-11,4.1428066752013406e-11,4.154576924185527e-11,4.166465536327295e-11,4.178497387355169e-11,4.190691475000841e-11,4.203057840900742e-11,4.215603359570227e-11,4.2283484074085265e-11,4.241328407497308e-11,4.254498863839833e-11,4.267358966123535e-11,4.2774349814442317e-11
-1.533150859435192e-12,-6.460378599875162e-13,-7.636669546580104e-13,-7.722347131512202e-13,-7.525622698231771e-13,-7.325282733443709e-13,-7.055640075054571e-13,-6.645814659970804e-13,-6.088017361819676e-13,-5.410461602109675e-13,-4.649461246034295e-13,-3.836399594148586e-13,-2.9945406696247323e-13,-2.140048325305616e-13,-1.2842504082698502e-13,-4.3617244270231193e-14,3.9461472846843504e-14,1.1944272048152088e-13,1.9409647436456475e-13,2.598697315658316e-13,3.117593828060224e-13,3.4436862735396866e-13,3.556177511910003e-13,3.542173481329984e-13,3.6713875638676523e-13,4.2715716128515703e-13,5.001573931529065e-13,4.4059140343091187e-13,3.852670723290288e-13
1.1200609923789695e-12,2.6918681952517276e-13,2.6669151146554326e-13,2.6354746306930057e-13,2.598118996111683e-13,2.555103658687888e-13,2.5059501662679596e-13,2.449531251903324e-13,2.384427354351994e-13,2.309229698231532e-13,2.2227431472423473e-13,2.1241446996135426e-13,2.0131441453985167e-13,1.8901653821387896e-13,1.7565436879927635e-13,1.6147077388472184e-13,1.4682756514624892e-13,1.3219380106673489e-13,1.1809369322993838e-13,1.0499138707758747e-13,9.309773395937291e-14,8.212203264399097e-14,7.109326738213984e-14,5.857560282051455e-14,4.381410883653174e-14,2.9078603191295986e-14,2.2038031789696105e-14,3.531524198125856e-14,7.89799344502401e-14
-1.3272854156183455e-13,-2.8638316999125896e-14,-2.8352363573576442e-14,-2.977187119064648e-14,-3.235368949333713e-14,-3.5743942946546436e-14,-3.973051580992099e-14,-4.417321219284364e-14,-4.8953611174900184e-14,-5.396050291364055e-14,-5.909364668887159e-14,-6.426951790055922e-14,-6.942285297282997e-14,-7.45040427357847e-14,-7.94742721936734e-14,-8.430021245304887e-14,-8.894963854177593e-14,-9.338912746997697e-14,-9.758505022542244e-14,-1.0150912575293637e-13,-1.051490479785971e-13,-1.0852143261918963e-13,-1.1167613207190164e-13,-1.146689414947524e-13,-1.1748230175797424e-13,-1.199263868877465e-13,-1.216184580748317e-13,-1.2202575653329324e-13,-1.199248090338064e-13
-4.4661380619531023e-13,-4.50201346996004e-14,7.32030178342016e-15,4.3607010801533386e-14,6.803716194613403e-14,8.48852217678721e-14,9.631427753224406e-14,1.0353477231317457e-13,1.0745577802182654e-13,1.0885996215266773e-13,1.0839194586836225e-13,1.0653964083969503e-13,1.0364967330171597e-13,9.996241156257781e-14,9.564642645548767e-14,9.082013575458946e-14,8.55548272084246e-14,7.985710825562431e-14,7.363514170166594e-14,6.666836956680054e-14,5.862512432558474e-14,4.9181529471134914e-14,3.8213878268446164e-14,2.5783603950715952e-14,1.1400008451214577e-14,-7.310307546025762e-15,-3.403300723488495e-14,-6.634549559561756e-14,-9.298156845821716e-14
9.562831892050618e-13,2.0582050431488632e-13,1.8548450659096884e-13,1.6617800475631183e-13,1.4750803151176191e-13,1.2936782635542847e-13,1.1167518317249004e-13,9.434792245599344e-14,7.728550419703973e-14,6.038210041381413e-14,4.3546085553955375e-14,2.6710528639426173e-14,9.833512305193846e-15,-7.106797680915878e-15,-2.4117034782322037e-14,-4.1189445836568485e-14,-5.829575697494318e-14,-7.537262279544936e-14,-9.230042610649913e-14,-1.0888382289812371e-13,-1.2485101747558933e-13,-1.398896624371824e-13,-1.5371233287434593e-13,-1.6609537101656643e-13,-1.7684230617086738e-13,-1.8578385156157992e-13,-1.9294940944170372e-13,-1.9897472542819096e-13,-2.06291424568547e-13
6.309423264912426e-12,1.4990455288134727e-12,1.4899936535888956e-12,1.4799905983266263e-12,1.4706747319704375e-12,1.4625971554581059e-12,1.4558480037839841e-12,1.4503723023560143e-12,1.4460572722208473e-12,1.442760507789396e-12,1.4403305905817518e-12,1.4386245585305771e-12,1.4375193945712778e-12,1.43691723539839e-12,1.4367459682698594e-12,1.4369571002528805e-12,1.437522187484788e-12,1.4384283932713042e-12,1.4396732622935087e-12,1.4412588217228915e-12,1.4431861274176244e-12,1.445453871656928e-12,1.4480678932576521e-12,1.4510668331585823e-12,1.454545638957401e-12,1.4585885240991213e-12,1.4629022530506417e-12,1.4654227627213017e-12,1.4562220976484918e-12
-8.305067759195371e-13,-3.82217819810264e-13,-4.504858784112035e-13,-4.5371110316612707e-13,-4.397357744869428e-13,-4.2558231632106296e-13,-4.075205054110211e-13,-3.8131012272749806e-13,-3.4642274278800477e-13,-3.0448730837599656e-13,-2.5763633642240137e-13,-2.0772413060383309e-13,-1.561300256841634e-13,-1.0381432559985526e-13,-5.145067955620677e-14,4.2409450588528696e-16,5.124135934131694e-14,1.0019039587070882e-13,1.4595505159619758e-13,1.86447063234287e-13,2.187404146503458e-13,2.3970882695237185e-13,2.482340269969463e-13,2.4961374124331435e-13,2.598373010113393e-13,2.978092372735807e-13,3.422197096554363e-13,3.074602983409343e-13,2.786886720871593e-13
1.7631136920691305e-12,4.3170409319953913e-13,4.31316887341497e-13,4.3054434688179994e-13,4.2941528198095357e-13,4.2794090890972344e-13,4.2608897240219367e-13,4.237884181377092e-13,4.2095033952367044e-13,4.1748594415476774e-13,4.133186583058465e-13,4.0839359243341023e-13,4.0268712140375063e-13,3.9621766107763165e-13,3.8905738556893123e-13,3.8134305751614085e-13,3.7328185450329077e-13,3.6514475818283237e-13,3.5723633921043054e-13,3.498276570048654e-13,3.4304365682418584e-13,3.367188633560064e-13,3.302951946824432e-13,3.2295311813634855e-13,3.142870354705417e-13,3.056709432896061e-13,3.016336896508617e-13,3.096090255618748e-13,3.353310348580342e-13
-4.0009161726014264e-13,-9.30819608284389e-14,-9.293689933890113e-14,-9.382695761775598e-14,-9.542315552311799e-14,-9.75105614364965e-14,-9.995972108712436e-14,-1.0268485586672916e-13,-1.0561371928229554e-13,-1.0867868487050487e-13,-1.1181892054035984e-13,-1.1498385105515423e-13,-1.1813410807170682e-13,-1.212399643593368e-13,-1.24278382279452e-13,-1.2722978090943118e-13,-1.3007534681709837e-13,-1.3279558349819413e-13,-1.3537082683057334e-13,-1.3778447708000326e-13,-1.4002923458063417e-13,-1.4211465906898008e-13,-1.4406948094273152e-13,-1.4592511095238283e-13,-1.4766886802649428e-13,-1.4918673750226233e-13,-1.5025200107074848e-13,-1.5054859276053085e-13,-1.4935339413117138e-13
-1.2543959142344862e-13,2.3442066438941768e-14,5.3373651504574566e-14,7.34231104778547e-14,8.605297769800446e-14,9.38698822846292e-14,9.826119756413934e-14,1.000279550277598e-13,9.976163860132788e-14,9.7955981200471e-14,9.500970937382321e-14,9.122197060131396e-14,8.680499725699888e-14,8.190660114716587e-14,7.663134205827381e-14,7.105343455300872e-14,6.521801962437892e-14,5.91296700594697e-14,5.273086850945316e-14,4.588242272546643e-14,3.837221211705533e-14,2.998311860797955e-14,2.0602153261239568e-14,1.0206292943066427e-14,-1.5661095772167922e-15,-1.6161186828439923e-14,-3.571502104846471e-14,-5.874585957704274e-14,-7.87891601597039e-14
1.898978102147168e-12,4.2270130391294593e-13,3.862119299951818e-13,3.5035704163756367e-13,3.148961869693632e-13,2.7976280223820545e-13,2.4490831929978446e-13,2.1028411390264956e-13,1.7582915513356193e-13,1.4147775147307602e-13,1.0717188018595812e-13,7.286822810615535e-14,3.8538875451905646e-14,4.168564429515183e-15,-3.024810807417343e-14,-6.470698076287185e-14,-9.919028301599644e-14,-1.3365739510254044e-13,-1.6803169587068365e-13,-2.021888633587022e-13,-2.3595706817756503e-13,-2.691395311895476e-13,-3.0155435558030647e-13,-3.3305765907120223e-13,-3.6352257846492213e-13,-3.928422349326667e-13,-4.2103190364529455e-13,-4.484451178437553e-13,-4.764453135193721e-13
1.1356090845702561e-11,2.7578809259148715e-12,2.7515765831786876e-12,2.744875267343319e-12,2.738698389865367e-12,2.7333379710196854e-12,2.7288241182238463e-12,2.7251093991175045e-12,2.7221176770878685e-12,2.719758393704011e-12,2.717937270854409e-12,2.7165659499405336e-12,2.715568552538735e-12,2.7148847103535925e-12,2.7144699091402975e-12,2.7142942107641103e-12,2.714340102225681e-12,2.71459980922277e-12,2.7150721249145363e-12,2.7157588365597584e-12,2.716661447214307e-12,2.717780402162004e-12,2.7191208989664067e-12,2.7207082084370013e-12,2.722601014244892e-12,2.724849730896684e-12,2.7272767613436554e-12,2.7286498676661937e-12,2.723097763608272e-12
-8.304169067619821e-13,-3.8217851825650326e-13,-4.5043915004889313e-13,-4.536640296554003e-13,-4.396902280194856e-13,-4.255383149383698e-13,-4.0747847456969596e-13,-3.8127095028628834e-13,-3.4638737443312415e-13,-3.044565127111664e-13,-2.5761064964471737e-13,-2.0770388689586143e-13,-1.5611540863489622e-13,-1.0380541442470425e-13,-5.1447479911492644e-14,4.2163532298900076e-16,5.123335604418196e-14,1.0017705214726461e-13,1.459367141735074e-13,1.8642430666186682e-13,2.1871413264998821e-13,2.39680253926779e-13,2.482045188193138e-13,2.4958407604254374e-13,2.598065138718959e-13,2.9777430373648046e-13,3.4217992817122035e-13,3.074242954079323e-13,2.7865578806556014e-13
1.7629246934228888e-12,4.3164357975850497e-13,4.31256363105147e-13,4.3048385386606043e-13,4.293548587144388e-13,4.278805931858645e-13,4.260288052890895e-13,4.237284482477859e-13,4.20890625257346e-13,4.174265541984061e-13,4.132596689121899e-13,4.083350864241361e-13,4.0262918363326234e-13,3.961603754437271e-13,3.8900082668870657e-13,3.8128728617084635e-13,3.7322690824858756e-13,3.650906452503095e-13,3.5718303494127246e-13,3.4977510647662497e-13,3.4299179200256936e-13,3.3666763389578183e-13,3.3024461092075136e-13,3.229032803098793e-13,3.1423808757815694e-13,3.05622879850738e-13,3.015860115959511e-13,3.0956042399038945e-13,3.3527957731457724e-13
-4.0004931331816857e-13,-9.306803465838624e-14,-9.292298728884111e-14,-9.381294597004061e-14,-9.540896629610035e-14,-9.749614078503968e-14,-9.994502876145472e-14,-1.0266986140479809e-13,-1.0559839981081498e-13,-1.0866302488383005e-13,-1.1180291144092065e-13,-1.149674894782629e-13,-1.1811739570023025e-13,-1.2122290554393246e-13,-1.2426098419869585e-13,-1.2721205308903904e-13,-1.3005730062386014e-13,-1.3277723276926084e-13,-1.3535218779692972e-13,-1.3776556788631398e-13,-1.400100740595948e-13,-1.4209526514775403e-13,-1.4404986846346384e-13,-1.4590529132881528e-13,-1.4764885406992862e-13,-1.491665544368361e-13,-1.5023169875682613e-13,-1.5052825550405683e-13,-1.4933318617821812e-13
-1.2542203620402502e-13,2.3441554896165366e-14,5.3370072879618453e-14,7.341754120929445e-14,8.604622434139639e-14,9.386246873401757e-14,9.825349655391325e-14,1.0002025235654566e-13,9.975415485498619e-14,9.794888399701807e-14,9.500312246443697e-14,9.121598582600573e-14,8.679968328043278e-14,8.190201033549057e-14,7.662751625159091e-14,7.105040677290544e-14,6.52158184222742e-14,5.912832320816517e-14,5.273041020330324e-14,4.588290219535691e-14,3.837370131899057e-14,2.9985713333533176e-14,2.0605961345561824e-14,1.0211425056205931e-14,-1.5595033733914532e-15,-1.6152799422376387e-14,-3.570431236564983e-14,-5.873245127489172e-14,-7.877337887763554e-14
1.8987740637829304e-12,4.226391008734035e-13,3.8615492466666004e-13,3.5030516472771223e-13,3.148493954558287e-13,2.7972105997362456e-13,2.4487159652695927e-13,2.102523855172137e-13,1.758024030200742e-13,1.4145596372375972e-13,1.0715505194338602e-13,7.285635919535595e-14,3.8531968860615725e-14,4.166623938381729e-15,-3.024507669463289e-14,-6.469897381153988e-14,-9.917729755589636e-14,-1.3363943292346206e-13,-1.680087670620418e-13,-2.0216099145233602e-13,-2.35924295262018e-13,-2.69101920986416e-13,-3.01511991532928e-13,-3.3301064007292523e-13,-3.6347101821472094e-13,-3.927862572775318e-13,-4.2097163169634745e-13,-4.4838063588028036e-13,-4.763765577814232e-13
1.135488644852058e-11,2.7574991876134504e-12,2.7511955044174365e-12,2.7444948936352585e-12,2.738318665423064e-12,2.7329588072669576e-12,2.728445423127225e-12,2.7247310846034393e-12,2.72173966419767e-12,2.719380612687745e-12,2.7175596624565506e-12,2.716188464409927e-12,2.7151911483836666e-12,2.714507352966424e-12,2.7140925685373817e-12,2.7139168601376493e-12,2.7139627168773366e-12,2.7142223651543485e-12,2.7146945985236363e-12,2.7153812036290493e-12,2.7162836839488663e-12,2.7174024842532247e-12,2.718742802275607e-12,2.720329906310923e-12,2.7222224743866386e-12,2.72447091597808e-12,2.726897652690572e-12,2.7282705798859636e-12,2.7227190618951555e-12
-2.6698497008788575e-11,-1.2679620019788922e-11,-1.4965402896414634e-11,-1.519713427414384e-11,-1.4856352787947296e-11,-1.4432833156866384e-11,-1.3819337062316657e-11,-1.2913429146046966e-11,-1.1724941634022265e-11,-1.0320913388391086e-11,-8.775048583769114e-12,-7.146320585271302e-12,-5.475532360117415e-12,-3.788793040157427e-12,-2.1024707681261183e-12,-4.2810845969067396e-13,1.2222694787742992e-12,2.829321050581962e-12,4.357129002771766e-12,5.742439963248632e-12,6.888316926541368e-12,7.67836852064938e-12,8.041466456410385e-12,8.093137070845379e-12,8.291087059281993e-12,9.24546706921958e-12,1.0427152931376912e-11,9.227528400784862e-12,7.926178255567553e-12
1.7459499425440284e-11,4.380401705857316e-12,4.3425226366296475e-12,4.295478005793777e-12,4.239779173181077e-12,4.1749058864015006e-12,4.0989218787686045e-12,4.008664425008447e-12,3.900308866314286e-12,3.769887288329112e-12,3.613690091429917e-12,3.428611060178133e-12,3.212500057014904e-12,2.9645636228066003e-12,2.6858231982587022e-12,2.379591991558165e-12,2.051850780494186e-12,1.7112835626495957e-12,1.3685917853233717e-12,1.0346085687107709e-12,7.168483129846356e-13,4.147860129876157e-13,1.159447799192656e-13,-2.0157254541655757e-13,-5.502735699777069e-13,-8.9141374804519e-13,-1.087621997084862e-12,-9.05280423046065e-13,-1.648808982942559e-13
-8.472255344076024e-13,-1.286412112112998e-13,-1.3000067472313606e-13,-1.6341792159017127e-13,-2.1843770994813887e-13,-2.8808822445509227e-13,-3.6808028647437535e-13,-4.55523463954655e-13,-5.480728012938274e-13,-6.436870196109075e-13,-7.406663914379657e-13,-8.377068162358681e-13,-9.338827088108417e-13,-1.0285668502705924e-12,-1.1213195991888594e-12,-1.2117757786611102e-12,-1.2995499739740047e-12,-1.3841782537266705e-12,-1.4651167590368006e-12,-1.5418204711500755e-12,-1.6139159024050075e-12,-1.6814313669837943e-12,-1.7449150538147465e-12,-1.8050575561904258e-12,-1.8614101939793154e-12,-1.910575577159505e-12,-1.945517257210632e-12,-1.956454552754636e-12,-1.9233676165994275e-12
-8.268215722223359e-12,-1.0698608150707207e-12,-1.3540972664283845e-13,4.659333310506829e-13,8.389168624181859e-13,1.0757161878255321e-12,1.2206098554958971e-12,1.2968838378636697e-12,1.3211284453063082e-12,1.3070149218250836e-12,1.2653006634229757e-12,1.2037208114596811e-12,1.1274862998420634e-12,1.0400650079446895e-12,9.438846850487566e-13,8.40777417441747e-13,7.32093530307131e-13,6.184428469173187e-13,4.990793012755307e-13,3.711736976391931e-13,2.296853698635965e-13,6.888719024551503e-14,-1.1453219435073186e-13,-3.213692433198137e-13,-5.628344913094519e-13,-8.875499049883764e-13,-1.3808298007721614e-12,-2.0336380646725522e-12,-2.6565692828652435e-12
1.2603195882777271e-11,2.922643540093301e-12,2.6313784611600086e-12,2.3620442772108275e-12,2.104473313962458e-12,1.855464209992765e-12,1.6131322819836384e-12,1.3759223728780644e-12,1.1421795692364566e-12,9.103260952570247e-13,6.791170340704883e-13,4.4773865836926354e-13,2.1575717140903732e-13,-1.6998559593520613e-14,-2.50545264712209e-13,-4.847893194900422e-13,-7.194589631684671e-13,-9.538819590253736e-13,-1.1865979489350896e-12,-1.4148925998109942e-12,-1.6345109957047001e-12,-1.83992496544275e-12,-2.025258485661543e-12,-2.185111970604718e-12,-2.3140982298936233e-12,-2.4060632191359197e-12,-2.4557296903289887e-12,-2.4686821023465675e-12,-2.4858298122423434e-12
8.375882607324013e-11,1.9269373038901472e-11,1.9088488738001125e-11,1.8903585640747485e-11,1.873926341675574e-11,1.8601899796405875e-11,1.849090671739727e-11,1.8403792540688405e-11,1.8337448875893852e-11,1.8288573175000343e-11,1.825398837373272e-11,1.8230891568845728e-11,1.821699147974627e-11,1.821054517449431e-11,1.8210330426808886e-11,1.8215587065735625e-11,1.8225947190539265e-11,1.8241360686749927e-11,1.8262012766052678e-11,1.8288227601201474e-11,1.832036496328229e-11,1.835875834384193e-11,1.840381028814173e-11,1.8456369048435436e-11,1.851816615827642e-11,1.859089643692448e-11,1.8670241093990422e-11,1.8722277920217778e-11,1.858077052258892e-11
-5.89263319447462e-11,-2.6723283646172764e-11,-3.1617098226624684e-11,-3.1846946348006826e-11,-3.084340917963451e-11,-2.982709200782525e-11,-2.853050866490356e-11,-2.664960521222017e-11,-2.4146488573119494e-11,-2.1137964435290903e-11,-1.777694962963659e-11,-1.4196412536191761e-11,-1.0495263960435957e-11,-6.742367757534882e-12,-2.9860327604043572e-12,7.352440423930134e-13,4.380684125265142e-12,7.89215025699284e-12,1.1175262480394447e-11,1.4080275798703515e-11,1.6397373438834768e-11,1.7902378984791235e-11,1.851510320261547e-11,1.8615424985328393e-11,1.934987971201494e-11,2.2074043884745083e-11,2.5259877823914553e-11,2.2768735828945764e-11,2.0706949204955835e-11
1.263732182200581e-10,3.148526553117851e-11,3.1459670483398816e-11,3.140645192668666e-11,3.132767516372905e-11,3.122414340522218e-11,3.109354268293072e-11,3.093077718062246e-11,3.0729471333570054e-11,3.048325815628145e-11,3.018664698070062e-11,2.9835702365791045e-11,2.942873073767669e-11,2.8967053347590495e-11,2.84558461888194e-11,2.7904916799518423e-11,2.7329121909280987e-11,2.6747893454052902e-11,2.6183071997134843e-11,2.5654095075692017e-11,2.516992299020096e-11,2.4718690941184066e-11,2.4260381630365522e-11,2.3736229878953218e-11,2.3117151841553577e-11,2.2501671192382295e-11,2.2214533538750788e-11,2.278878406451353e-11,2.4635590720301645e-11
-2.8638270727292253e-11,-6.797759773589454e-12,-6.788230464087194e-12,-6.852902212334692e-12,-6.968185997436079e-12,-7.118672353810233e-12,-7.295081771064504e-12,-7.491266560972325e-12,-7.70204901295626e-12,-7.922582158270715e-12,-8.148505779211795e-12,-8.376194675213454e-12,-8.60282701189222e-12,-8.826271978321756e-12,-9.044878401645387e-12,-9.257242935676869e-12,-9.462017283655588e-12,-9.657804286639655e-12,-9.843194958387927e-12,-1.0017000271858742e-11,-1.0178698417990904e-11,-1.0328976947628491e-11,-1.0469898551493946e-11,-1.0603718720529744e-11,-1.0729531696281947e-11,-1.0839165716712795e-11,-1.0916367079973275e-11,-1.0938473895972294e-11,-1.0853633606113835e-11
-1.1355022423445707e-11,-6.532278737589123e-13,1.4427485239677917e-12,2.8302099462365183e-12,3.685757516680748e-12,4.1962986707551796e-12,4.461300879200909e-12,4.5381842103422464e-12,4.469344245950853e-12,4.290170946052451e-12,4.029246130785409e-12,3.7080154098405315e-12,3.3416952817688774e-12,2.940884788118353e-12,2.513082189854719e-12,2.0636096327670294e-12,1.5957039932310888e-12,1.1096929054671365e-12,6.014522339747965e-13,6.100279715587981e-14,-5.268611921077653e-13,-1.1777001095640339e-12,-1.8996036684173934e-12,-2.694207045683405e-12,-3.5874256203909715e-12,-4.682941703490502e-12,-6.133919958653293e-12,-7.83412011275238e-12,-9.320018339737631e-12
1.3672341113082467e-10,3.1524817546099955e-11,2.8858186094271614e-11,2.6237023510718036e-11,2.3644082847035755e-11,2.1074592460876816e-11,1.8525074274407093e-11,1.5992046881442423e-11,1.3471139047167213e-11,1.0957644690831605e-11,8.44740688713958e-12,5.937322804162206e-12,3.4253928043377636e-12,9.105248462289587e-13,-1.6076665920951515e-12,-4.128881321421622e-12,-6.651843107779746e-12,-9.173637513370772e-12,-1.1688768845159023e-11,-1.4188321634035557e-11,-1.6659974903657498e-11,-1.9089619785039016e-11,-2.1464215691090376e-11,-2.3773448698545903e-11,-2.6008225599294204e-11,-2.8160885810243207e-11,-3.0232527735968945e-11,-3.224850512652596e-11,-3.43065826832916e-11
8.077167794251352e-10,1.9522000218500596e-10,1.9478826090372422e-10,1.9432804054201242e-10,1.9390539241493335e-10,1.9354124658453397e-10,1.9323776065171634e-10,1.9299153672073853e-10,1.9279712045375493e-10,1.9264802336990737e-10,1.9253748947642474e-10,1.9245918616487753e-10,1.9240767459851002e-10,1.923786271040995e-10,1.92368851963935e-10,1.9237620191192414e-10,1.923994199572183e-10,1.9243794669920812e-10,1.9249169295050028e-10,1.925607833309497e-10,1.926453212456085e-10,1.9274533346599907e-10,1.92861187418939e-10,1.92994691025095e-10,1.9315005178879386e-10,1.9333089152634117e-10,1.9352449271332688e-10,1.9364252320852115e-10,1.9326398849691783e-10
-8.304700601027951e-13,-3.8219851266052623e-13,-4.504639386020322e-13,-4.536890242913688e-13,-4.397141973824432e-13,-4.255612341798972e-13,-4.0750006526729413e-13,-3.8129064436193973e-13,-3.464045739912106e-13,-3.044707367621606e-13,-2.576215661576332e-13,-2.0771129155302773e-13,-1.56119191567148e-13,-1.0380553143955865e-13,-5.144393323440385e-14,4.2880704672160363e-16,5.124407553985736e-14,1.0019118735132868e-13,1.459540443749209e-13,1.864444691624377e-13,2.187365639398845e-13,2.397041713913625e-13,2.4822905572114907e-13,2.4960872560913285e-13,2.5983187779267755e-13,2.978023000523555e-13,3.4221098943024335e-13,3.074529051064284e-13,2.7868236117410797e-13
1.7630763211762852e-12,4.317344527845489e-13,4.31347441426172e-13,4.3057510964661405e-13,4.2944626609420206e-13,4.2797212709120605e-13,4.2612043950775996e-13,4.2382015179688897e-13,4.209823616286963e-13,4.1751828105670887e-13,4.1335133932719463e-13,4.084266501730341e-13,4.027205886312094e-13,3.962515706938742e-13,3.8909176724098883e-13,3.813779351967527e-13,3.7331724392406e-13,3.651806640515924e-13,3.5727275381103497e-13,3.498645600489562e-13,3.4308102335352236e-13,3.3675667415839964e-13,3.3033345221665935e-13,3.2299185798967536e-13,3.143263105868405e-13,3.0571075286470877e-13,3.0167385393939235e-13,3.0964907225604306e-13,3.353702672974455e-13
-4.000854534267132e-13,-9.309215766340569e-14,-9.294709841295786e-14,-9.383711587406346e-14,-9.54332429588248e-14,-9.752055659541156e-14,-9.996960789360387e-14,-1.0269462162511023e-13,-1.0562335458495653e-13,-1.086881827668019e-13,-1.1182827668332532e-13,-1.1499306346214063e-13,-1.1814317667536401e-13,-1.2124888976048618e-13,-1.2428716688311382e-13,-1.2723842766365445e-13,-1.3008385947319498e-13,-1.3280396743560753e-13,-1.3537908807856634e-13,-1.3779262331691077e-13,-1.4003727326780995e-13,-1.4212259804239182e-13,-1.4407732677120205e-13,-1.4593286935322778e-13,-1.4767654507662527e-13,-1.491943441284402e-13,-1.502595572586455e-13,-1.5055613093132756e-13,-1.493609779041484e-13
-1.2543060520470662e-13,2.3446975070436676e-14,5.3377020325598277e-14,7.342533364477013e-14,8.605432895685179e-14,9.387052541456819e-14,9.82612478911788e-14,1.000275054084937e-13,9.976076457962312e-14,9.795474485591016e-14,9.500815997079658e-14,9.122014658188074e-14,8.680292901823017e-14,8.190431270942793e-14,7.662885299725901e-14,7.105076165624549e-14,6.5215177816469e-14,5.91266752088959e-14,5.27277389400475e-14,4.587918264736102e-14,3.8368892748713195e-14,2.997975797421358e-14,2.0598787937843102e-14,1.0202956263107395e-14,-1.5693748414147262e-15,-1.616428290243657e-14,-3.571775997247194e-14,-5.874810300105595e-14,-7.879099823221645e-14
1.8989421629599532e-12,4.2273803473123136e-13,3.8624581970384583e-13,3.503880640388779e-13,3.149243274246536e-13,2.797880495955214e-13,2.449306659717194e-13,2.1030355417393452e-13,1.758456852302093e-13,1.414913692339272e-13,1.0718258419363822e-13,7.287601790968567e-14,3.854375097995372e-14,4.170525334078139e-15,-3.0249061875744767e-14,-6.471085048429462e-14,-9.91970703462603e-14,-1.336671040242108e-13,-1.6804433391396097e-13,-2.022044413896985e-13,-2.359756038872829e-13,-2.6916104883169946e-13,-3.0157888511908503e-13,-3.330852359973371e-13,-3.6355324383528493e-13,-3.928760330858782e-13,-4.210688806953565e-13,-4.484853070135121e-13,-4.76488680974088e-13
1.1355857316509001e-11,2.7580929998754246e-12,2.751788895857973e-12,2.74508784556517e-12,2.7389112184399416e-12,2.733551019748386e-12,2.729037352404626e-12,2.725322783998583e-12,2.7223311815225494e-12,2.7199719902847024e-12,2.718150936118826e-12,2.7167796647649743e-12,2.7157823008597186e-12,2.715098478402962e-12,2.7146836851062334e-12,2.714507983706942e-12,2.7145538619694462e-12,2.7148135456347137e-12,2.715285827911131e-12,2.715972495936987e-12,2.7168750527554808e-12,2.7179939429572704e-12,2.7193343646041916e-12,2.7209215881819884e-12,2.7228142971866556e-12,2.7250629062845804e-12,2.7274898243032623e-12,2.728862860153617e-12,2.7233109939058367e-12
-8.304888406228973e-13,-3.822102692513868e-13,-4.5047674633547145e-13,-4.537019001964071e-13,-4.3972689948287415e-13,-4.2557377222796285e-13,-4.0751238284435696e-13,-3.8130261143636326e-13,-3.4641604561942696e-13,-3.0448159005441465e-13,-2.576317122294914e-13,-2.077206722549013e-13,-1.561277728662008e-13,-1.0381329551313844e-13,-5.145087402383603e-14,4.226865646535632e-16,5.123876223004874e-14,1.0018665296762776e-13,1.4595023698590915e-13,1.8644129993601839e-13,2.1873389432322535e-13,2.3970181390611744e-13,2.4822681125423063e-13,2.496064890532249e-13,2.59829804885852e-13,2.978008495365205e-13,3.4221027987940264e-13,3.0745167224002523e-13,2.786807030973818e-13
1.7630598911873459e-12,4.31682642266102e-13,4.3129540073966164e-13,4.3052283368042354e-13,4.293937502294372e-13,4.2791936682552386e-13,4.260674289256063e-13,4.2376688369666534e-13,4.2092882660377495e-13,4.1746446772949765e-13,4.1329723456315995e-13,4.0837223958223977e-13,4.0266585765257376e-13,3.9619650480288475e-13,3.890363527516282e-13,3.8132216143983367e-13,3.7326110351979683e-13,3.6512415387997804e-13,3.572158768060686e-13,3.498073245505017e-13,3.430234399813646e-13,3.3669875115314824e-13,3.302751894778525e-13,3.2293324131985703e-13,3.142673179941708e-13,3.056513838469289e-13,3.0161418157963436e-13,3.09589288802875e-13,3.353106571988063e-13
-4.0007884780822537e-13,-9.307660771100978e-14,-9.293154719364503e-14,-9.382158158860816e-14,-9.541773817461655e-14,-9.75050906356031e-14,-9.995418809857864e-14,-1.0267925327464243e-13,-1.0560804198467088e-13,-1.0867292890047919e-13,-1.1181308371663235e-13,-1.1497793223540962e-13,-1.1812810733577726e-13,-1.2123388258325922e-13,-1.2427222073543222e-13,-1.2722354166691487e-13,-1.300690322849029e-13,-1.327891965468023e-13,-1.3536437137107643e-13,-1.3777795731842208e-13,-1.4002265509462373e-13,-1.4210802392184674e-13,-1.4406279401938448e-13,-1.4591837529199775e-13,-1.476620862980594e-13,-1.4917991583955707e-13,-1.5024515080596552e-13,-1.5054173239701963e-13,-1.4934656016081517e-13
-1.2543754114631517e-13,2.3440923788770306e-14,5.337193017729855e-14,7.342104053929652e-14,8.605073064149692e-14,9.386756998556499e-14,9.825889919939744e-14,1.0002573219989912e-13,9.975953767963807e-14,9.795403794544073e-14,9.500795005601197e-14,9.122041506487859e-14,8.680366036301967e-14,8.190549409380613e-14,7.663047438259194e-14,7.105281386821635e-14,6.521765203709579e-14,5.912956197133893e-14,5.27310272421686e-14,4.588285937937957e-14,3.8372941789330863e-14,2.9984162210598407e-14,2.060353340566199e-14,1.02080333410405e-14,-1.5639763276655147e-15,-1.6158595508232923e-14,-3.571185584550849e-14,-5.874204011290485e-14,-7.8784757427742e-14
1.898918083220001e-12,4.2267841234303437e-13,3.8619091996929034e-13,3.503378983224229e-13,3.148789015434862e-13,2.7974736634327014e-13,2.4489472735389877e-13,2.1027236033685315e-13,1.7581923657861502e-13,1.4146966467989368e-13,1.0716562440411174e-13,7.286380319196349e-14,3.853628200652115e-14,4.167802992188184e-15,-3.0247036291300465e-14,-6.470407569290249e-14,-9.918554366266002e-14,-1.3365082227914784e-13,-1.6802329194185867e-13,-2.0217863340253658e-13,-2.359450214753344e-13,-2.69125681591548e-13,-3.0153872102453455e-13,-3.330402608472256e-13,-3.635034415129197e-13,-3.928213854138673e-13,-4.210093685499276e-13,-4.484209154082329e-13,-4.764194301522507e-13
1.1355742639024416e-11,2.7577427456576405e-12,2.751438547012054e-12,2.7447373869961723e-12,2.738560654010998e-12,2.733200360940179e-12,2.728686614167802e-12,2.724971981136698e-12,2.721980328048168e-12,2.719621098076339e-12,2.717800014962459e-12,2.7164287225699207e-12,2.7154313441717034e-12,2.7147475130331822e-12,2.714332715637054e-12,2.7141570146680817e-12,2.7142028976321635e-12,2.7144625902948757e-12,2.714934885940104e-12,2.7156215718963446e-12,2.716524151108079e-12,2.717643068702709e-12,2.7189835228207085e-12,2.7205707839420874e-12,2.7224635348388018e-12,2.724712189890319e-12,2.7271391549137606e-12,2.728512220243187e-12,2.722960247082128e-12
-2.6698663802870074e-11,-1.2679697198081644e-11,-1.496549448471874e-11,-1.5197227314284603e-11,-1.4856443667686425e-11,-1.4432921354763906e-11,-1.3819421379519347e-11,-1.2913507737989718e-11,-1.1725012718082323e-11,-1.0320975604927908e-11,-8.775101037682883e-12,-7.146362754172321e-12,-5.475563978646618e-12,-3.788814007808226e-12,-2.1024810870094774e-12,-4.2810820577575773e-13,1.2222801545089587e-12,2.8293418746918744e-12,4.357159475225481e-12,5.7424791853574555e-12,6.888363387775106e-12,7.67841997605145e-12,8.041520212607805e-12,8.093191163155634e-12,8.291142410552265e-12,9.24552845162085e-12,1.042722177850177e-11,9.227589690503433e-12,7.926231345800785e-12
1.7459620301946425e-11,4.380452096064339e-12,4.342572876781345e-12,4.2955280378733214e-12,4.239828942435129e-12,4.1749553351645476e-12,4.098970937180926e-12,4.00871300266766e-12,3.900356849490835e-12,3.7699345375369106e-12,3.6137364441248474e-12,3.42865633448879e-12,3.2125440568135896e-12,2.96460614778626e-12,2.6858640539325345e-12,2.3796310044444315e-12,2.051887815140764e-12,1.711318537794221e-12,1.3686246879183344e-12,1.0346394541326355e-12,7.168772828313625e-13,4.14813166832004e-13,1.1597013831203222e-13,-2.0154910076363512e-13,-5.502522356666189e-13,-8.913944762291559e-13,-1.0876038733300592e-12,-9.052610594083312e-13,-1.6485677390398066e-13
-8.472336516257277e-13,-1.2864835617179137e-13,-1.3000782742619197e-13,-1.634252841656592e-13,-2.1844541870047642e-13,-2.8809637196468324e-13,-3.680889376920998e-13,-4.555326660845112e-13,-5.480825866407529e-13,-6.436974070192619e-13,-7.406773898143977e-13,-8.377184259449008e-13,-9.338949245253675e-13,-1.0285796624727015e-12,-1.1213329955895448e-12,-1.2117897447756033e-12,-1.2995644932813496e-12,-1.384193306172862e-12,-1.4651323210619116e-12,-1.5418365159131437e-12,-1.6139324012317872e-12,-1.6814482912159488e-12,-1.744932377659379e-12,-1.8050752587095116e-12,-1.8614282508482716e-12,-1.910593943438514e-12,-1.945535843172266e-12,-1.956473206650116e-12,-1.9233860609861473e-12
-8.268266567654773e-12,-1.0698650312867994e-12,-1.3540829998674472e-13,4.659382995715922e-13,8.389239320310279e-13,1.075724499714918e-12,1.2206188294281285e-12,1.2968930411327443e-12,1.3211375501624275e-12,1.3070236862589535e-12,1.2653089133947919e-12,1.2037284215238796e-12,1.1274931776499968e-12,1.0400710830100708e-12,9.43889902568039e-13,8.407817334342932e-13,7.320969097532411e-13,6.184452584643434e-13,4.990807095774336e-13,3.7117404775557065e-13,2.29684577092749e-13,6.888513243750816e-14,-1.1453565964300324e-13,-3.213742640540085e-13,-5.628412856911914e-13,-8.875589980541341e-13,-1.3808422559524659e-12,-2.0336548884877594e-12,-2.6565902866229957e-12
1.260328866522448e-11,2.9226878157634294e-12,2.6314188420610346e-12,2.3620809015066324e-12,2.104506255587226e-12,1.8554935234511425e-12,1.6131580093980384e-12,1.3759445460570282e-12,1.1421982102399322e-12,9.10341216199428e-13,6.791286388949659e-13,4.47746745982441e-13,2.157617381936959e-13,-1.6997518869238765e-14,-2.5054775497010137e-13,-4.847953451708287e-13,-7.194685269077111e-13,-9.538950594002606e-13,-1.1866145753487426e-12,-1.4149127243682419e-12,-1.6345345636937288e-12,-1.839951887460119e-12,-2.0252886349149662e-12,-2.185145186620293e-12,-2.3141343177448845e-12,-2.4061019457690026e-12,-2.4557707888056075e-12,-2.468725340904669e-12,-2.4858752176597394e-12
8.375942196546363e-11,1.9269644656406787e-11,1.908875920289385e-11,1.8903854927345725e-11,1.8739531655109176e-11,1.8602167156457193e-11,1.8491173365607427e-11,1.8404058627457998e-11,1.833771453223636e-11,1.8288838511350725e-11,1.8254253480057426e-11,1.823115651735008e-11,1.821725632883102e-11,1.821080997085939e-11,1.8210595209945195e-11,1.8215851870032328e-11,1.8226212048200702e-11,1.8241625629405454e-11,1.8262277827140058e-11,1.828849281566576e-11,1.832063036817513e-11,1.8359023979018125e-11,1.8404076194960896e-11,1.845663527484477e-11,1.8518432762324855e-11,1.8591163487576733e-11,1.8670508632916736e-11,1.872254577525907e-11,1.8581037472477404e-11
-8.304533304055481e-13,-3.82195318602903e-13,-4.5045840791613337e-13,-4.536834189805521e-13,-4.397091201668573e-13,-4.255566904404875e-13,-4.074961915635844e-13,-3.8128772454406206e-13,-3.464029075284372e-13,-3.0447056440342785e-13,-2.5762305317953047e-13,-2.0771453910045052e-13,-1.561242536470793e-13,-1.0381242912655015e-13,-5.1452664712744396e-14,4.182613965818804e-16,5.123175429370949e-14,1.0017715602786533e-13,1.4593841308975986e-13,1.8642741856288668e-13,2.1871837421003946e-13,2.39685230559476e-13,2.482097923474601e-13,2.4958938869207793e-13,2.5981216847779474e-13,2.977812693287014e-13,3.421884257091672e-13,3.074315319750552e-13,2.786619170414111e-13
1.7629130650274814e-12,4.3163133987164497e-13,4.3124399709114584e-13,4.3047134666792884e-13,4.293421968531217e-13,4.2786776334345815e-13,4.2601579433325546e-13,4.2371524064473e-13,4.208772027941164e-13,4.174128962198181e-13,4.1324575205821404e-13,4.083208859634099e-13,4.026146740097943e-13,3.96145531667065e-13,3.889856266906913e-13,3.812717120279219e-13,3.732109498581906e-13,3.6507430130391744e-13,3.57166314760488e-13,3.4975802779472395e-13,3.429743762280163e-13,3.3664989695039594e-13,3.302265481637011e-13,3.228848586054761e-13,3.142192599811954e-13,3.0560364724421933e-13,3.015665322194699e-13,3.095411197156754e-13,3.352610819200877e-13
-4.00041086101002e-13,-9.306338285263965e-14,-9.291833450178466e-14,-9.380833058965137e-14,-9.540441457175657e-14,-9.749167128216924e-14,-9.99406560505498e-14,-1.0266559655967589e-13,-1.0559425191518424e-13,-1.0865900068096738e-13,-1.117990151675044e-13,-1.1496372357948057e-13,-1.181137606114102e-13,-1.2121940061754523e-13,-1.2425760751208432e-13,-1.2720880166608701e-13,-1.3005417051709522e-13,-1.3277421869459105e-13,-1.3534928358043387e-13,-1.377627659471501e-13,-1.4000736680165992e-13,-1.4209264510806178e-13,-1.440473288749479e-13,-1.4590282713624654e-13,-1.4764645955460056e-13,-1.4916421998955747e-13,-1.5022940819749557e-13,-1.5052598094184126e-13,-1.4933086983001657e-13
-1.2543864850794586e-13,2.3436145205032875e-14,5.3366046546392164e-14,7.341453833712756e-14,8.604397764853832e-14,9.386079913374256e-14,9.82522756032735e-14,1.0001938322360913e-13,9.975356607495232e-14,9.794852463933828e-14,9.500295680683811e-14,9.121598847837371e-14,8.679983595218146e-14,8.190229913724512e-14,7.662793053881697e-14,7.105093871453728e-14,6.521646124660347e-14,5.912907089480991e-14,5.273125482421572e-14,4.588383097269638e-14,3.837469388349421e-14,2.998674014390568e-14,2.060698541806816e-14,1.021240512538979e-14,-1.5586232725867886e-15,-1.6152126340816712e-14,-3.570403117855004e-14,-5.87327026401989e-14,-7.877401770973723e-14
1.8987506977358614e-12,4.226233970328697e-13,3.8614041416015976e-13,3.5029187281362137e-13,3.148373381930447e-13,2.7971025096133727e-13,2.448620482190855e-13,2.1024410878311597e-13,1.75795406330937e-13,1.4145025239081868e-13,1.0715062783239709e-13,7.285322203523914e-14,3.853011647555552e-14,4.166054474982734e-15,-3.0244366755007446e-14,-6.469698674500842e-14,-9.917403550712503e-14,-1.3363489711599265e-13,-1.6800295690932849e-13,-2.0215390061726143e-13,-2.3591591189817227e-13,-2.690922256804827e-13,-3.0150095711121697e-13,-3.3299823448448106e-13,-3.634572047318175e-13,-3.927709962156835e-13,-4.2095488363261063e-13,-4.4836237390638335e-13,-4.763567974015732e-13
1.1354777601427898e-11,2.7574107443414308e-12,2.7511068641653454e-12,2.7444060323913525e-12,2.738229595818514e-12,2.732869554345596e-12,2.728356014574842e-12,2.7246415485243494e-12,2.72165002627256e-12,2.719290896830668e-12,2.717469889610391e-12,2.7160986530616363e-12,2.71510131492098e-12,2.714417511109235e-12,2.7140027305340163e-12,2.7138270375355634e-12,2.713872920137172e-12,2.7141326041398687e-12,2.7146048828255116e-12,2.7152915430728167e-12,2.716194086978182e-12,2.717312959331883e-12,2.718653356287703e-12,2.7202405454646277e-12,2.7221332038253012e-12,2.7243817411948655e-12,2.72680857569585e-12,2.728181563888199e-12,2.7226298266838012e-12
-5.892773255124344e-11,-2.6723956212644672e-11,-3.161790544837694e-11,-3.184775949582692e-11,-3.08441951777423e-11,-2.982785145057013e-11,-2.853123396346756e-11,-2.6650279719656855e-11,-2.4147094273006067e-11,-2.1138486535944183e-11,-1.777737774101632e-11,-1.4196740147501023e-11,-1.0495487448670015e-11,-6.74248549250331e-12,-2.9860444942540224e-12,7.353374607871838e-13,4.380880666703044e-12,7.892446182133624e-12,1.1175651265359071e-11,1.4080746542032119e-11,1.6397909214506067e-11,1.790295661858793e-11,1.8515697588289118e-11,1.8616022127302156e-11,1.9350498078841437e-11,2.2074740074354277e-11,2.526066522702263e-11,2.27694550202616e-11,2.0707616399501122e-11
1.2637985229931233e-10,3.14868816624118e-11,3.1461289144125134e-11,3.140807244812731e-11,3.13292969018835e-11,3.122576571741042e-11,3.1095164830669894e-11,3.093239824350484e-11,3.0731090171240755e-11,3.0484873415429584e-11,3.018825713040747e-11,2.9837305749335665e-11,2.9430325642639115e-11,2.896863809488994e-11,2.845741924542897e-11,2.7906476912418336e-11,2.7330668255666827e-11,2.6749425780092547e-11,2.6184590696255487e-11,2.5655601133112355e-11,2.517141769068252e-11,2.4720175275050353e-11,2.426185547574001e-11,2.3737691436310998e-11,2.3118598456458572e-11,2.2503103040233934e-11,2.2215960089376574e-11,2.27902296307317e-11,2.4637090496904725e-11
-2.864004300605461e-11,-6.7981766130627895e-12,-6.788646762260709e-12,-6.853319925758831e-12,-6.968606449644328e-12,-7.119096435179352e-12,-7.295510102259513e-12,-7.491699577517737e-12,-7.702486994498633e-12,-7.923025247155218e-12,-8.148954004719968e-12,-8.376647981297798e-12,-8.603285285001797e-12,-8.826735069567548e-12,-9.045346141787806e-12,-9.257715143911303e-12,-9.462493769220757e-12,-9.658284850977048e-12,-9.843679392917288e-12,-1.0017488363012453e-11,-1.0179189958287364e-11,-1.0329471758043857e-11,-1.0470396507248403e-11,-1.0604219751332916e-11,-1.0730035696825508e-11,-1.0839672327998459e-11,-1.0916875439881089e-11,-1.0938982529913419e-11,-1.0854139849712636e-11
-1.135496252955282e-11,-6.531586816223935e-13,1.4428682326182443e-12,2.8303610653241613e-12,3.685925530954084e-12,4.1964745517769726e-12,4.4614783021702944e-12,4.538358197922394e-12,4.4695106877996785e-12,4.290326510113052e-12,4.0293882129676235e-12,3.708142016689882e-12,3.3418048828687835e-12,2.940976192671757e-12,2.5131544490734262e-12,2.063661965696128e-12,1.5957357084053418e-12,1.1097033015934593e-12,6.014404687297854e-13,6.096773549719245e-14,-5.269210806829865e-13,-1.1777866749897912e-12,-1.8997187646365918e-12,-2.6943523144265604e-12,-3.5876032923377465e-12,-4.683156908407522e-12,-6.134181974698969e-12,-7.834434618470222e-12,-9.320382185632752e-12
1.3673106125663882e-10,3.15265370074758e-11,2.8859764577941236e-11,2.6238462084332484e-11,2.3645382163368708e-11,2.1075753033134785e-11,1.85260964737479e-11,1.5992930948618103e-11,1.3471885142341972e-11,1.095825292549867e-11,8.447877333335682e-12,5.937655496385276e-12,3.425587747115334e-12,9.105820242589695e-13,-1.607747198293938e-12,-4.129099710691928e-12,-6.6521992261144076e-12,-9.174131204414281e-12,-1.1689399783221358e-11,-1.41890892433874e-11,-1.6660878287653128e-11,-1.909065769921949e-11,-2.146538657810972e-11,-2.3774750739688883e-11,-2.600965669284638e-11,-2.816244361619572e-11,-3.0234209989071046e-11,-3.225031020406312e-11,-3.430851214923826e-11
8.077608941648265e-10,1.9523045477311198e-10,1.9479870098745196e-10,1.943384680659629e-10,1.9391580883806013e-10,1.9355165381530215e-10,1.9324816052446185e-10,1.930019308770177e-10,1.9280751030623188e-10,1.9265841008411712e-10,1.925478739774036e-10,1.9246956916601563e-10,1.9241805664266534e-10,1.9238900860774605e-10,1.9237923325631624e-10,1.9238658326889183e-10,1.9240980162917776e-10,1.924483289340593e-10,1.9250207601305505e-10,1.925711675167966e-10,1.926557068913582e-10,1.9275572096398297e-10,1.9287157725669865e-10,1.9300508388352702e-10,1.9316044866881632e-10,1.933412936603176e-10,1.9353490076542523e-10,1.936529350067016e-10,1.9327439268488618e-10
-5.892719999933233e-11,-2.672369777688647e-11,-3.1617590544548515e-11,-3.184744239296042e-11,-3.084388897059726e-11,-2.9827555376086925e-11,-2.853095108881085e-11,-2.6650017349642256e-11,-2.4146860648586288e-11,-2.1138288700384573e-11,-1.777722085127422e-11,-1.4196627597651232e-11,-1.0495421275735675e-11,-6.7424667837058754e-12,-2.9860736757965488e-12,7.352604915671118e-13,4.380756595361412e-12,7.892276554776314e-12,1.1175439020364798e-11,1.4080496751859522e-11,1.6397629767475938e-11,1.7902658138100482e-11,1.851539125116956e-11,1.86157137116789e-11,1.9350178614054638e-11,2.207438356950102e-11,2.5260264779325318e-11,2.2769081577546925e-11,2.070726442170808e-11
1.2637536950661611e-10,3.1485784413084087e-11,3.1460189139274545e-11,3.140696994342797e-11,3.132819214442268e-11,3.1224658966394797e-11,3.1094056406173044e-11,3.0931288567304585e-11,3.072997979037181e-11,3.048376300184886e-11,3.018714745965113e-11,2.9836197666920636e-11,2.9429220026050946e-11,2.8967535806735648e-11,2.8456321081250992e-11,2.7905383537824066e-11,2.732958013101597e-11,2.6748343090908514e-11,2.6183513306887412e-11,2.565452860732497e-11,2.5170349424868752e-11,2.471911077823036e-11,2.426079475654857e-11,2.3736635292433278e-11,2.311754814368708e-11,2.2502058614953977e-11,2.2214917447634228e-11,2.278917799170792e-11,2.463601388543218e-11
-2.8638835197881662e-11,-6.797891168735453e-12,-6.788361253230584e-12,-6.853033321868173e-12,-6.9683180088837966e-12,-7.118805610609814e-12,-7.29521647424427e-12,-7.491402818836628e-12,-7.702186855848725e-12,-7.922721547983936e-12,-8.148646624477617e-12,-8.376336848780732e-12,-8.602970369582256e-12,-8.826416373511306e-12,-9.045023695304558e-12,-9.257389004518635e-12,-9.462164022903997e-12,-9.657951613464071e-12,-9.84334281226908e-12,-1.0017148615581128e-11,-1.0178847240043195e-11,-1.032912626770023e-11,-1.047004842788343e-11,-1.0603869250784242e-11,-1.0729682965574366e-11,-1.0839317669290852e-11,-1.0916519360976776e-11,-1.0938625828969875e-11,-1.0853784123730193e-11
-1.1355201232863691e-11,-6.532330729017374e-13,1.4427764772660948e-12,2.8302612434769696e-12,3.685823139830937e-12,4.196372109460281e-12,4.4613775426173665e-12,4.538260727405653e-12,4.4694180861813754e-12,4.290240281705593e-12,4.029309707064973e-12,3.708072382034567e-12,3.3417450694787014e-12,2.9409269829416108e-12,2.5131165019155892e-12,2.063635862108194e-12,1.5957220073318221e-12,1.1097026015590564e-12,6.014534716996113e-13,6.099529066040559e-14,-5.26877992712942e-13,-1.177727064728926e-12,-1.8996418561792117e-12,-2.6942576906560407e-12,-3.5874905446845358e-12,-4.6830244244385185e-12,-6.134025827483279e-12,-7.83425151409008e-12,-9.320172778519717e-12
1.3672577139285857e-10,3.152534290388235e-11,2.8858667613560328e-11,2.6237461642117167e-11,2.3644477935058546e-11,2.1074944891063224e-11,1.8525384375661772e-11,1.59923149219512e-11,1.3471365243990503e-11,1.0957829196435117e-11,8.447549777469044e-12,5.937424082244106e-12,3.425452415761715e-12,9.105426957586377e-13,-1.6076906264087816e-12,-4.1289473760139984e-12,-6.651951314996716e-12,-9.173787967988761e-12,-1.1688961552288305e-11,-1.4188556438824425e-11,-1.6660251425936248e-11,-1.9089937392679663e-11,-2.1464573530835506e-11,-2.3773845751834203e-11,-2.6008660696784204e-11,-2.8161357674538345e-11,-3.0233035188959507e-11,-3.2249047473479524e-11,-3.430716019790385e-11
8.077306295368422e-10,1.9522323692191748e-10,1.9479148830258904e-10,1.9433126153154408e-10,1.9390860830244947e-10,1.9354445862260979e-10,1.9324096982510546e-10,1.9299474378723394e-10,1.9280032600635736e-10,1.926512278699241e-10,1.9254069326959137e-10,1.9246238949483025e-10,1.9241087762302186e-10,1.9238182991200147e-10,1.9237205459302226e-10,1.9237940436640868e-10,1.9240262222482433e-10,1.9244114876585965e-10,1.9249489481451769e-10,1.92563985011336e-10,1.926485227881826e-10,1.9274853495621572e-10,1.9286438902938666e-10,1.929978931334482e-10,1.9315325513174273e-10,1.9333409713797939e-10,1.9352770121702638e-10,1.9364573342584262e-10,1.9326719712255523e-10
-2.6686073678668627e-11,-1.2673756948953995e-11,-1.4958478416432182e-11,-1.5190101396199546e-11,-1.484947664203157e-11,-1.4426151786022054e-11,-1.381293854690138e-11,-1.2907449378794314e-11,-1.1719512153454408e-11,-1.0316134697789618e-11,-8.77098694595239e-12,-7.1430148121985385e-12,-5.4730022461630495e-12,-3.78704620536561e-12,-2.1015072004193386e-12,-4.2792276293299137e-13,1.2216883191717717e-12,2.8279930958359503e-12,4.355091100195378e-12,5.739758473373037e-12,6.885103349066326e-12,7.674788414398745e-12,8.03771821768144e-12,8.089365068445142e-12,8.287222690862413e-12,9.241158092295856e-12,1.0422293123052138e-11,9.223224756682594e-12,7.922478496930515e-12
1.745166315722885e-11,4.378597459324428e-12,4.3407367688438885e-12,4.293714732016831e-12,4.238042474681283e-12,4.1731999960488345e-12,4.097251945547577e-12,4.007037085382715e-12,3.898732551342847e-12,3.768372287714613e-12,3.6122484273721246e-12,3.4272562008649206e-12,3.2112464680356696e-12,2.9634261355608954e-12,2.684816164757765e-12,2.3787282192611813e-12,2.051140289384297e-12,1.7107323237897401e-12,1.3682007792395682e-12,1.034373721548954e-12,7.167620410807915e-13,4.1484097012595217e-13,1.161394268304184e-13,-2.0122954370809688e-13,-5.497676959162005e-13,-8.907484906585238e-13,-1.0868647663830907e-12,-9.046072536353736e-13,-1.645513236315448e-13
-8.469245146912456e-13,-1.2865729337026615e-13,-1.3001605420010968e-13,-1.6341765079057177e-13,-2.184116965225572e-13,-2.8802961740963376e-13,-3.6798423526568297e-13,-4.553864716013683e-13,-5.478924691836052e-13,-6.434619033409048e-13,-7.403958401288261e-13,-8.373907871957945e-13,-9.3352159025006e-13,-1.0281613227366595e-12,-1.1208705480828643e-12,-1.2112842600694898e-12,-1.2990172260996347e-12,-1.3836057330474115e-12,-1.4645061792857003e-12,-1.5411738049098224e-12,-1.6132353025261442e-12,-1.680718978681039e-12,-1.7441727752133593e-12,-1.804286972550363e-12,-1.860613108791466e-12,-1.909755383175038e-12,-1.9446806240908846e-12,-1.955612702406919e-12,-1.9225411384013125e-12
-8.264365755845082e-12,-1.0693417271352619e-12,-1.3532150730615968e-13,4.657453524445945e-13,8.385578628324746e-13,1.0752483686551303e-12,1.220075158889809e-12,1.2963137354176702e-12,1.320546998213196e-12,1.3064400537797768e-12,1.2647454101462778e-12,1.2031946388964827e-12,1.1269962269106277e-12,1.0396164006825112e-12,9.434817467276702e-13,8.404234853531908e-13,7.317913259770263e-13,6.181948436783111e-13,4.988883678156365e-13,3.710440519622641e-13,2.296235611585571e-13,6.890233240398941e-14,-1.1442963312993433e-13,-3.211686717545837e-13,-5.625203556739709e-13,-8.870841984923778e-13,-1.3801347453565857e-12,-2.032639674111314e-12,-2.6552806927287007e-12
1.2597656225310875e-11,2.9215357944926974e-12,2.630385282619236e-12,2.3611554774052524e-12,2.103683485254999e-12,1.8547694909519817e-12,1.612529696384523e-12,1.3754096587587646e-12,1.1417552068723161e-12,9.099892551029945e-13,6.788674242409774e-13,4.47576336491349e-13,2.1568237915881171e-13,-1.6985510797697958e-14,-2.504440649305392e-13,-4.845997152064696e-13,-7.191808456650703e-13,-9.535155502843242e-13,-1.1861441612181106e-12,-1.4143536020276723e-12,-1.6338909083050934e-12,-1.8392304342756547e-12,-2.0244988398206183e-12,-2.1842990164319793e-12,-2.3132462693107474e-12,-2.405189423420629e-12,-2.4548537001808455e-12,-2.467821005785126e-12,-2.484981218932775e-12
8.37217977094032e-11,1.926206110475712e-11,1.9081260871206923e-11,1.8896444028503513e-11,1.8732198652230415e-11,1.859489937956078e-11,1.8483958342555758e-11,1.8396885031368758e-11,1.833057250674996e-11,1.82817197770372e-11,1.8247151275099216e-11,1.8224065416343086e-11,1.8210171992780384e-11,1.820372888295797e-11,1.820351442714135e-11,1.820876880195455e-11,1.821912427452324e-11,1.8234530747442407e-11,1.8255173343052246e-11,1.8281376076218826e-11,1.8313498542475914e-11,1.8351874067602004e-11,1.8396905001642434e-11,1.844943921011173e-11,1.8511207455026844e-11,1.8583903819991363e-11,1.8663211546991513e-11,1.8715224193973686e-11,1.857378337731388e-11
