2.747122695247129e-13,0.0007380887262034656,0.002899424177425067,0.006384026019327053,0.011086032790291722,0.016899583057686976,0.0237188153726842,0.03143786823356751,0.03995087841802855,0.04906206782565605,0.05831655741800054,0.06757873053239517,0.07684154547112533,0.08610476051336569,0.09536822691775586,0.1046317856385943,0.11389525196930239,0.12315846687465018,0.13242128161607117,0.141683454466856,0.15093794383103243,0.16004913327577028,0.16856214288518656,0.17628119444683313,0.1831004249445101,0.18891397313896371,0.19361597778997874,0.19710057772216433,0.19926191178602448,0.19999999999970855
-3.122196401102559e-12,0.009380198678798218,0.03635553798324618,0.07872497836157308,0.13415800895450683,0.20032412230174776,0.2748928174467803,0.3555336083545849,0.4399160653848004,0.5258671394600684,0.6120697950145849,0.6982764055766735,0.7844831149275076,0.8706898515982847,0.9568966148162935,1.0431033810090917,1.129310144222592,1.2155168808858876,1.3017235902241258,1.3879302007703667,1.4741328563679656,1.5600839308024659,1.644466388355121,1.7251071798625355,1.7996758756450992,1.8658419896222818,1.9212750207903573,1.9636444616399582,1.9906198012629037,2.00000000000314
1.0,1.0000000002070197,1.0000000007368652,1.000000001549745,1.0000000026520515,1.0000000040406345,1.0000000056994145,1.0000000075797806,1.000000009516424,1.0000000110131408,1.0000000115458054,1.000000011785717,1.0000000119505237,1.0000000120504016,1.0000000120920238,1.0000000120791428,1.0000000120117531,1.0000000118860952,1.0000000116955094,1.0000000114298364,1.000000010881663,1.0000000094101664,1.000000007505867,1.0000000056534877,1.0000000040178934,1.0000000026475624,1.0000000015575552,1.0000000007503322,1.0000000002201588,1.0
3.5698143127708565e-13,0.01698721482839254,0.0329511018794935,0.04768699537695994,0.06119489626268474,0.07347480442911686,0.08452671980962695,0.09435064037416976,0.1029465125924584,0.10718545498108711,0.1074372966022548,0.10744522072407912,0.10745140466946135,0.10745500385476402,0.1074570941727647,0.10745709373029631,0.1074550026176563,0.10745140273123054,0.10744521808200122,0.10743729306617543,0.10718545465021524,0.10294651079906293,0.09435062915359718,0.08452670125465037,0.0734747814069895,0.06119487151787662,0.047686971457762094,0.03295108206001622,0.016987203277735327,3.62509576895458e-13
-7.749268661366162e-13,0.21461683503541215,0.40670537838340054,0.5717599831506393,0.7097806775683188,0.820767514443848,0.904720598932317,0.9616402032056511,0.9915276152230936,0.9998562171016123,0.9999973062064513,0.9999970176471794,0.9999981548993901,0.9999982830276876,0.9999985078439605,0.9999985078145691,0.9999982829603958,0.9999981547793554,0.9999970174984497,0.9999973059314127,0.9998562193048876,0.991527620696848,0.9616402097803706,0.9047206061849181,0.8207675218787827,0.7097806846417806,0.5717599893069368,0.40670538303875287,0.21461683767115672,-7.761705749222758e-13
6.815380845911475e-14,4.595483934576338e-9,7.79279106184368e-9,1.1134509264630507e-8,1.4491968628143768e-8,1.775489995371571e-8,2.0710988706974592e-8,2.2737742692530814e-8,2.1344298287696668e-8,1.1540329847680703e-8,3.291183032540954e-9,2.354914725901261e-9,1.547669364573957e-9,8.397587741979866e-10,1.9183612222326174e-10,-4.325791382392708e-10,-1.0806156883460296e-9,-1.788680300412707e-9,-2.5956054914415685e-9,-3.53237450244228e-9,-1.1422428573712748e-8,-2.0888098807694123e-8,-2.2328539811565924e-8,-2.0355815860714416e-8,-1.7455331860001848e-8,-1.4254725845519198e-8,-1.097119629910438e-8,-7.70975047145854e-9,-4.556850479713769e-9,-6.822713548004305e-14
2.2730202384268974e-14,0.0006876544263923173,0.002701302112541479,0.005947781663013251,0.010328497082943108,0.015744867936811888,0.02209829217187012,0.029290147463140417,0.037221800273897335,0.0457946126195338,0.05490994693941047,0.06446916831419808,0.07437364419094285,0.08452474270685309,0.09482383088642163,0.10517227328289831,0.11547143132634241,0.12562266354447482,0.13552732667593845,0.1450867775005429,0.15420237527492828,0.16277548466025066,0.17070747710104736,0.17789972704140328,0.18425360464032983,0.18967046546804334,0.1940516410855894,0.19729845466018117,0.1993122770607,0.20000000000003318
-1.210655974676745e-16,0.006876994851937399,0.02701477016638037,0.05948174825407169,0.10329159008233656,0.15745798502169744,0.22099463107731843,0.29291522313206,0.3722334461286808,0.4579629733237113,0.5491174681560413,0.6447105866089682,0.7437559780736663,0.8452672849363216,0.9482581426788075,1.0517421817107686,1.1547330308453188,1.2562443214102195,1.355289690661759,1.4508827833079478,1.542037250827632,1.6277667497896318,1.7070849420210368,1.7790054982238535,1.8425421027132158,1.8967084559606555,1.9405182697681502,1.9729852423337013,1.9931230180608748,1.9999999999999862
0.9999999999999989,1.0000000865022531,1.0000002821412264,1.0000005271253334,1.0000007808653801,1.0000010143482674,1.0000012100834252,1.0000013600068682,1.0000014634012389,1.0000015249553964,1.0000015529784247,1.0000015578160857,1.0000015501239305,1.000001539318856,1.0000015324462073,1.0000015334283319,1.0000015426525446,1.0000015568990182,1.000001569610701,1.0000015715066342,1.000001551564991,1.0000014984033205,1.0000014019457,1.000001255319947,1.0000010573627174,1.0000008158588871,1.0000005509285879,1.0000002958499756,1.0000000924775312,0.9999999999999998
-2.3635496503621956e-15,0.01582647628192762,0.030699408408188373,0.04442831792468356,0.05701370486705329,0.06845546493847089,0.07875330447622346,0.08790704467485862,0.09591659877649224,0.10278194766294473,0.10850311453256614,0.11308013238177765,0.1165130202939906,0.11880177530664346,0.11994637548171261,0.11994678681209582,0.11880297257793272,0.11651490397736552,0.11308256967639509,0.1085059829855696,0.10278518962302317,0.09592026767653966,0.08791128321565664,0.07875823432030347,0.0684610178648172,0.057019391461157434,0.04443308457786548,0.0307022941043825,0.015827870927266407,-1.3448407466353987e-14
-2.2058275640284273e-15,0.15827486892209822,0.3070145260821247,0.4443124451357749,0.5701690264420668,0.6845844886012604,0.7875588457700968,0.8790920145507135,0.9591838598061165,1.0278342528858602,1.0850430951940895,1.1308103086561796,1.1651358153059652,1.1880195319032758,1.1994613853312974,1.1994613345138014,1.1880193847997054,1.1651355878200238,1.1308100255242226,1.0850427841161259,1.0278339317759564,0.9591835223351618,0.8790916324066438,0.7875583935422024,0.684583985505699,0.5701685936693885,0.44431225332253815,0.3070145588169954,0.1582747519914244,1.7737595708910872e-15
1.5239837738096322e-14,1.7933603672115803e-6,2.6450788257685533e-6,2.9600093344840093e-6,2.870486208725462e-6,2.5134057724104338e-6,2.0126805410168084e-6,1.4647932831284716e-6,9.436081889028844e-7,5.009847383139315e-7,1.6974098061638513e-7,-3.6394581243254864e-8,-1.2349691974358906e-7,-1.1331916074115652e-7,-3.8408999459591395e-8,6.19671739998645e-8,1.4572313175834705e-7,1.719224978474309e-7,1.0473306201916672e-7,-8.25073406242369e-8,-4.0269201731211695e-7,-8.507174783555986e-7,-1.4011869266635008e-6,-2.003833715621948e-6,-2.574963500053191e-6,-2.989554633442951e-6,-3.0907230947591554e-6,-2.743860518226053e-6,-1.8879289879572141e-6,-1.6780333156033546e-14
-8.651947358739057e-15,0.0006876241599716035,0.0027012402376884507,0.005947843361195821,0.010328840283755017,0.015745579635057013,0.022099399414814664,0.029291642269260055,0.03722365594791696,0.045796791265124474,0.054912401934830435,0.06447184498735876,0.07437648066350969,0.08452767169427862,0.09482678232163981,0.1051751774324241,0.11547422205351435,0.12562528132194128,0.13552972092383636,0.14508890789208087,0.15420421156307926,0.16277700442937212,0.17070866265487158,0.17790056632813073,0.18425410016972646,0.18967065493623442,0.19405162446976348,0.1972983894012275,0.1993122729557374,0.20000000000000515
4.221258259703651e-15,0.006877071145503156,0.027015022769179834,0.059482256756607094,0.10329241647399247,0.15745915366103042,0.22099612434350074,0.2929169858554619,0.3722353959441425,0.45796501269548423,0.5491194943195695,0.6447124989245365,0.7437576844667405,0.8452687088919393,0.9482592303843654,1.0517429076240736,1.1547333999702198,1.256244367513859,1.3552894709718106,1.4508823714206172,1.5420367298951008,1.6277662069004215,1.7070844619016456,1.7790051528115491,1.8425419353641665,1.8967084625413724,1.9405183862920437,1.9729853638790975,1.993123066141092,1.9999999999999951
0.9999999999998737,0.9999999842943502,0.9999999495903009,0.9999999041893531,0.9999998520489334,0.9999997964457739,0.99999974007446,0.9999996851817015,0.9999996337511874,0.9999995876226752,0.9999995485250395,0.9999995180276691,0.9999994974439068,0.9999994877250317,0.9999994893738798,0.9999995023940635,0.9999995262798017,0.999999560043575,0.9999996022732599,0.9999996512076389,0.9999997048169859,0.9999997608747189,0.9999998170031785,0.9999998706737875,0.9999999191391591,0.999999959344067,0.9999999881814712,1.0000000034972618,1.0000000050585067,1.0000000000001261
-3.2499371496936326e-14,0.015825852838916795,0.03069974891384661,0.04443077971004327,0.05701761385198382,0.06845998721585113,0.07875789504930165,0.08791141226116021,0.09592058326185793,0.10278543975099996,0.10850601808175454,0.11308235745817652,0.11651449184538779,0.11880244456224259,0.11994622760907507,0.11994584468878118,0.1188012963042697,0.11651258544797391,0.11307972258910437,0.10850272883398743,0.10278163631762849,0.09591648538986836,0.08790732011367566,0.07875418822866188,0.06845715248540624,0.057016285389071185,0.044431551597391344,0.030702667600862515,0.015828345308549093,1.5374048256100063e-14
1.7654363311472335e-17,0.15827643592524182,0.30701704862759727,0.4443158288149715,0.5701729370241545,0.6845884353464768,0.7875623554329413,0.8790947032720738,0.9591854831651923,1.0278346980840312,1.0850423479476463,1.1308084308805324,1.165132945635935,1.188015893425538,1.1994572785795123,1.1994571081189964,1.1880153905166153,1.1651321339635452,1.1308073444690945,1.0850410240998494,1.0278331696466498,0.9591837719954195,0.8790928161841133,0.7875602809599976,0.6845861364561757,0.5701703517976158,0.4443129486278351,0.3070140202280924,0.1582738291907101,1.0043671819268651e-14
-1.3239821459937069e-13,-3.201184749142358e-7,-4.7375788828644234e-7,-5.724912472476062e-7,-6.307040469415295e-7,-6.541564024313603e-7,-6.493692283107606e-7,-6.203435406219808e-7,-5.692935576690675e-7,-4.975233188594179e-7,-4.064700016119074e-7,-2.9848969780672734e-7,-1.7718134369789904e-7,-4.730333893636833e-8,8.557121199015793e-8,2.1551433828805575e-7,3.367111448047178e-7,4.438577929722051e-7,5.324438138507529e-7,5.98890243824821e-7,6.405308267651031e-7,6.554148590258331e-7,6.419033375188091e-7,5.979935392180784e-7,5.204688574759441e-7,4.058710437983847e-7,2.5873376999176425e-7,9.573944295887835e-8,-5.435627760032406e-8,-1.8327992495447794e-13
-4.625522173528881e-15,0.0006877303389740581,0.0027015797370639034,0.005948351245311922,0.01032936974919643,0.015745992052048595,0.02209958999487512,0.029291544275085783,0.037223240989799906,0.045796064624184285,0.05491139347335121,0.06447059915635941,0.0743750483152156,0.08452610486958258,0.0948251320839986,0.10517349406635965,0.11547255655040689,0.12562368697600945,0.13552825387633488,0.1450876255686106,0.15420316828315786,0.16277624404677157,0.1707082088408587,0.1779004122334519,0.18425420040892204,0.1896709225216135,0.19405193587359054,0.19729860950681222,0.199312333460724,0.19999999999999934
-1.5991819828865045e-15,0.006876987487742431,0.0270147905404241,0.059481874651789814,0.10329190268199415,0.15745853272771185,0.22099542248189238,0.2929162285724851,0.37223460602576197,0.4579642092872552,0.5491186932485359,0.6447117135994307,0.7437569266952807,0.8452679892528266,0.9482585580455363,1.0517422896789101,1.1547328404999768,1.2562438666909728,1.3552890245794162,1.4508819711274412,1.542036364473098,1.6277658643948851,1.7070841326279393,1.7790048328086927,1.8425416295346586,1.8967081864806792,1.9405181648702714,1.9729852233325071,1.9931230170648546,2.000000000000002
1.0,0.9999999943868932,0.999999984284061,0.9999999722933605,0.9999999594104113,0.9999999465663171,0.9999999342215752,0.999999922659925,0.9999999121735074,0.9999999030519044,0.9999998955356518,0.9999998897979958,0.9999998859475091,0.999999884033488,0.9999998840469593,0.999999885917172,0.9999998895063061,0.9999998946079609,0.9999999009578124,0.9999999082636634,0.9999999162539794,0.9999999247356788,0.9999999336485901,0.9999999430890633,0.9999999532384337,0.9999999641455244,0.9999999754564945,0.999999986306997,0.9999999954163763,1.0000000000000002
1.6476373481097423e-15,0.015828147836798225,0.030702383505458893,0.044431925683675044,0.057017006183955186,0.06845794965682928,0.07875485974018798,0.08790782874589877,0.09591687990130598,0.10278195979909546,0.10850298733134078,0.11307989259650615,0.11651263078059758,0.1188011831021542,0.11994555196511435,0.11994575308570724,0.1188018071233387,0.11651373167682375,0.11308153311153721,0.10850519889923925,0.10278469264846776,0.0959199535462732,0.08791090457370943,0.07875748105459256,0.06845967777574345,0.057017565869663674,0.044431252915186,0.030700929553467034,0.015826864902133083,-6.563686109931738e-15
-2.9383076201359336e-15,0.15827486295855994,0.3070152589709937,0.44431417446574145,0.5701715456921125,0.6845873438073383,0.7875615681144473,0.8790941991324457,0.9591852226819069,1.0278346390134177,1.0850424566164605,1.1308086845839798,1.1651333289938894,1.1880163921782148,1.199457873281753,1.1994577695221118,1.1880160780440059,1.1651327983213577,1.1308079346348,1.0850414975283231,1.027833503551834,0.959183973971225,0.8790929323516234,0.787560397422676,0.6845863703114103,0.5701708291167764,0.4443137429008094,0.30701508172359926,0.15827478657629357,-1.1763156010893616e-15
1.6585807675439554e-15,-1.0434545207330116e-7,-1.295325903065965e-7,-1.4637906283510315e-7,-1.505540971464884e-7,-1.467055844713896e-7,-1.3919497965631215e-7,-1.284568451966017e-7,-1.1425029781832476e-7,-9.690097143820143e-8,-7.714306621166341e-8,-5.576264116158468e-8,-3.347358495177826e-8,-1.0947726649949103e-8,1.112553238142714e-8,3.1997986766381675e-8,5.0867987955804864e-8,6.696972026677394e-8,7.976576960791369e-8,8.918587591624196e-8,9.579758176493142e-8,1.008501856300125e-7,1.0613438275775987e-7,1.1331033222115039e-7,1.2235111713614684e-7,1.3005032283819816e-7,1.3063639900098483e-7,1.1862362020813146e-7,8.947329407546037e-8,-1.5781276731934143e-15
-2.5676557199350116e-15,0.0006877316854208886,0.002701575032170724,0.005948320922771004,0.010329298839045008,0.01574586975356979,0.022099410278998585,0.02929130466268058,0.03722294052841492,0.045795703771878665,0.05491097502697173,0.06447012883222776,0.07437453465918825,0.08452555872546964,0.09482456588820813,0.10517292115387018,0.11547199052118276,0.1256231410507636,0.135527740175227,0.14508715437281808,0.15420274746547752,0.1627758789013611,0.1707079024956937,0.17790016644619153,0.18425401565244617,0.1896707963142751,0.19405186110224087,0.19729857504598944,0.1993123244680277,0.19999999999999934
-1.5204265492633056e-15,0.006876993379585076,0.027014806579856235,0.059481903769967565,0.103291946934284,0.15745859340856289,0.2209954996021521,0.2929163211404763,0.3722347127362614,0.4579643287825913,0.5491188240045565,0.6447118537548017,0.7437570739773159,0.8452681410026675,0.9482587113047262,1.051742441309342,1.1547329873296324,1.2562440056875381,1.3552891530412177,1.4508820868616594,1.5420364659311419,1.6277659507361941,1.7070842036559555,1.7790048887675776,1.8425416709832696,1.8967082145130927,1.9405181813757215,1.972985230827935,1.9931230187817637,2.0000000000000018
1.0000000000000004,1.0000000303953556,1.0000000765004746,1.0000001204060889,1.0000001588525738,1.000000190185875,1.0000002143044988,1.0000002321494408,1.0000002451502945,1.000000254793697,1.0000002623722273,1.0000002688782776,1.0000002749840786,1.0000002810611304,1.0000002872101212,1.0000002932858059,1.0000002989108863,1.0000003034814737,1.0000003061731912,1.0000003059589377,1.0000003016463277,1.0000002919425655,1.0000002755646904,1.0000002514278636,1.0000002189449688,1.00000017844216,1.000000131627258,1.0000000818580657,1.0000000326254537,0.9999999999999997
3.2598854949514857e-15,0.015828151220253824,0.030702206240098697,0.044431529280169774,0.057016465119567664,0.06845730955446414,0.07875417477403343,0.08790712618749318,0.09591617315666538,0.1027812701868495,0.10850234664653109,0.1130793353278855,0.11651218724365776,0.11880087598277503,0.11994539559548197,0.11994575414385956,0.11880196505669495,0.11651403804122701,0.11308197073899458,0.1085057426100332,0.10278531252122902,0.09592062089790152,0.08791159893817509,0.07875818990894848,0.0684603792804607,0.05701821237794558,0.04443179285998389,0.030701316045049717,0.015827068088459687,-5.660300100677191e-15
-2.8202962725695684e-15,0.1582749689656861,0.30701539311376647,0.44431434016358984,0.5701717305649936,0.6845875369985867,0.7875617542815071,0.8790943709450115,0.9591853790044977,1.0278347789816555,1.0850425772046064,1.1308087812319114,1.165133396918861,1.1880164273174636,1.1994578728042686,1.1994577321368585,1.1880160043141814,1.165132690966816,1.1308077985809033,1.0850413395681913,1.0278333317149184,0.9591837964051874,0.8790927554871043,0.7875602251378034,0.6845862069515001,0.5701706829994354,0.444313622707414,0.30701499392677256,0.15827474331511296,-1.0622952483325206e-15
1.575146300043911e-15,5.332740008329312e-7,5.291212283049445e-7,4.826148123278306e-7,4.062727866756567e-7,3.206308093751049e-7,2.40931180307406e-7,1.7597677946529056e-7,1.2859561187569349e-7,9.766112470244362e-8,8.00833994767488e-8,7.214894025204491e-8,7.021352733449036e-8,7.096049136668485e-8,7.141106473236639e-8,6.881423674213351e-8,6.051889446918504e-8,4.391971946095623e-8,1.6530732783592146e-8,-2.3826593484483716e-8,-7.875889042661316e-8,-1.4890728457784418e-7,-2.3325262737951272e-7,-3.2799350555504806e-7,-4.2513932559915224e-7,-5.113513440930984e-7,-5.681112932185509e-7,-5.77329618302492e-7,-5.678326827133937e-7,-6.260543953860488e-16
-2.567667068444976e-15,0.0006877316852913774,0.002701575031740576,0.005948320922217474,0.010329298838779647,0.01574586975403417,0.022099410280516856,0.029291304665425056,0.03722294053245575,0.04579570377719239,0.05491097503344632,0.06447012883970056,0.07437453466742949,0.08452555873426167,0.09482456589731653,0.10517292116305066,0.11547199053021069,0.1256231410593797,0.13552774018316685,0.14508715437983255,0.15420274747134005,0.1627758789058809,0.1707079024987966,0.17790016644793655,0.18425401565305136,0.18967079631407627,0.1940518611016355,0.19729857504542078,0.19931232446779676,0.19999999999999934
-1.5223261554285863e-15,0.006876993380043427,0.027014806580951668,0.059481903771539175,0.10329194693609742,0.15745859341037133,0.22099549960373738,0.2929163211416694,0.37223471273693837,0.45796432878266624,0.5491188240039779,0.6447118537535451,0.7437570739753883,0.8452681410000907,0.9482587113015453,1.0517424413056211,1.1547329873254448,1.2562440056829873,1.3552891530364324,1.450882086856777,1.5420364659263115,1.6277659507315743,1.707084203651684,1.779004888763778,1.8425416709800424,1.8967082145105172,1.9405181813738501,1.9729852308267635,1.9931230187812734,2.0000000000000018
1.0000000000000004,1.0000000303978591,1.0000000765068702,1.0000001204163467,1.000000158866377,1.0000001902027298,1.0000002143238593,1.0000002321708057,1.0000002451732448,1.0000002548178968,1.0000002623974096,1.0000002689042413,1.0000002750106718,1.0000002810882211,1.000000287237577,1.0000002933134888,1.000000298938652,1.0000003035091518,1.0000003062005793,1.0000003059857907,1.0000003016723327,1.0000002919673345,1.000000275587746,1.000000251448649,1.0000002189628778,1.000000178456598,1.0000001316377767,1.0000000818645003,1.0000000326279612,0.9999999999999997
3.259626384629025e-15,0.015828151217293248,0.030702206236971827,0.04443152928088089,0.05701646512558451,0.06845730956510908,0.07875417478750772,0.08790712620229765,0.09591617317175696,0.10278127020108767,0.10850234665918058,0.11307933533818496,0.1165121872512898,0.11880087598785553,0.1199453955977044,0.11994575414340784,0.11880196505348031,0.11651403803489642,0.11308197072966443,0.10850574259794761,0.10278531250661142,0.09592062088164278,0.08791159892179393,0.07875818989417091,0.06846037926903065,0.0570182123707986,0.04443179285787376,0.030701316047768486,0.01582706809272683,-5.6605019012543914e-15
-2.8226609951367185e-15,0.1582749689735513,0.30701539312042436,0.44431434016783405,0.5701717305663452,0.6845875369971803,0.7875617542778421,0.8790943709396647,0.959185378997941,1.0278347789743176,1.0850425771968242,1.1308087812240424,1.1651333969111741,1.1880164273101466,1.1994578727976115,1.199457732130984,1.1880160043093035,1.1651326909633188,1.130807798578969,1.085041339567899,1.0278333317164492,0.9591837964084736,0.8790927554918982,0.7875602251439046,0.6845862069586369,0.5701706830073829,0.44431362271566777,0.3070149939346697,0.15827474332333158,-1.0646713258023654e-15
1.5627389140953048e-15,5.333182572407838e-7,5.291667674105898e-7,4.826582532022467e-7,4.063112639765524e-7,3.206630357715455e-7,2.409571956786912e-7,1.7599743426757622e-7,1.2861190795384067e-7,9.767393821652095e-8,8.009351131069468e-8,7.21570554311701e-8,7.022005043762524e-8,7.096550421324158e-8,7.141450675663585e-8,6.88160645858274e-8,6.051892467105218e-8,4.391759780681789e-8,1.6526055045488835e-8,-2.3834476952633858e-8,-7.877081618540322e-8,-1.4892421956609752e-7,-2.3327560189460289e-7,-3.2802330057376837e-7,-4.251762780955598e-7,-5.113946285697737e-7,-5.681583887864331e-7,-5.773764723384475e-7,-5.678769513901269e-7,-6.136657086611877e-16
-5.300398599466768e-14,0.0006877358705017036,0.002701479496869546,0.005948000591926859,0.010328610597950797,0.01574467419009324,0.02209760318427315,0.029288839551884882,0.037219830596114604,0.04579200763317154,0.054906779063870655,0.0644655334963225,0.0743696460167,0.08452048402073631,0.09481941154444506,0.10516779199072251,0.11546698944673484,0.12561836882020036,0.13552329487066417,0.1450831300082167,0.1541992306487297,0.16277294211993856,0.17070559296115068,0.17789849155737097,0.18425293083288327,0.18967020538929785,0.19405163346816362,0.1972985659098322,0.19931237663999493,0.1999999999999662
-5.365882703129027e-15,0.006876973583607629,0.027014780890522613,0.05948190637741591,0.10329201431075496,0.15745876095063105,0.22099579823328688,0.2929167729953542,0.37223532938417075,0.4579651124032767,0.5491197696167784,0.6447129511341755,0.7437583088461742,0.8452694955581248,0.9482601642820133,1.0517439677746176,1.154734558379502,1.2562455882520391,1.3552907100525362,1.4508835781245122,1.5420378500327985,1.6277671882140647,1.707085261406327,1.7790057451870558,1.842542320260544,1.8967086674404319,1.9405184617824953,1.972985371809335,1.9931230616366953,2.0000000000000124
1.0,0.9999999072688165,0.9999997739300672,0.9999996498619703,0.9999995401464227,0.9999994473928842,0.9999993707678158,0.9999993081216807,0.9999992572664619,0.9999992163100399,0.9999991836694178,0.9999991580524208,0.9999991384623038,0.9999991242091726,0.9999991149129217,0.9999991104929928,0.999999111148163,0.9999991173355273,0.9999991297645461,0.9999991494235426,0.9999991776462805,0.9999992162070372,0.9999992673995591,0.9999993339697855,0.9999994185961024,0.9999995225243884,0.9999996434982064,0.9999997745615227,0.9999999084542839,1.0000000000000004
-4.0726528685303e-15,0.015827790406790474,0.030700324913143794,0.0444281222796558,0.057011348322314664,0.06845072568360333,0.0787466909827047,0.08789946501010067,0.09590896294132878,0.10277493248320259,0.10849711383050359,0.11307531225563217,0.11650940712481732,0.11879933751012965,0.11994508321159594,0.11994664700636676,0.1188040397659511,0.11651726759499817,0.11308631860223131,0.10851114733071968,0.10279165713975094,0.09592768558334532,0.08791900898194581,0.07876539889296401,0.06846675336344195,0.05702322898497924,0.04443518238366895,0.030702987571652844,0.015826729686193832,-2.001516024646293e-14
-9.373146867620799e-15,0.15827471446875607,0.30701551708958796,0.444314878387231,0.5701726923754865,0.6845888912487459,0.7875634231238232,0.8790962354026807,0.9591873193067664,1.0278366987567489,1.0850444057520663,1.1308104660616909,1.165134895175981,1.1880176991801417,1.1994588772635277,1.199458424893203,1.1880163377504818,1.1651326167141203,1.1308072736104111,1.0850403364029129,1.0278318520884784,0.9591818863577923,0.8790905182780888,0.7875578231896023,0.6845838370906641,0.5701685228664444,0.4443117964095154,0.30701360353601403,0.15827386437528826,-6.418223544478153e-15
4.161602878490199e-15,-1.5917426834846872e-6,-1.5002606397376216e-6,-1.3649726794195197e-6,-1.1755191098517706e-6,-9.788746140708163e-7,-8.033573400848542e-7,-6.543331103858903e-7,-5.291563323302981e-7,-4.240854451237118e-7,-3.356775840537066e-7,-2.6056769070657503e-7,-1.9525731576184437e-7,-1.3614595078407046e-7,-7.967501231611106e-8,-2.247446276502151e-8,3.856207173462945e-8,1.0634939985909909e-7,1.8389369462604842e-7,2.747421877516572e-7,3.8342553237018096e-7,5.156250935376144e-7,6.774921555136559e-7,8.725540427308259e-7,1.0939356439940262e-6,1.313407969482262e-6,1.479030234035812e-6,1.5413680081145891e-6,1.5759739230522274e-6,-4.7100813900187575e-15
-1.2154267066608614e-13,0.0006878294784073974,0.002701861419939553,0.005948725324906087,0.010329636190429956,0.01574593884669705,0.022099047139348297,0.029290404197977505,0.037221462340289994,0.04579366485403514,0.054908434460842016,0.06446717066010085,0.074371253436408,0.0845220501008356,0.0948209226587364,0.10516923372439349,0.11546834981463275,0.12561964162794576,0.13552448135093553,0.14508423742029405,0.15420026779548757,0.1627739133702284,0.17070649349700368,0.17789930620080377,0.18425363597625896,0.18967076972058666,0.1940520179203196,0.19729874316295365,0.19931239607011286,0.19999999999989296
-2.7802120006237188e-14,0.00687698503295487,0.02701479050675495,0.059481909800040256,0.10329201901546953,0.15745877383287837,0.22099582416156446,0.29291681681256115,0.37223539593115185,0.4579652051154836,0.5491198894498055,0.6447130964095086,0.7437584757220848,0.845269678623018,0.9482603569238318,1.0517441622488348,1.1547347457516097,1.2562457585587083,1.3552908530426078,1.4508836847333009,1.5420379143462184,1.6277672093098154,1.707085244317552,1.7790057003942839,1.8425422617713454,1.8967086104875774,1.9405184206033974,1.9729853549950866,1.9931230626243437,2.0000000000000466
1.0000000000000038,1.0000001019465223,1.000000256597702,1.0000004036043135,1.000000531838766,1.0000006359213498,1.0000007157656776,1.0000007747303588,1.0000008177407054,1.0000008498551545,1.000000875445106,1.0000008978492616,1.000000919307356,1.000000941024872,1.00000096327438,1.000000985479484,1.0000010062604716,1.0000010234522687,1.0000010341304597,1.000001034688337,1.0000010209932886,1.0000009886383863,1.000000933331239,1.000000851521099,1.0000007413857952,1.0000006041944043,1.0000004458041725,1.0000002774725134,1.000000110737551,0.9999999999999977
5.519826661041347e-15,0.015830125711388743,0.03070427467543014,0.04443195111528387,0.05701448295289715,0.06845314770692983,0.07874842731479988,0.08790053732871475,0.09590947242958331,0.10277504384496745,0.10849698204035192,0.11307503009166264,0.11650899798131319,0.11879878255053299,0.11994436077451699,0.1199457644631337,0.11880304640108665,0.11651624497024198,0.11308535116679404,0.10851028391365973,0.10279088141890907,0.09592691343208147,0.08791811922460144,0.0787642801300676,0.0684653184888878,0.05702137635750239,0.0444328676849379,0.03070062864055488,0.01582577730825402,-2.3838507812512892e-14
-3.996636419951309e-14,0.158274819894399,0.3070154298721983,0.4443148424372217,0.5701727524081178,0.6845890161991685,0.787563601805628,0.8790964721978785,0.9591876069114521,1.0278370130254075,1.0850447153639957,1.1308107424792713,1.1651351169236175,1.1880178507866772,1.1994589456818052,1.1994583965970345,1.188016199070528,1.1651323586396198,1.1308069000342815,1.0850398720370051,1.0278313451226022,0.9591814026757872,0.8790901271182823,0.7875575785332958,0.6845837660844587,0.570168628320783,0.4443120479345999,0.30701388875001523,0.1582739393418246,-3.508216040285392e-14
-1.830951470525912e-14,1.7889326241281888e-6,1.7739222708582379e-6,1.61308551304702e-6,1.35214084907384e-6,1.0630003115654307e-6,7.965311129951385e-7,5.814458199941476e-7,4.2643408786022055e-7,3.2717872455065297e-7,2.729826712089557e-7,2.5110456970523044e-7,2.4902494717660546e-7,2.553270221182696e-7,2.597400866172642e-7,2.5275434131913285e-7,2.251802575768031e-7,1.6799976185866824e-7,7.271898938013018e-8,-6.783738075308332e-8,-2.58519432275714e-7,-5.005991793706878e-7,-7.89698807565575e-7,-1.112262466435287e-6,-1.4409277131541783e-6,-1.7309702954389794e-6,-1.9214059377156986e-6,-1.9533018946860788e-6,-1.9256789416464253e-6,2.6566632887534238e-14
-2.5670188378353367e-15,0.0006877316851714437,0.0027015750313910125,0.0059483209218898075,0.010329298838671896,0.015745869754266135,0.022099410281276075,0.029291304666989544,0.03722294053509011,0.04579570378103185,0.05491097503842935,0.06447012884560131,0.07437453467395601,0.08452555874110096,0.09482456590422514,0.10517292116984357,0.11547199053666743,0.12562314106531008,0.13552774018837815,0.14508715438415434,0.15420274747465576,0.16277587890817277,0.17070790250015164,0.177900166448543,0.1842540156531247,0.1896707963138617,0.1940518611014351,0.19729857504549073,0.1993123244681162,0.19999999999999934
-1.5146804909336004e-15,0.006876993379284898,0.02701480657921154,0.05948190376899197,0.10329194693293882,0.15745859340680357,0.22099549959993833,0.2929163211377794,0.37223471273308056,0.4579643287789692,0.5491188240005827,0.6447118537506026,0.7437570739730411,0.8452681409984658,0.9482587113007316,1.0517424413056722,1.1547329873264118,1.2562440056848905,1.3552891530392646,1.4508820868604952,1.542036465930839,1.6277659507367876,1.7070842036573886,1.7790048887696932,1.8425416709858011,1.8967082145156777,1.9405181813779273,1.9729852308293454,1.9931230187822158,2.0000000000000018
1.0000000000000004,1.0000000303929506,1.0000000764943549,1.0000001203963143,1.0000001588394969,1.000000190170035,1.0000002142864792,1.0000002321297934,1.000000245129487,1.0000002547720879,1.000000262350057,1.000000268855701,1.0000002749611903,1.0000002810379816,1.0000002871867306,1.0000002932621923,1.000000298887086,1.000000303457547,1.0000003061492566,1.0000003059351799,1.0000003016230274,1.0000002919201074,1.0000002755435644,1.0000002514086592,1.000000218928337,1.0000001784287131,1.0000001316174512,1.0000000818520371,1.0000000326230651,0.9999999999999997
3.2605136844063044e-15,0.015828151214643364,0.030702206235405746,0.044431529282565864,0.0570164651288261,0.06845730956993328,0.07875417479513909,0.08790712621331986,0.0959161731852921,0.10278127021509423,0.10850234667135301,0.11307933534722081,0.11651218725668577,0.11880087598989703,0.11994539559744152,0.11994575414080412,0.11880196504843311,0.1165140380276734,0.11308197072026217,0.10850574258680118,0.10278531249463466,0.09592062087005478,0.08791159891189196,0.0787581898867153,0.06846037926415068,0.05701821236920135,0.04443179285961804,0.0307013160522895,0.01582706809098822,-5.659495647876546e-15
-2.813083202374977e-15,0.15827496896100066,0.3070153931100701,0.44431434015955645,0.5701717305604466,0.6845875369935355,0.7875617542760334,0.8790943709393326,0.9591853789990387,1.0278347789769742,1.0850425772011996,1.1308087812301426,1.1651333969188677,1.1880164273191276,1.1994578728073602,1.1994577321413389,1.1880160043201096,1.165132690974195,1.1308077985895613,1.0850413395778042,1.0278333317252402,0.9591837964154524,0.8790927554961412,0.7875602251443805,0.6845862069543938,0.5701706829976253,0.4443136227004301,0.30701499391563164,0.15827474330562832,-1.0551400166247648e-15
1.6118584662275236e-15,5.332315812629332e-7,5.290779308483378e-7,4.82573955722517e-7,4.062373984482692e-7,3.2060214699504216e-7,2.4090921568719795e-7,1.7596080359065264e-7,1.2858446361775078e-7,9.765342444291963e-8,8.007792252995895e-8,7.214487034331483e-8,7.021028533005527e-8,7.095761142240981e-8,7.140834474122385e-8,6.881182933427745e-8,6.051699681574226e-8,4.3918820706296147e-8,1.6531555153101588e-8,-2.3823116648845507e-8,-7.875155137603013e-8,-1.4889487715312158e-7,-2.3323392905448054e-7,-3.279674756249045e-7,-4.25105756715659e-7,-5.113112902435337e-7,-5.680675668172659e-7,-5.772864211543718e-7,-5.677910347663682e-7,-6.627836129186665e-16
-2.567731766165101e-15,0.0006877316853955114,0.0027015750321018614,0.005948320922766318,0.010329298839293817,0.01574586975418146,0.022099410279985018,0.029291304664088847,0.0372229405302876,0.04579570377422135,0.05491097502972582,0.06447012883530256,0.07437453466246068,0.08452555872884625,0.09482456589161437,0.10517292115721706,0.11547199052435864,0.1256231410537129,0.13552774017788338,0.14508715437510117,0.1542027474673674,0.16277587890283143,0.17070790249672038,0.17790016644677553,0.18425401565262556,0.18967079631414224,0.19405186110194786,0.19729857504570925,0.19931232446792538,0.19999999999999934
-1.5215777507677024e-15,0.006876993379657673,0.027014806580038398,0.059481903770224984,0.1032919469345537,0.15745859340879922,0.22099549960233378,0.29291632114057775,0.3722347127362652,0.45796432878249205,0.549118824004362,0.6447118537545252,0.7437570739769792,0.8452681410022856,0.9482587113043094,1.051742441308904,1.1547329873291972,1.256244005687104,1.355289153040795,1.4508820868612642,1.5420364659307677,1.6277659507358462,1.7070842036556473,1.7790048887673235,1.8425416709830817,1.8967082145129737,1.9405181813756578,1.9729852308278981,1.9931230187817301,2.0000000000000013
1.0000000000000002,1.0000000303957395,1.0000000765014405,1.0000001204076157,1.0000001588546108,1.0000001901883424,1.0000002143073135,1.0000002321525356,1.000000245153626,1.0000002547972253,1.0000002623759228,1.0000002688821104,1.0000002749880426,1.0000002810652082,1.0000002872142892,1.0000002932900325,1.000000298915143,1.00000030348573,1.0000003061774105,1.0000003059630693,1.0000003016503147,1.0000002919463507,1.0000002755682011,1.0000002514310198,1.0000002189476873,1.0000001784443575,1.000000131628873,1.0000000818590633,1.0000000326258436,0.9999999999999997
3.25972934353915e-15,0.015828151219689772,0.03070220623995893,0.04443152928201357,0.05701646512338813,0.06845730955878872,0.07875417477858522,0.08790712619268296,0.0959161731621956,0.10278127019205627,0.10850234665084635,0.1130793353308963,0.11651218724533786,0.11880087598354566,0.11994539559537667,0.11994575414247607,0.1188019650543171,0.11651403803828438,0.11308197073506324,0.10850574260551843,0.10278531251654625,0.09592062089286327,0.08791159893297427,0.07875818990394799,0.0684603792761771,0.05701821237513563,0.044431792859062444,0.030701316046414715,0.015827068090555327,-5.660427015720325e-15
-2.8217305087050995e-15,0.15827496896698184,0.30701539311492126,0.4443143401641082,0.5701717305648124,0.6845875369980607,0.7875617542807298,0.8790943709439568,0.9591853790033066,1.0278347789804894,1.0850425772035641,1.130808781231084,1.1651333969182691,1.1880164273170035,1.199457872803917,1.199457732136775,1.1880160043142276,1.1651326909668507,1.1308077985811587,1.0850413395684901,1.0278333317151613,0.9591837964055657,0.8790927554876526,0.7875602251385089,0.684586206952311,0.5701706830001873,0.44431362270792507,0.30701499392683196,0.15827474331541588,-1.0637376073654156e-15
1.5677891909520065e-15,5.332807309719075e-7,5.29127922129812e-7,4.826210839860202e-7,4.062782779232023e-7,3.2063530487538664e-7,2.4093477043749206e-7,1.7597975525290662e-7,1.2859811417941242e-7,9.766323026390543e-8,8.00851337011372e-8,7.21504772909584e-8,7.021497521114452e-8,7.096168848761511e-8,7.141193340836329e-8,6.881474757910214e-8,6.05190736108643e-8,4.3919524519672977e-8,1.6530032522474923e-8,-2.382794137677785e-8,-7.87608815527141e-8,-1.4891002089031431e-7,-2.332562683985513e-7,-3.279980923694009e-7,-4.251449068984692e-7,-5.113577912056865e-7,-5.681183277090951e-7,-5.773367954048474e-7,-5.678395681711992e-7,-6.187023357753228e-16
-5.300397570930162e-14,0.0006877358705644069,0.002701479496983106,0.005948000591965459,0.010328610597697541,0.015744674189399167,0.022097603183095584,0.029288839550207734,0.03721983059395263,0.04579200763058135,0.05490677906089876,0.06446553349299851,0.07436964601310708,0.08452048401698417,0.09481941154062648,0.10516779198696319,0.1154669894431481,0.12561836881687896,0.13552329486763834,0.1450831300055128,0.15419923064637628,0.16277294211800195,0.17070559295968468,0.1778984915563955,0.1842529308323849,0.18967020538921067,0.1940516334683109,0.19729856591003747,0.19931237664011775,0.19999999999996623
-5.363014380386194e-15,0.006876973583785498,0.027014780890931855,0.059481906378033335,0.10329201431157631,0.15745876095163355,0.22099579823442866,0.29291677299659774,0.3722353293854897,0.457965112404652,0.5491197696181922,0.6447129511356116,0.7437583088476126,0.8452694955595431,0.9482601642833903,1.0517439677759064,1.1547345583806066,1.2562455882529182,1.3552907100531906,1.4508835781249507,1.5420378500330378,1.627767188214102,1.7070852614061691,1.779005745186744,1.842542320260131,1.896708667439981,1.9405184617820797,1.97298537180902,1.993123061636546,2.0000000000000124
1.0,0.9999999072696529,0.9999997739317281,0.9999996498638664,0.9999995401479148,0.9999994473932797,0.9999993707664641,0.9999993081179637,0.9999992572598102,0.9999992162999178,0.9999991836552928,0.9999991580337468,0.9999991384385448,0.9999991241798128,0.999999114877452,0.999999110453293,0.9999991111132689,0.9999991173072696,0.9999991297423715,0.9999991494068262,0.9999991776343614,0.9999992161992375,0.9999992673951745,0.9999993339680618,0.999999418596278,0.9999995225257163,0.9999996434999779,0.9999997745631196,0.9999999084551116,1.0000000000000004
-4.0723099872222954e-15,0.015827790407761094,0.030700324913213697,0.04442812227756677,0.05701134831783512,0.06845072567811489,0.07874669097697377,0.08789946500430303,0.09590896293599473,0.10277493247856388,0.10849711382620736,0.11307531225191941,0.1165094071223532,0.11879933750880153,0.11994508321152109,0.11994664700774357,0.11880403976858511,0.11651726759832531,0.11308631860580856,0.10851114733457312,0.1027916571441607,0.09592768558855194,0.08791900898758781,0.07876539889863676,0.06846675336878147,0.05702322898885652,0.044435182385290276,0.030702987571468523,0.015826729684453842,-2.0014795808794514e-14
-9.369566495234993e-15,0.15827471447169358,0.3070155170920797,0.4443148783896224,0.570172692377771,0.6845888912506182,0.7875634231251999,0.879096235403688,0.9591873193075237,1.027836698757295,1.0850444057524202,1.130810466061845,1.1651348951758727,1.1880176991797948,1.199458877262885,1.199458424891619,1.1880163377479753,1.165132616711474,1.1308072736078343,1.0850403364005203,1.0278318520861773,0.9591818863554309,0.8790905182760157,0.7875578231881092,0.6845838370898285,0.5701685228664248,0.44431179641032154,0.3070136035375384,0.15827386437764743,-6.414647654289265e-15
4.1799301453209165e-15,-1.5917297844997333e-6,-1.5002544354287218e-6,-1.3649735238099033e-6,-1.1755278058756338e-6,-9.7889120077393e-7,-8.033812645239106e-7,-6.543639432092643e-7,-5.291935165809293e-7,-4.241287683743105e-7,-3.357271767779217e-7,-2.6062360767691143e-7,-1.9531932093921837e-7,-1.3621387575474402e-7,-7.97488428852867e-8,-2.2471057235137062e-8,3.864231076354861e-8,1.0642323132928876e-7,1.8396076486350592e-7,2.748017063738457e-7,3.834772804015925e-7,5.15668878128124e-7,6.775274655326645e-7,8.725804740940071e-7,1.093953306423476e-6,1.313417084139097e-6,1.4790316524575024e-6,1.5413625766921267e-6,1.5759613875960177e-6,-4.728376283340138e-15
-2.5679584426244837e-15,0.0006877316848353616,0.0027015750305400847,0.005948320920947322,0.010329298838249765,0.01574586975486138,0.022099410283253792,0.029291304670636537,0.03722294054051991,0.0457957037882398,0.054910975047328545,0.06447012885603969,0.07437453468574422,0.08452555875407738,0.09482456591816957,0.10517292118446879,0.11547199055166028,0.12562314108031508,0.13552774020302732,0.1450871543980635,0.15420274748744275,0.16277587891955844,0.17070790250992776,0.17790016645658932,0.1842540156594173,0.1896707963184669,0.1940518611044579,0.19729857504716675,0.19931232446869304,0.19999999999999934
-1.5236725429884137e-15,0.006876993379223254,0.027014806579043104,0.059481903768700474,0.10329194693250322,0.15745859340623972,0.22099549959928355,0.2929163211370644,0.37223471273234887,0.4579643287782595,0.5491188239999218,0.6447118537500092,0.7437570739725261,0.8452681409980191,0.948258711300343,1.0517424413053378,1.1547329873261196,1.2562440056846276,1.3552891530390172,1.4508820868602648,1.5420364659306365,1.6277659507365965,1.7070842036571998,1.779004888769502,1.8425416709856033,1.8967082145154723,1.9405181813777348,1.9729852308291909,1.9931230187821438,2.0000000000000018
1.0000000000000004,1.0000000303917913,1.0000000764912846,1.0000001203911937,1.0000001588323626,1.0000001901610482,1.0000002142758564,1.0000002321177663,1.0000002451162688,1.0000002547578573,1.0000002623349786,1.0000002688399354,1.0000002749448882,1.0000002810212805,1.0000002871697768,1.0000002932451262,1.000000298870063,1.0000003034407416,1.0000003061328515,1.0000003059193672,1.0000003016080135,1.0000002919061162,1.0000002755308457,1.0000002513974768,1.0000002189189559,1.0000001784213595,1.0000001316122467,1.0000000818489416,1.0000000326218874,0.9999999999999997
3.2592429341045983e-15,0.01582815120832071,0.03070220623108508,0.0444315292850685,0.05701646513805776,0.06845730958401813,0.07875417481308307,0.0879071262336595,0.09591617320612153,0.10278127023535748,0.10850234669020768,0.11307933536395935,0.11651218727141587,0.11880087600256305,0.11994539560708306,0.11994575414694925,0.11880196505069573,0.1165140380256948,0.11308197071395201,0.1085057425758841,0.10278531247980938,0.09592062085245483,0.08791159889234207,0.07875818986630773,0.06846037924410239,0.05701821235005001,0.044431792842482436,0.030701316038048702,0.015827068079966332,-5.660714211899613e-15
-2.8243244882572005e-15,0.15827496895986617,0.30701539310874876,0.44431434015797644,0.5701717305587902,0.6845875369922629,0.7875617542751517,0.8790943709388693,0.9591853789990917,1.027834778977406,1.0850425772018841,1.130808781231022,1.1651333969197426,1.1880164273198455,1.1994578728080172,1.1994577321419075,1.188016004320528,1.165132690974444,1.1308077985897103,1.0850413395780911,1.0278333317254915,0.9591837964155091,0.8790927554961385,0.787560225144327,0.6845862069542796,0.5701706829976309,0.4443136227006986,0.30701499391631926,0.15827474330680225,-1.0663760343152785e-15
1.5544561716535924e-15,5.332106876696684e-7,5.290546655817787e-7,4.825500599363181e-7,4.0621480920513387e-7,3.205818519780947e-7,2.408915876432123e-7,1.7594581455426085e-7,1.2857173509745123e-7,9.764264464822634e-8,8.006902948749025e-8,7.213780655314206e-8,7.02048610486161e-8,7.095382711095807e-8,7.140622463005838e-8,6.881138575224252e-8,6.051848258329751e-8,4.3922390504839544e-8,1.6537290573232615e-8,-2.3815078291427397e-8,-7.874103386925495e-8,-1.4888160565624052e-7,-2.3321765619077245e-7,-3.2794809067783333e-7,-4.2508341231603613e-7,-5.11286802503746e-7,-5.680425219932682e-7,-5.772629148977013e-7,-5.67769979748451e-7,-6.054077794153471e-16
-1.2154627460223679e-13,0.0006878294801469218,0.0027018614247115765,0.00594872532982654,0.01032963619202876,0.015745938841961005,0.022099047125502706,0.02929040417259524,0.0372214623017318,0.04579366480179975,0.05490843439560022,0.06446717058343569,0.07437125335044498,0.08452205000790025,0.0948209225611683,0.10516923362451307,0.11546834971482589,0.12561964153076163,0.1355244812590637,0.14508423733637918,0.15420026772181233,0.16277391330836155,0.17070649344756,0.17789930616338162,0.18425363594960129,0.18967076970286417,0.1940520179093387,0.19729874315635415,0.1993123960667521,0.1999999999998929
-2.780893274461796e-14,0.006876985034266804,0.027014790509750627,0.0594819098046727,0.10329201902167562,0.1574587738405435,0.22099582417060132,0.2929168168229112,0.372235395942709,0.4579652051280263,0.5491198894629808,0.644713096422868,0.7437584757351471,0.8452696786353279,0.9482603569349893,1.0517441622585024,1.1547347457594928,1.2562457585645261,1.3552908530460865,1.450883684734193,1.5420379143443645,1.6277672093052276,1.7070852443105,1.7790057003853752,1.8425422617615377,1.8967086104781115,1.9405184205956658,1.9729853549903438,1.9931230626228702,2.0000000000000466
1.0000000000000038,1.0000001019594151,1.0000002566309212,1.000000403658107,1.0000005319117733,1.0000006360110887,1.0000007158692634,1.000000774845018,1.0000008178640436,1.0000008499852358,1.0000008755804322,1.0000008979886843,1.0000009194499953,1.00000094117001,1.0000009634213567,1.000000985627635,1.000001006409066,1.0000010236004149,1.000001034277051,1.000001034831985,1.0000010211322363,1.0000009887704313,1.0000009334537128,1.0000008516309329,1.000000741479748,1.000000604269508,1.0000004458583889,1.000000277505462,1.0000001107504148,0.9999999999999977
5.519836998572454e-15,0.015830125747004514,0.030704274699035396,0.044431951095945714,0.057014482896219215,0.06845314761693398,0.07874842719399563,0.08790053718343924,0.09590947227149213,0.10277504368812099,0.10849698189724168,0.11307502997079583,0.11650899788679413,0.11879878248327341,0.11994436073421605,0.11994576444990811,0.11880304641638074,0.11651624501612208,0.11308535124411769,0.10851028402025353,0.10279088154844884,0.09592691357459733,0.08791811936825461,0.07876428026361271,0.0684653186040059,0.05702137644902866,0.0444328677492631,0.030700628678804815,0.015825777356106505,-2.3839186385658856e-14
-3.997504629590214e-14,0.1582748199157471,0.3070154298910441,0.4443148424560422,0.5701727524257129,0.6845890162155019,0.7875636018212058,0.8790964722126665,0.9591876069244261,1.0278370130350258,1.0850447153688603,1.130810742478614,1.1651351169174406,1.1880178507755068,1.199458945666371,1.1994583965779884,1.1880161990481852,1.1651323586140514,1.1308069000056158,1.085039872005831,1.0278313450903973,0.959181402645052,0.8790901270925343,0.7875575785166733,0.6845837660807842,0.5701686283327083,0.44431204796282153,0.30701388878955993,0.1582739393731996,-3.509067427439204e-14
-1.834911861754481e-14,1.7891615841558915e-6,1.7741624573453893e-6,1.613319142193406e-6,1.3523507792459026e-6,1.0631778620425052e-6,7.966751029865322e-7,5.815595321825607e-7,4.265226404249796e-7,3.2724748723182896e-7,2.7303625618686805e-7,2.5114655848499246e-7,2.490578951083315e-7,2.5535213734790257e-7,2.597576191674716e-7,2.527639485477218e-7,2.2518060021324164e-7,1.6798861182296353e-7,7.269352800369712e-8,-6.78809130285641e-8,-2.585858269418436e-7,-5.00693850323609e-7,-7.898270159648719e-7,-1.112427915836744e-6,-1.4411302510317745e-6,-1.7312033129967092e-6,-1.9216541530029525e-6,-1.953543012716933e-6,-1.9259053127969346e-6,2.6606454358079686e-14
-1.215443683259255e-13,0.000687829479643219,0.0027018614231643554,0.0059487253284201385,0.010329636192072226,0.015745938844512686,0.022099047131751925,0.029290404183873818,0.03722146231914765,0.04579366482583819,0.05490843442594144,0.06446717061906172,0.07437125338994066,0.08452205004976494,0.09482092260401875,0.10516923366714576,0.1154683497561312,0.12561964156960195,0.13552448129422437,0.14508423736664214,0.15420026774617565,0.16277391332631047,0.17070649345925257,0.17789930616965155,0.18425363595176075,0.1896707697024487,0.19405201790803872,0.19729874315599444,0.19931239606767445,0.19999999999989296
-2.7805052547355214e-14,0.00687698503296709,0.02701479050686545,0.059481909800402445,0.1032920190161666,0.15745877383392362,0.22099582416293823,0.29291681681422876,0.372235395933062,0.45796520511757755,0.5491198894520308,0.6447130964118268,0.7437584757244753,0.8452696786254735,0.9482603569263496,1.0517441622514074,1.1547347457542239,1.2562457585613414,1.3552908530452343,1.4508836847358992,1.542037914348772,1.6277672093123061,1.7070852443199502,1.7790057003965538,1.8425422617734422,1.8967086104894466,1.9405184206049433,1.9729853549961442,1.993123062624778,2.0000000000000466
1.0000000000000038,1.0000001019494769,1.0000002566053754,1.0000004036169141,1.0000005318561311,1.0000006359429958,1.0000007157909936,1.0000007747587507,1.0000008177716382,1.000000849888171,1.0000008754798249,1.0000008978853498,1.0000009193445254,1.0000009410628592,1.0000009633129348,1.0000009855183403,1.0000010062993376,1.0000010234908185,1.0000010341683265,1.0000010347251125,1.0000010210285124,1.0000009886715182,1.0000009333616526,1.0000008515480985,1.0000007414086798,1.0000006042125522,1.000000445817175,1.000000277480338,1.0000001107405698,0.9999999999999977
5.520002204864181e-15,0.015830125735402573,0.03070427469159871,0.0444319511058786,0.057014482919279026,0.06845314765250235,0.07874842724462133,0.08790053724906256,0.09590947234697061,0.102775043764627,0.1084969819655421,0.11307503002433646,0.11650899792290567,0.1187987825023935,0.1199443607383716,0.1199457644408919,0.11880304639451912,0.11651624498060859,0.11308535119420116,0.10851028395694236,0.10279088147586046,0.09592691349973499,0.08791811929935034,0.07876428020766277,0.06846531856495956,0.05702137642851491,0.04443286774997734,0.03070062869840309,0.015825777354336858,-2.3838352843238172e-14
-3.997004556236629e-14,0.15827481989485034,0.30701542987423497,0.44431484244080166,0.5701727524121746,0.6845890162031317,0.7875636018092674,0.8790964722010165,0.9591876069139242,1.0278370130272145,1.0850447153652647,1.1308107424801968,1.165135116924395,1.188017850787416,1.1994589456824956,1.1994583965976084,1.1880161990708922,1.165132358639687,1.13080690003407,1.0850398720365788,1.0278313451219914,0.9591814026749028,0.8790901271170163,0.7875575785315589,0.6845837660821728,0.570168628317725,0.44431204792996015,0.30701388874338853,0.15827393933427986,-3.508589156543307e-14
-1.8325713863813528e-14,1.7889852523277543e-6,1.7739787919235477e-6,1.6131424737458086e-6,1.352193759013111e-6,1.0630464982243427e-6,7.965701439052526e-7,5.814782643218563e-7,4.2646075033655985e-7,3.2720056448738075e-7,2.7300040078054106e-7,2.511187137602697e-7,2.4903592328790157e-7,2.553350574320187e-7,2.597451720488119e-7,2.5275620524514573e-7,2.2517855427559348e-7,1.6799404608240857e-7,7.270878211930444e-8,-6.785258160937834e-8,-2.5854039749602625e-7,-5.006269160381899e-7,-7.897342934006646e-7,-1.1123061994951622e-6,-1.440979319845454e-6,-1.731028174993557e-6,-1.9214667074965046e-6,-1.953360179659449e-6,-1.9257324440729156e-6,2.658288171505471e-14
-5.298092050745534e-14,0.000687735866618249,0.0027014794843305064,0.005948000574194264,0.010328610583791696,0.01574467418911461,0.022097603204894154,0.02928883959993241,0.03721983067408567,0.04579200774036797,0.0549067791971589,0.06446553365110898,0.07436964618784493,0.0845204842030331,0.09481941173284807,0.10516779218042026,0.11546698963297658,0.12561836899808937,0.13552329503510718,0.14508313015407626,0.15419923077121186,0.16277294221528657,0.17070559302753346,0.17789849159573812,0.1842529308473548,0.18967020538674004,0.19405163345701812,0.19729856589853836,0.1993123766346699,0.19999999999996626
-5.340043420919029e-15,0.006876973586119909,0.02701478089670622,0.05948190638565721,0.10329201431837301,0.15745876095479402,0.22099579823140827,0.2929167729853809,0.3722353293647604,0.4579651123738287,0.5491197695773259,0.6447129510852346,0.7437583087885975,0.8452694954930171,0.9482601642106849,1.0517439676985674,1.154734558300455,1.2562455881719972,1.3552907099737732,1.4508835780495029,1.5420378499640617,1.627767188153892,1.7070852613564416,1.7790057451482808,1.842542320232591,1.8967086674219908,1.9405184617715505,1.972985371803542,1.9931230616343287,2.0000000000000124
1.0,0.9999999072794163,0.9999997739554884,0.99999964990061,0.999999540196302,0.9999994474518515,0.999999370833933,0.9999993081933224,0.9999992573423688,0.9999992163893039,0.9999991837514132,0.9999991581367296,0.999999138548654,0.9999991242974161,0.9999991150029415,0.9999991105846415,0.999999111241185,0.999999117429559,0.9999991298590816,0.9999991495177921,0.9999991777391444,0.9999992162970703,0.9999992674849383,0.9999993340483073,0.9999994186652498,0.9999995225815485,0.9999996435410979,0.9999997745887385,0.999999908465325,1.0000000000000004
-4.068736932504923e-15,0.01582779032157038,0.0307003248176427,0.044428122264914084,0.05701134842038663,0.06845072588907912,0.07874669127306108,0.08789946534929438,0.09590896328996452,0.10277493280783391,0.10849711410836914,0.11307531247566159,0.11650940728423721,0.11879933760977326,0.11994508325417845,0.11994664699394149,0.11880403969785486,0.11651726746886566,0.11308631841626371,0.10851114708610296,0.10279165684395619,0.09592768525334644,0.08791900864548517,0.07876539858587901,0.06846675312173875,0.057023228834695856,0.044435182335044524,0.03070298761243342,0.015826729774257368,-2.001181074755104e-14
-9.34028806748828e-15,0.1582747145134758,0.30701551712590996,0.4443148783965962,0.5701726923516257,0.684588891192901,0.7875634230405834,0.8790962352995425,0.959187319192455,1.02783669863942,1.0850444056382276,1.1308104659560227,1.165134895081778,1.188017699100015,1.1994588771996768,1.199458424847939,1.1880163377267787,1.165132616715288,1.1308072736393266,1.0850403364612093,1.0278318521752905,0.9591818864685677,0.8790905184042155,0.7875578233189691,0.6845838372103028,0.5701685229661372,0.44431179648298263,0.3070136035825858,0.15827386441404517,-6.385389393491375e-15
4.321172935507053e-15,-1.5915623248462226e-6,-1.5000974150512505e-6,-1.3648301546112367e-6,-1.1754012897814469e-6,-9.78781010863852e-7,-8.032844880421954e-7,-6.542770508735705e-7,-5.291127425507521e-7,-4.240506060160419e-7,-3.356486523811565e-7,-2.605427042200763e-7,-1.952346501178219e-7,-1.3612466390663781e-7,-7.965512010886059e-8,-2.2456822423139206e-8,3.8576094163176197e-8,1.0635859366119786e-7,1.8389555720728842e-7,2.747331152447546e-7,3.8340178480823594e-7,5.155824283250625e-7,6.774260952730166e-7,8.724603548197296e-7,1.0938115853459444e-6,1.3132544979865922e-6,1.4788544765530418e-6,1.5411824456019799e-6,1.5757835367001263e-6,-4.870138254534025e-15
