-3.122497149682838e-11,-7.800172628457867e-12,-7.829274598303677e-12,-7.858147581070236e-12,-7.886856782351287e-12,-7.914954906818166e-12,-7.941757067492542e-12,-7.965910007217763e-12,-7.98377924762124e-12,-3.1164326710425313e-13,3.1481614361089187e-12,1.811133622291323e-11,1.8177473415638913e-11,1.8243349757693703e-11,1.8309833286352667e-11,1.8376794179885882e-11,1.8444156195778385e-11,1.851191383320392e-11,1.858009538200019e-11,1.864877691724899e-11,1.8718190024469592e-11,1.8789047565070286e-11,1.8863453790183295e-11,4.007888215386013e-11,4.018369955324415e-11,-2.0942640618386224e-10,-2.0997951361309798e-10,-2.105245976596127e-10,-2.1107711506738033e-10
1.7179276881522977e-10,3.966852487342068e-11,3.981297046760892e-11,3.995872620305972e-11,4.010536441968846e-11,4.025353702705535e-11,4.040468537370283e-11,4.056169816260152e-11,4.0728729936648545e-11,4.604898906737054e-11,4.436754448602215e-11,-3.6883525953528256e-11,-3.7046305800720704e-11,-3.7195501074972897e-11,-3.733940832521614e-11,-3.748026776186704e-11,-3.7618947145915825e-11,-3.7755872682250306e-11,-3.789121478488435e-11,-3.8024894504201257e-11,-3.815642363409341e-11,-3.828394968400503e-11,-3.839648180825989e-11,0.5112079360564602,0.4006132761378048,4.797155645265866e-11,4.810158658007439e-11,4.825996488038099e-11,4.842744752160402e-11
-2.33954995401988e-12,-5.366731364463786e-13,-5.354565714045826e-13,-5.342303649416203e-13,-5.329967575453366e-13,-5.317587846081608e-13,-5.305182137030861e-13,-5.292749657137512e-13,-5.280278253437424e-13,-5.267758567901895e-13,-5.255191967824656e-13,-5.242582085397952e-13,-5.229908205616382e-13,-5.217168133316357e-13,-5.204380124824219e-13,-5.191557561559893e-13,-5.178708104163292e-13,-5.165839954010085e-13,-5.152969664414709e-13,-5.140126872763882e-13,-5.127347886847887e-13,-5.114643444713085e-13,-5.102013960856129e-13,-5.089484547957534e-13,-5.077031766441554e-13,-5.064648320231384e-13,-5.052337634969223e-13,-5.040093507108662e-13,-5.027916409574044e-13
5.716906799581874e-12,2.1033175661964373e-12,2.767438133149732e-12,3.4317364689665556e-12,4.096292738550367e-12,4.761127942839812e-12,5.42620475650227e-12,6.0913685611813114e-12,6.7561321376283695e-12,6.758966041741659e-12,6.46455476742913e-12,4.893326771754796e-12,3.3238762375759916e-12,1.7557342771503813e-12,1.883544039401365e-13,-1.3787900306831089e-12,-2.9461890589683547e-12,-4.514306714555296e-12,-6.083606633595236e-12,-7.654580735084304e-12,-9.227778378711176e-12,-1.0803837787662693e-11,-1.2383457598017197e-11,-1.572824290919971e-11,-1.908767898959435e-11,-6.660016415673199e-12,5.668806578941555e-12,1.8073358187770977e-11,3.073238900406125e-11
8.19767919302124e-11,1.6668440111581395e-11,1.3241126031602246e-11,9.829843304365665e-12,6.4305514815935e-12,3.0391042790575458e-12,-3.486379179474436e-13,-3.736867470629124e-12,-7.1300340300021485e-12,-1.0940281129241255e-11,-1.4616719552970078e-11,-1.1434823818303735e-11,-8.263076003081929e-12,-5.0990252917004874e-12,-1.9398272894206737e-12,1.2175084847518888e-12,4.3760451510373485e-12,7.538881645318618e-12,1.0709138676600886e-11,1.3889951858229862e-11,1.7084447528934073e-11,2.0295636244097113e-11,2.352594523066236e-11,2.0741486555772136e-12,-1.9284482910690563e-11,-2.3253035738031647e-11,-2.726270729253585e-11,-3.132215139931485e-11,-3.5439510421416996e-11
8.070062468655588e-11,1.98378980018569e-11,1.9810231194795087e-11,1.978248998028752e-11,1.9754692036375646e-11,1.972685503282985e-11,1.9698994348425274e-11,1.9671123316126843e-11,1.9643250476522293e-11,1.9615377516204823e-11,1.95875024701268e-11,1.9559622912964366e-11,1.953173876397515e-11,1.9503847750792384e-11,1.947594358026991e-11,1.944801850536397e-11,1.942006502768749e-11,1.939207934217256e-11,1.936406473576691e-11,1.933603156014229e-11,1.930799085428149e-11,1.9279938809772177e-11,1.9251866201512027e-11,1.9223783146276508e-11,1.9195692445365157e-11,1.9167600140201764e-11,1.9139496471881593e-11,1.9111343369364887e-11,1.9083014304220814e-11
-3.122497149682838e-11,-7.800172628457867e-12,-7.829274598303677e-12,-7.858147581070236e-12,-7.886856782351287e-12,-7.914954906818166e-12,-7.941757067492542e-12,-7.965910007217763e-12,-7.98377924762124e-12,-3.1164326710425313e-13,3.1481614361089187e-12,1.811133622291323e-11,1.8177473415638913e-11,1.8243349757693703e-11,1.8309833286352667e-11,1.8376794179885882e-11,1.8444156195778385e-11,1.851191383320392e-11,1.858009538200019e-11,1.864877691724899e-11,1.8718190024469592e-11,1.8789047565070286e-11,1.8863453790183295e-11,4.007888215386013e-11,4.018369955324415e-11,-2.0942640618386224e-10,-2.0997951361309798e-10,-2.105245976596127e-10,-2.1107711506738033e-10
1.7179276881522977e-10,3.966852487342068e-11,3.981297046760892e-11,3.995872620305972e-11,4.010536441968846e-11,4.025353702705535e-11,4.040468537370283e-11,4.056169816260152e-11,4.0728729936648545e-11,4.604898906737054e-11,4.436754448602215e-11,-3.6883525953528256e-11,-3.7046305800720704e-11,-3.7195501074972897e-11,-3.733940832521614e-11,-3.748026776186704e-11,-3.7618947145915825e-11,-3.7755872682250306e-11,-3.789121478488435e-11,-3.8024894504201257e-11,-3.815642363409341e-11,-3.828394968400503e-11,-3.839648180825989e-11,0.5112079360564602,0.4006132761378048,4.797155645265866e-11,4.810158658007439e-11,4.825996488038099e-11,4.842744752160402e-11
-2.33954995401988e-12,-5.366731364463786e-13,-5.354565714045826e-13,-5.342303649416203e-13,-5.329967575453366e-13,-5.317587846081608e-13,-5.305182137030861e-13,-5.292749657137512e-13,-5.280278253437424e-13,-5.267758567901895e-13,-5.255191967824656e-13,-5.242582085397952e-13,-5.229908205616382e-13,-5.217168133316357e-13,-5.204380124824219e-13,-5.191557561559893e-13,-5.178708104163292e-13,-5.165839954010085e-13,-5.152969664414709e-13,-5.140126872763882e-13,-5.127347886847887e-13,-5.114643444713085e-13,-5.102013960856129e-13,-5.089484547957534e-13,-5.077031766441554e-13,-5.064648320231384e-13,-5.052337634969223e-13,-5.040093507108662e-13,-5.027916409574044e-13
5.716906799581874e-12,2.1033175661964373e-12,2.767438133149732e-12,3.4317364689665556e-12,4.096292738550367e-12,4.761127942839812e-12,5.42620475650227e-12,6.0913685611813114e-12,6.7561321376283695e-12,6.758966041741659e-12,6.46455476742913e-12,4.893326771754796e-12,3.3238762375759916e-12,1.7557342771503813e-12,1.883544039401365e-13,-1.3787900306831089e-12,-2.9461890589683547e-12,-4.514306714555296e-12,-6.083606633595236e-12,-7.654580735084304e-12,-9.227778378711176e-12,-1.0803837787662693e-11,-1.2383457598017197e-11,-1.572824290919971e-11,-1.908767898959435e-11,-6.660016415673199e-12,5.668806578941555e-12,1.8073358187770977e-11,3.073238900406125e-11
8.19767919302124e-11,1.6668440111581395e-11,1.3241126031602246e-11,9.829843304365665e-12,6.4305514815935e-12,3.0391042790575458e-12,-3.486379179474436e-13,-3.736867470629124e-12,-7.1300340300021485e-12,-1.0940281129241255e-11,-1.4616719552970078e-11,-1.1434823818303735e-11,-8.263076003081929e-12,-5.0990252917004874e-12,-1.9398272894206737e-12,1.2175084847518888e-12,4.3760451510373485e-12,7.538881645318618e-12,1.0709138676600886e-11,1.3889951858229862e-11,1.7084447528934073e-11,2.0295636244097113e-11,2.352594523066236e-11,2.0741486555772136e-12,-1.9284482910690563e-11,-2.3253035738031647e-11,-2.726270729253585e-11,-3.132215139931485e-11,-3.5439510421416996e-11
8.070062468655588e-11,1.98378980018569e-11,1.9810231194795087e-11,1.978248998028752e-11,1.9754692036375646e-11,1.972685503282985e-11,1.9698994348425274e-11,1.9671123316126843e-11,1.9643250476522293e-11,1.9615377516204823e-11,1.95875024701268e-11,1.9559622912964366e-11,1.953173876397515e-11,1.9503847750792384e-11,1.947594358026991e-11,1.944801850536397e-11,1.942006502768749e-11,1.939207934217256e-11,1.936406473576691e-11,1.933603156014229e-11,1.930799085428149e-11,1.9279938809772177e-11,1.9251866201512027e-11,1.9223783146276508e-11,1.9195692445365157e-11,1.9167600140201764e-11,1.9139496471881593e-11,1.9111343369364887e-11,1.9083014304220814e-11
-2.7094080562012464e-11,-5.616914701502018e-12,-5.447130108287209e-12,-5.174278080016516e-12,-5.0979938236632155e-12,-5.030985257347567e-12,-4.990313830256662e-12,-5.862668717732975e-12,-7.495474968590282e-12,-8.001333045649177e-12,1.9168740438585846e-12,1.2245499870939421e-11,1.2254100924504392e-11,1.2558059231855784e-11,1.3042506800638956e-11,1.340171707869799e-11,1.3526376426901546e-11,1.3541541156082237e-11,1.3516733289969699e-11,1.3456605796969157e-11,1.3333582268822765e-11,1.3237759472585735e-11,1.3415668945451251e-11,-4.223350779860311e-11,-4.627847421813349e-11,-4.7756498126856974e-11,-4.748245913042692e-11,-4.6429163139526787e-11,-4.529924218948865e-11
8.263322044945721e-11,1.9113173152302018e-11,1.9415369686309413e-11,2.008303937227733e-11,2.0244232895119072e-11,2.0301713438590913e-11,2.0527483728979734e-11,2.029327386356896e-11,1.9896290925653635e-11,2.0035478739155435e-11,1.4450439055953927e-11,-2.9553971793857998e-12,-2.241196383080127e-12,-6.905569409521029e-13,9.221314761307717e-13,1.5228488950990327e-12,8.196037799577381e-13,-6.198078540581508e-13,-2.22938706139538e-12,-3.635000806543414e-12,-4.635921096946502e-12,-5.1969005337529786e-12,-5.565743690647785e-12,4.0105841896134745e-11,4.067245807642636e-11,4.0046044233850955e-11,4.078221475995617e-11,4.1788027146455317e-11,4.347866011484112e-11
-1.6908880598826488e-12,-1.659259728317328e-13,-1.5607345123850842e-13,-1.512067863472171e-13,-1.4885515565207066e-13,-1.478385069558164e-13,-1.4745571548819555e-13,-1.4703605302153729e-13,-1.458973457684757e-13,-1.4356377371916563e-13,-1.3994998777799336e-13,-1.352510833773776e-13,-1.297861653772467e-13,-1.240615766253107e-13,-1.1862465166535566e-13,-1.1375892420991268e-13,-1.0936227171516422e-13,-1.0501462080793122e-13,-1.0016973080423706e-13,-9.444874402628188e-14,-8.79672677631105e-14,-8.155784153658224e-14,-7.647887702333536e-14,-7.355559584020476e-14,-7.134010140759306e-14,-6.696077143959142e-14,-5.932350665773764e-14,-5.040483213216579e-14,-4.28008243912542e-14
1.0696440620710069e-12,1.0669097335134719e-12,1.5996551457465473e-12,2.106329264924854e-12,2.6043976049254525e-12,3.0862907919900666e-12,3.5440744322058437e-12,4.034528594342093e-12,4.627112455433327e-12,5.237470494209777e-12,4.943440008584986e-12,3.7139384854720675e-12,2.46420741894187e-12,1.2021398115898702e-12,-7.748956463047521e-14,-1.3657311215697013e-12,-2.6455901594020954e-12,-3.9106099521285005e-12,-5.164788248212261e-12,-6.418121163171834e-12,-7.67613442858894e-12,-8.937768960543078e-12,-1.021032542515017e-11,-6.926175144138115e-12,-3.360791596249329e-12,2.4592988835786927e-13,3.735840935726761e-12,7.077483827282628e-12,1.0689832233609685e-11
4.0710824926694045e-11,9.108170943410827e-12,7.68714031317626e-12,6.237760236986425e-12,4.79247831143892e-12,3.349513662505522e-12,1.8990613610892436e-12,4.883278946444638e-13,-8.737000873960805e-13,-2.2635553800418462e-12,-3.226078047159081e-12,-2.681477164139815e-12,-2.1488808071716556e-12,-1.6863979795139612e-12,-1.2745269687802148e-12,-8.73971495198713e-13,-4.646369583592974e-13,-4.1192743898329427e-14,4.086151221519365e-13,9.0278821402978e-13,1.4641941290833236e-12,2.131300475420914e-12,2.916161874976029e-12,-7.238431008258715e-14,-3.1054034916504733e-12,-5.99505167626023e-12,-8.855953722770957e-12,-1.1633451395983957e-11,-1.497775664097107e-11
5.611422695285382e-11,1.4004243877191017e-11,1.39547715489542e-11,1.3894861340921496e-11,1.3837279977045896e-11,1.378546716689925e-11,1.3739673480758866e-11,1.3699121057117287e-11,1.3662440365345297e-11,1.3628119953869053e-11,1.3594855344902963e-11,1.356211422635697e-11,1.352956620115643e-11,1.3497671113418277e-11,1.3469196900290722e-11,1.3448075784081636e-11,1.3437231498656322e-11,1.3436882329303674e-11,1.3443831216669661e-11,1.345202559559499e-11,1.3454967902292325e-11,1.345010843259759e-11,1.3442332069071667e-11,1.344067542582778e-11,1.3448131429314822e-11,1.3455248193023056e-11,1.3436400515432638e-11,1.3363316308624425e-11,1.3162532235347921e-11
-6.942464654503092e-12,-1.0821535253223557e-12,-1.08954448058105e-12,-1.0406383085172462e-12,-1.2745395876867127e-12,-1.486964667754768e-12,-1.3677203387132887e-12,-1.2078262762988383e-12,-1.8193123914592616e-12,-2.9895062032413283e-12,-2.1033547039754064e-12,6.392992103075932e-12,6.015811328235668e-12,6.032696427078609e-12,6.204215735666466e-12,6.2531017054900945e-12,6.166789228590885e-12,6.088146499268622e-12,6.186927153242871e-12,6.642467782270245e-12,8.185687291482926e-12,-7.988951541324133e-12,-1.2843956380555054e-11,-1.127248297631808e-11,-1.0558264690203812e-11,-1.055287254196492e-11,-1.0417925717056286e-11,-9.81522795076915e-12,-8.606817389932602e-12
1.3713094320473455e-11,8.826172447038158e-12,8.648395963888941e-12,8.93100430569123e-12,8.586933363650134e-12,8.259367253470634e-12,8.53524523622685e-12,9.085920136948408e-12,9.05752094376285e-12,8.877730781525738e-12,8.55383067917988e-12,-1.0453307437544297e-12,-1.6913561346741036e-13,1.850661355699181e-12,3.0290784002130403e-12,2.7040722231272553e-12,1.0935759495147493e-12,-9.694286751588648e-13,-2.718831147251469e-12,-3.923566198757957e-12,-5.2532601146428855e-12,6.983203238421019e-12,8.623238576763274e-12,8.18038716987576e-12,8.193320506477295e-12,8.55800904217925e-12,8.893375295271536e-12,9.620981866509214e-12,1.1198714756115994e-11
-7.211780963313701e-14,8.718235363324161e-14,9.654598363897367e-14,1.0154234185059141e-13,1.0328352076928823e-13,1.0182131495678911e-13,9.727624285640091e-14,9.02654132689111e-14,8.171265483963246e-14,7.243737332487534e-14,6.289406133469237e-14,5.312200098416283e-14,4.276308014420515e-14,3.155061380728536e-14,1.9497780090225263e-14,7.000659103781961e-15,-5.192183291968805e-15,-1.627705882837115e-14,-2.5717987289545712e-14,-3.336520412311212e-14,-3.9437896406456e-14,-4.4445881196495273e-14,-4.898608515965676e-14,-5.334648508402029e-14,-5.719466685311493e-14,-6.014677989100474e-14,-6.16902505304855e-14,-6.073358257154049e-14,-5.5847625031825636e-14
2.493966812578357e-12,9.290065734686382e-13,1.0576198956536817e-12,1.1635046642096891e-12,1.2769304350622478e-12,1.3909777122514311e-12,1.4832030709584472e-12,1.5579603492961438e-12,1.6832718253430322e-12,1.934081055270565e-12,2.1063614649384165e-12,1.4857146371503993e-12,8.528349685426109e-13,2.1450443342704762e-13,-4.2727615406074335e-13,-1.0645566599873043e-12,-1.6924410775622776e-12,-2.317348306242682e-12,-2.9554991486907847e-12,-3.627279325547466e-12,-4.399185460188783e-12,-3.73938052275638e-12,-2.693382177945024e-12,-1.7445664077663403e-12,-8.83148837327138e-13,-1.1845335807759267e-13,6.118183853825833e-13,1.3369351842707992e-12,2.1458774670670373e-12
1.916676624620472e-11,4.829382488140665e-12,4.211457052984443e-12,3.5702525083137786e-12,2.9621323869861288e-12,2.3723138138066943e-12,1.7508794947166092e-12,1.0906679476035276e-12,4.403972929030733e-13,-1.983577942775318e-13,-8.411652616728222e-13,-6.531264083192349e-13,-4.887531442380664e-13,-4.267530451857875e-13,-4.22175169755156e-13,-4.2960107866224343e-13,-4.074234081191791e-13,-3.218088478644362e-13,-1.5315150011208516e-13,1.0305910890560843e-13,4.985912036591058e-13,-9.334933042236408e-14,-7.667489278421348e-13,-1.4088856425411066e-12,-2.0763109998496905e-12,-2.7842361019795474e-12,-3.537343824393148e-12,-4.289960977114527e-12,-5.343752442058443e-12
2.7141301209326944e-11,6.622388623799568e-12,6.639739400586472e-12,6.614698913436716e-12,6.572736483341396e-12,6.526479197605907e-12,6.482456732020887e-12,6.443185658188025e-12,6.407966711830028e-12,6.374834355744276e-12,6.341992833981511e-12,6.307696458798188e-12,6.2719944459268116e-12,6.237321207613651e-12,6.2064293434650444e-12,6.181904377918893e-12,6.1653028232786396e-12,6.156239314970008e-12,6.152316237367279e-12,6.149465606953638e-12,6.14279215153762e-12,6.128835013378983e-12,6.109777139664146e-12,6.093936672101945e-12,6.083696950040489e-12,6.0711665618954335e-12,6.041151511901676e-12,5.9486075778788335e-12,5.621878212719922e-12
-3.229731648653428e-11,-8.196791286948196e-12,-8.227897074622951e-12,-8.25786551094304e-12,-8.303723065013811e-12,-8.348476557351277e-12,-8.374060629781317e-12,-8.391622814417371e-12,-8.448975344529466e-12,-8.546849492420556e-12,6.7679807954448525e-12,1.9771358022625198e-11,1.981604243419961e-11,1.98911837320625e-11,1.9971434140305397e-11,2.0041672212882707e-11,2.0102121539318797e-11,2.0164883789437766e-11,2.024931166550306e-11,2.0372612213672787e-11,2.968914537037e-11,-2.8423202439045698e-11,-2.8285789992621022e-11,-2.8324658722962582e-11,-2.8415059972526432e-11,-2.8521206619071965e-11,-2.861375596324049e-11,-2.8690028404861137e-11,-2.8733131617449206e-11
6.884882075307236e-11,1.6600982453087858e-11,1.6653509621083214e-11,1.672716767958004e-11,1.6765058287068102e-11,1.6805010258847577e-11,1.6881070425831786e-11,1.6976806791046814e-11,1.703920636372717e-11,1.7087100825270506e-11,1.4266964373552036e-11,-5.324562283755139e-13,-4.4134654317274865e-13,-3.2872582866079586e-13,-2.809108127390137e-13,-3.1869951278971114e-13,-4.1893149508762993e-13,-5.322366417632559e-13,-6.229055433800551e-13,-6.858057665226958e-13,-8.954287701798737e-12,1.4133214101145654e-11,1.4164593470180449e-11,1.4225365366756001e-11,1.4299523349036683e-11,1.4370745378282034e-11,1.4443605828908203e-11,1.4535178068689055e-11,1.466838288897599e-11
-2.621582662361057e-12,-6.136025139471614e-13,-6.130214629026349e-13,-6.126869019768354e-13,-6.125610220539541e-13,-6.126446488905874e-13,-6.129250207178212e-13,-6.133570132210442e-13,-6.13877369777071e-13,-6.144327090622199e-13,-6.149981800179726e-13,-6.155815316388149e-13,-6.16209387446443e-13,-6.168933645275739e-13,-6.17625374988415e-13,-6.183730870793617e-13,-6.190847185072006e-13,-6.197083363025373e-13,-6.202090061351764e-13,-6.205742322463489e-13,-6.208152987235414e-13,-6.209622663011214e-13,-6.210573097221573e-13,-6.211415968472623e-13,-6.212408771881354e-13,-6.213480652635659e-13,-6.214096007349663e-13,-6.213180052155175e-13,-6.209589088358889e-13
1.9949351876740472e-12,1.169582500718819e-12,1.8734760941525177e-12,2.57666207224673e-12,3.2806039722473447e-12,3.984785207984495e-12,4.6879154389812966e-12,5.389938025318121e-12,6.094485059318934e-12,6.806702674455844e-12,6.198856728988586e-12,4.4887150623854386e-12,2.7804215418430913e-12,1.0732848769430538e-12,-6.331392658525413e-13,-2.3393616273931377e-12,-4.046150761291898e-12,-5.754915776291175e-12,-7.46774935048978e-12,-9.187227233114411e-12,-1.170196524661758e-11,-9.243222471247857e-12,-6.810284155559207e-12,-4.389693065047608e-12,-1.978873972319488e-12,4.2639154200926464e-13,2.830066388693897e-12,5.236369225083017e-12,7.6488592780489e-12
4.989956604524605e-11,1.0756601482561706e-11,9.292925316163078e-12,7.831273934979213e-12,6.374306897222637e-12,4.920575392872929e-12,3.46676241015397e-12,2.01175696575544e-12,5.580376495106758e-13,-8.940442941465568e-13,-2.105035992289552e-12,-2.0478059528300515e-12,-1.995721093909052e-12,-1.9499865895803773e-12,-1.907738054964694e-12,-1.8661800883528096e-12,-1.8223571948004387e-12,-1.773675507973056e-12,-1.7186914662710448e-12,-1.6576363731047272e-12,-8.847736270265117e-13,-2.086857540878921e-12,-3.2865824434524984e-12,-4.486516344629929e-12,-5.689210850831684e-12,-6.896744100258402e-12,-8.10979746217655e-12,-9.327174586991776e-12,-1.0558557376029808e-11
6.271868145370974e-11,1.5345649413913885e-11,1.534437592761324e-11,1.5340507102708494e-11,1.533564164814102e-11,1.5330593362494436e-11,1.5325779939306473e-11,1.532134480434298e-11,1.5317197348659374e-11,1.531312798951554e-11,1.530894334475999e-11,1.5304566840369898e-11,1.5300083452668222e-11,1.529569390116221e-11,1.529161175318381e-11,1.5288018270966965e-11,1.5284996117080022e-11,1.5282479579768394e-11,1.528026506308753e-11,1.527804981215296e-11,1.5275528731948738e-11,1.5272563077702987e-11,1.5269274348192377e-11,1.5265905839097497e-11,1.5262695321942855e-11,1.5259758007134866e-11,1.5256606404304803e-11,1.5250588775318675e-11,1.5231457585141154e-11
-5.2762658438102015e-12,-7.140201745929698e-13,-7.197629310663577e-13,-7.192488695444889e-13,-8.344906649287837e-13,-9.445331170052186e-13,-9.206189518140947e-13,-8.361510103438935e-13,-1.0462963668358031e-12,-1.6433781974335043e-12,-4.798351546831614e-13,4.316185828263884e-12,4.082270502329194e-12,4.124804101565678e-12,4.184591672214157e-12,4.156274889659406e-12,4.0571775588992696e-12,4.012016132127378e-12,4.217531035644742e-12,4.951593639280443e-12,3.082598318417962e-14,-7.781079672949432e-12,-5.933099836514228e-12,-5.286656762244548e-12,-5.102429069050444e-12,-5.0291034625727435e-12,-4.90837972394862e-12,-4.716450868208188e-12,-4.29953038445923e-12
1.1003523371905903e-11,5.162103527721319e-12,5.130820892408373e-12,5.243191497016989e-12,5.098049206713736e-12,4.9611266084564055e-12,5.073663038578853e-12,5.3257186203535064e-12,5.3274232842812555e-12,5.195649470348729e-12,4.924884255278276e-12,-9.154296521276348e-13,4.43416166307132e-14,8.876796621514715e-13,1.1552019910555576e-12,7.945015528534481e-13,2.1698554996823295e-14,-8.016562426382427e-13,-1.4976067466389704e-12,-2.21770461616747e-12,1.3252836607096672e-12,3.149083940248884e-12,3.256143261912862e-12,3.493720016578301e-12,3.719974702838713e-12,3.8854755041751234e-12,4.068887904013073e-12,4.3792722391755035e-12,4.997646459015462e-12
-1.5887409961110677e-13,1.5892186356895069e-13,1.6314064321720922e-13,1.6555746037319006e-13,1.663265619845859e-13,1.6531644861207153e-13,1.6251538549200542e-13,1.58189255658595e-13,1.5279302984656445e-13,1.467658780556366e-13,1.4037308104338862e-13,1.3361917162578442e-13,1.263470021426695e-13,1.1859442407254134e-13,1.105881264641096e-13,1.027125037127259e-13,9.543800073181335e-14,8.918193202039998e-14,8.421688023115812e-14,8.064085014672686e-14,7.833221302842279e-14,7.694935346816816e-14,7.604120424367577e-14,7.52294753289699e-14,7.435133264724036e-14,7.350852589832746e-14,7.308074912059237e-14,7.378680623141738e-14,7.638328071985847e-14
1.3770803066754618e-12,6.600443856013001e-13,7.362399072547862e-13,8.055882297970839e-13,8.789615372693499e-13,9.52717862931063e-13,1.0175855278905073e-12,1.0729335641739377e-12,1.1458910544342262e-12,1.2808527022704408e-12,1.3135147358401581e-12,9.12881576103622e-13,5.158783708488178e-13,1.180617404518878e-13,-2.7796375373023176e-13,-6.706597987256498e-13,-1.0611862197380627e-12,-1.4557742531546506e-12,-1.86787734233221e-12,-2.329237779446249e-12,-2.345767371352522e-12,-1.681031147206953e-12,-1.1634182284895237e-12,-7.211318271613209e-13,-3.2354392984490585e-13,4.78585496586107e-14,4.0554580500184517e-13,7.666980635441597e-13,1.1428577059459161e-12
1.2685907835378289e-11,3.171698254416795e-12,2.7612588438700218e-12,2.3396786596951206e-12,1.9305798519497523e-12,1.5279525010650106e-12,1.1124868132296983e-12,6.806098056294773e-13,2.5537858776307303e-13,-1.5355640969396825e-13,-5.489081013967806e-13,-4.3766700797950645e-13,-3.845399009096609e-13,-3.7541917207367466e-13,-3.8718427522473127e-13,-3.998293196678529e-13,-3.9217620397621664e-13,-3.4532421547343207e-13,-2.463738540507182e-13,-8.074450952388075e-14,-2.089349709265045e-13,-4.855775703038573e-13,-7.635249451846798e-13,-1.050624220015548e-12,-1.3541628472996933e-12,-1.6799535653171083e-12,-2.0282123147377667e-12,-2.388061688850298e-12,-2.822966028759527e-12
1.6665873861827248e-11,4.183733683375684e-12,4.1755599655170015e-12,4.146917433176325e-12,4.109438926237877e-12,4.069388239605744e-12,4.030369472062779e-12,3.9940903754623865e-12,3.9605511596392496e-12,3.928712097202124e-12,3.8972122790996685e-12,3.865269005599313e-12,3.8337869630543066e-12,3.80474014528192e-12,3.7796760014206036e-12,3.759552331795494e-12,3.744465641987923e-12,3.7334643889737045e-12,3.724638230117764e-12,3.715186896847241e-12,3.70219690343958e-12,3.6846993211417564e-12,3.664276493311857e-12,3.643432745527096e-12,3.624215279274558e-12,3.607000447540353e-12,3.587620412978837e-12,3.546517069688738e-12,3.4092052997749886e-12
-5.90905607023875e-12,-7.976055126054639e-13,-8.038955794539778e-13,-8.016630375107125e-13,-9.833218313608922e-13,-1.1570247609174635e-12,-1.1198898328216889e-12,-9.924848734518045e-13,-1.3434450414800446e-12,-2.362391737734302e-12,-4.641293328600573e-13,5.150931022430858e-12,4.7624720834221094e-12,4.833856667816793e-12,4.923169583060679e-12,4.866748630933507e-12,4.701021756153851e-12,4.637527254797277e-12,5.014876361396838e-12,6.415293396347668e-12,-1.0045034495002787e-12,-1.0222573933416372e-11,-7.39731277204638e-12,-6.331550645981725e-12,-5.99089743308083e-12,-5.828701090056213e-12,-5.61188471882742e-12,-5.300400756457936e-12,-4.6374488026155155e-12
1.034400491958021e-11,6.318812284695941e-12,6.266802355565065e-12,6.4393358768886645e-12,6.203648804519698e-12,5.981448264707296e-12,6.152440391752006e-12,6.538732185411273e-12,6.522724622335936e-12,6.288441613594141e-12,5.838759823536347e-12,-1.1610061695684178e-12,4.930688992723733e-13,1.8365617219418424e-12,2.2231450188622898e-12,1.6182229244001166e-12,3.8106715826484646e-13,-9.316270425633866e-13,-2.0979518568669927e-12,-3.4875579316000258e-12,1.625840449140981e-12,3.4962127025258235e-12,3.738605511098475e-12,4.171320564206487e-12,4.559538771076226e-12,4.8407213180332926e-12,5.146591230866002e-12,5.644621145870384e-12,6.631984868332963e-12
-1.4561007593525056e-13,1.546107338351494e-13,1.606541878204846e-13,1.6381127608999407e-13,1.6429182416180847e-13,1.6186773641565402e-13,1.5651096931117e-13,1.48640697488113e-13,1.3898146241787586e-13,1.2823800379239157e-13,1.1684046193938195e-13,1.0479647214029741e-13,9.186441279288256e-14,7.813453729333524e-14,6.400002264062124e-14,5.0100865649860545e-14,3.7205776079629724e-14,2.5992728393592164e-14,1.691264406110662e-14,1.0143779467383501e-14,5.524073040454617e-15,2.5276513123888165e-15,3.724357455993979e-16,-1.6191964016533679e-15,-3.7340969701126385e-15,-5.802890374183207e-15,-7.202453677194043e-15,-6.7714742744381965e-15,-3.302474643838132e-15
1.7641990495951861e-12,7.961831801403285e-13,8.883332902181567e-13,9.69114599548686e-13,1.0559871436081068e-12,1.1434814600944345e-12,1.217365761879721e-12,1.2774346750719118e-12,1.3680765356986757e-12,1.564427925376665e-12,1.5938241169208425e-12,1.1063781721153495e-12,6.269941252030772e-13,1.4649868612476574e-13,-3.3152586776420366e-13,-8.055197130258351e-13,-1.2783641707575122e-12,-1.7610385879850767e-12,-2.27824747180787e-12,-2.8934623873602144e-12,-2.8263680113640636e-12,-1.9528632068313014e-12,-1.310562645519743e-12,-7.883571230131311e-13,-3.353031461921977e-13,7.607037886347565e-14,4.647068743886532e-13,8.578437040269151e-13,1.2719892012499035e-12
1.4917585470069343e-11,3.7891895578509025e-12,3.3043642939469883e-12,2.8013966922376308e-12,2.3177389880194197e-12,1.8438806107156074e-12,1.3494016335629416e-12,8.290261823993524e-13,3.19619340282836e-13,-1.6287816261671515e-13,-6.228787263952405e-13,-4.735245234586379e-13,-4.27534760144245e-13,-4.5271340984342035e-13,-5.102678581158794e-13,-5.673098686595785e-13,-5.891815822865147e-13,-5.440907828075126e-13,-4.068317234538936e-13,-1.409493092561119e-13,-3.03462930575339e-13,-6.144169902185214e-13,-9.287877776937535e-13,-1.2653752245041691e-12,-1.6338925041318536e-12,-2.0402946680487775e-12,-2.4834113703347944e-12,-2.945407900872948e-12,-3.5236293437126054e-12
2.043120844630499e-11,5.07472942018654e-12,5.075631412276313e-12,5.043714157094198e-12,4.99753703520092e-12,4.9471468231439074e-12,4.898363718787474e-12,4.853983087090668e-12,4.814073590319323e-12,4.7770215212248065e-12,4.740644668689922e-12,4.703731856261743e-12,4.667856314398129e-12,4.6362556984375445e-12,4.6114073173610045e-12,4.5947831777825045e-12,4.586453214249898e-12,4.584881155893387e-12,4.587094450821045e-12,4.588686629499088e-12,4.584804708723884e-12,4.573207153170749e-12,4.5560377964462265e-12,4.5376933532410755e-12,4.521977977313036e-12,4.509808454632745e-12,4.494622495242316e-12,4.4452090181931195e-12,4.24312946927448e-12
-6.000856577621354e-12,-8.016666966083697e-13,-8.079071662409636e-13,-8.051291059372692e-13,-1.0010185309275622e-12,-1.1883689251612577e-12,-1.1483692369343234e-12,-1.0123599899286487e-12,-1.395459597691903e-12,-2.510017590386339e-12,-4.611327603218477e-13,5.294679432897583e-12,4.873339013352989e-12,4.951961125943407e-12,5.047547647314626e-12,4.984607538076567e-12,4.804862079141241e-12,4.739835996959224e-12,5.159853159099232e-12,6.724800700913331e-12,-1.3041096063922807e-12,-1.0682840718198157e-11,-7.66435708922778e-12,-6.510022094556623e-12,-6.133666355534731e-12,-5.949789125925033e-12,-5.71100327910086e-12,-5.372952778945144e-12,-4.656419599279708e-12
1.0104560746712174e-11,6.541111091606665e-12,6.484616035266202e-12,6.670183931734197e-12,6.4149877727575326e-12,6.174468863328072e-12,6.358017947809066e-12,6.772645343774123e-12,6.7517337029350736e-12,6.494547259101271e-12,6.006101825132245e-12,-1.2105930967345684e-12,6.010996840811228e-13,2.0519844247410885e-12,2.45986440866009e-12,1.798417269544016e-12,4.591856442814003e-13,-9.596881080691883e-13,-2.2305283398478076e-12,-3.78090745962425e-12,1.6945267599065303e-12,3.5464263800200915e-12,3.817787711098392e-12,4.292384203468753e-12,4.715359693262999e-12,5.021921493998799e-12,5.354230164181319e-12,5.892974773946687e-12,6.960572693497418e-12
-1.3654980247256523e-13,1.5665723375604182e-13,1.631022450512366e-13,1.664244870382056e-13,1.6684584452004675e-13,1.641172532922049e-13,1.5820693608908255e-13,1.4956682072250092e-13,1.3897932319359594e-13,1.272067304188042e-13,1.14715606436788e-13,1.0151475138387468e-13,8.734489919983662e-14,7.230857102786497e-14,5.6835522741748844e-14,4.162167394715056e-14,2.7500728565156078e-14,1.5207478721826783e-14,5.232211683527594e-15,-2.228856740536334e-15,-7.345710206559881e-15,-1.0683375197894948e-14,-1.309711697805814e-14,-1.5331461972111298e-14,-1.7701513557856165e-14,-2.0024071674814223e-14,-2.1623476048639493e-14,-2.1242500512358942e-14,-1.7575881784108822e-14
1.8461202126906974e-12,8.237844462874245e-13,9.180772350233553e-13,9.99942737800081e-13,1.088318514647643e-12,1.177389614702185e-12,1.2519036718286944e-12,1.3118365422106498e-12,1.4054479676754416e-12,1.6147513188310196e-12,1.6436650958621493e-12,1.140804684035071e-12,6.471512591308619e-13,1.523075083435108e-13,-3.4000075371641606e-13,-8.282789135041424e-13,-1.3158808975792496e-12,-1.8149175702031135e-12,-2.3527709282545797e-12,-3.0009614130243176e-12,-2.9092680590027077e-12,-1.9965853442309175e-12,-1.3321506892550664e-12,-7.971264161181691e-13,-3.36357051576122e-13,7.942973037599814e-14,4.706094361683212e-13,8.665598645858761e-13,1.2848166215781956e-12
1.5325557927999742e-11,3.903254819463651e-12,3.4049761260983554e-12,2.88702306110793e-12,2.389838598774721e-12,1.9031554352951343e-12,1.394154742143166e-12,8.572230613800815e-13,3.322145274505745e-13,-1.6358246405578787e-13,-6.349345850506357e-13,-4.775663128479113e-13,-4.339157662548126e-13,-4.672482479747689e-13,-5.352969369029994e-13,-6.023701142015371e-13,-6.308725989056676e-13,-5.862019508550976e-13,-4.403862953242429e-13,-1.5115633229787407e-13,-3.2132543772545806e-13,-6.374780517529388e-13,-9.575049970420051e-13,-1.302585946933873e-12,-1.6829587596647932e-12,-2.104631499209908e-12,-2.5660820494588077e-12,-3.04800233558086e-12,-3.655072932062409e-12
2.116486463359366e-11,5.2441529403457555e-12,5.2468303101358895e-12,5.2140110876303695e-12,5.165753960539167e-12,5.112924104653166e-12,5.06182153268734e-12,5.015478926502337e-12,4.973985206015111e-12,4.9356103927172156e-12,4.89799737995398e-12,4.859838397712387e-12,4.822847870340614e-12,4.7905361012582666e-12,4.765582565093347e-12,4.749569946741183e-12,4.742561331765835e-12,4.742897637726291e-12,4.7473835823758935e-12,4.751270003091315e-12,4.7492792016465705e-12,4.738868289540419e-12,4.722280438387451e-12,4.704325677644491e-12,4.6891995643903525e-12,4.677946197355625e-12,4.663491387910064e-12,4.612101151301707e-12,4.395807769670042e-12
-6.0197593684912944e-12,-8.045410849658972e-13,-8.107729696526436e-13,-8.078837114713783e-13,-1.0066841329641715e-12,-1.1968279707968046e-12,-1.1562528910322015e-12,-1.0185291510441417e-12,-1.4082857968684855e-12,-2.542584101459474e-12,-4.585271596743792e-13,5.328709188241813e-12,4.900732884564938e-12,4.9809054125834925e-12,5.077787829373956e-12,5.013516121596808e-12,4.830943153353287e-12,4.765731614495767e-12,5.1947363064148875e-12,6.794317064617263e-12,-1.3677197852927564e-12,-1.0781086155550672e-11,-7.724062789524964e-12,-6.551776068589238e-12,-6.1680684015356886e-12,-5.979708800698704e-12,-5.736403090975004e-12,-5.392904643425927e-12,-4.665419025631617e-12
1.0055051106600454e-11,6.590518222549429e-12,6.533133290626802e-12,6.72139387708811e-12,6.462246447200375e-12,6.2180185055015546e-12,6.404149906328151e-12,6.8245496500090205e-12,6.802603399915904e-12,6.540729748167807e-12,6.043484608121138e-12,-1.2212952447276422e-12,6.22915970181572e-13,2.0957064705489695e-12,2.5077479314213216e-12,1.834579484261093e-12,4.74380754019338e-13,-9.662356425694057e-13,-2.258564533438898e-12,-3.842555554268219e-12,1.7112274952863502e-12,3.5598021741582964e-12,3.8369954966371495e-12,4.3200819110986456e-12,4.750131701979225e-12,5.06186639050304e-12,5.399577603826965e-12,5.946658811592907e-12,7.030675225287962e-12
-1.3461752064313141e-13,1.5698088875980217e-13,1.6350826587869414e-13,1.66864569821565e-13,1.6727417584808436e-13,1.6448372730958748e-13,1.584606558254945e-13,1.4966353705484437e-13,1.3888657129119928e-13,1.2690381498040949e-13,1.1418935526474761e-13,1.0075229387180648e-13,8.632974767874327e-14,7.102670929880421e-14,5.528040320455571e-14,3.97982255744595e-14,2.5427217881395528e-14,1.2913819415751776e-14,2.7563817823483463e-15,-4.845235493279292e-15,-1.006271471417198e-14,-1.3469185814936365e-14,-1.5934881612075516e-14,-1.8217950188383837e-14,-2.0639256396337996e-14,-2.3012820515327815e-14,-2.4652313269261698e-14,-2.4280968470455393e-14,-2.0573564467694767e-14
1.8628006609743115e-12,8.296659013798322e-13,9.245648158385682e-13,1.0068157535675297e-12,1.0956616785275888e-12,1.1852201508789488e-12,1.2600330519842718e-12,1.3201177663998837e-12,1.4145322482991193e-12,1.6267026158217397e-12,1.655342774219901e-12,1.1489288105543546e-12,6.519679684381181e-13,1.5379524470307225e-13,-3.418369575499339e-13,-8.334466748913368e-13,-1.3244856035376122e-12,-1.827297844772542e-12,-2.369820774045865e-12,-3.025283200011685e-12,-2.928352410128805e-12,-2.0073031267518735e-12,-1.337908856394761e-12,-7.998126515535102e-13,-3.3701198501803703e-13,8.013292225408267e-14,4.722915671955707e-13,8.692787877285735e-13,1.288841574767145e-12
1.5408271501924144e-11,3.929010911413774e-12,3.427635255900713e-12,2.9062708294763408e-12,2.40597166041631e-12,1.9163161530241972e-12,1.4039957073571736e-12,8.63329459245297e-13,3.347816951339643e-13,-1.6408444558206676e-13,-6.380240209298723e-13,-4.78956377621954e-13,-4.3574470710489233e-13,-4.706966464844169e-13,-5.408343245240033e-13,-6.098953791723264e-13,-6.396854508592373e-13,-5.950298773209908e-13,-4.4739078689279367e-13,-1.5325459992677935e-13,-3.252120698201921e-13,-6.426900967911079e-13,-9.641437590070807e-13,-1.3112206773960237e-12,-1.6942665586373184e-12,-2.1193044500862835e-12,-2.584742885714095e-12,-3.0709755727878058e-12,-3.684187427961787e-12
2.1314496943412878e-11,5.282387894181932e-12,5.285422559771721e-12,5.252413655607452e-12,5.203725909537631e-12,5.150391520120052e-12,5.098808499660684e-12,5.052058218100011e-12,5.0102342618760495e-12,4.9715836035882705e-12,4.9337135467581015e-12,4.895295660031236e-12,4.8580724522574505e-12,4.825610159133447e-12,4.800630064772611e-12,4.7847376994233226e-12,4.7779947159175514e-12,4.7787168274732945e-12,4.7836629371516054e-12,4.7880133336470155e-12,4.786403347188554e-12,4.77622914190361e-12,4.759754644268195e-12,4.741873932618681e-12,4.7268618548115955e-12,4.7157881592459666e-12,4.701474169220937e-12,4.649670872622624e-12,4.430463829566278e-12
-7.05715486208066e-11,-1.4238102288265878e-11,-1.4327344785439349e-11,-1.4315087111331552e-11,-1.6548880919155898e-11,-1.86862858575221e-11,-1.825453480143883e-11,-1.6741612277235487e-11,-2.1103771501660817e-11,-3.3760978303446766e-11,5.651530437373071e-12,6.21785406583269e-11,5.742321078848439e-11,5.832784954359155e-11,5.941740665432718e-11,5.871185009417808e-11,5.668952281520256e-11,5.5976158494621664e-11,6.077024787027183e-11,7.861697445273806e-11,8.82126428568002e-13,-1.2888145347755358e-10,-9.48937383963376e-11,-8.187347162598776e-11,-7.763128993393509e-11,-7.556406675406358e-11,-7.288658138943434e-11,-6.90945546308429e-11,-6.102690668034684e-11
1.0384321858585219e-10,6.892031660600541e-11,6.826440911863649e-11,7.03438499625107e-11,6.744102376826941e-11,6.470441414928122e-11,6.676003850464146e-11,7.142381159520191e-11,7.116119301305692e-11,6.822675961192189e-11,5.966029918807237e-11,-1.1624193929441486e-11,8.930997454489032e-12,2.5338930186409816e-11,2.993008547756003e-11,2.2437123152233375e-11,7.295802932224224e-12,-8.739822057412205e-12,-2.312797899398549e-11,-4.078009022122882e-11,1.2740759828745556e-11,3.8302030218572035e-11,4.138731092825625e-11,4.676451393394227e-11,5.1549860188560624e-11,5.501747035566821e-11,5.877408224489217e-11,6.486186634438188e-11,7.692916695198119e-11
-3.537704774693663e-12,-4.3776517383365095e-13,-3.7357090236360085e-13,-3.446941111281689e-13,-3.4863910649897334e-13,-3.88229286820038e-13,-4.638285342880621e-13,-5.70330688910912e-13,-6.988913740568286e-13,-8.408895233833954e-13,-9.91043690695403e-13,-1.149251000263643e-12,-1.3184371692621415e-12,-1.4974299083801924e-12,-1.681357268215232e-12,-1.8623389542157592e-12,-2.0309403139931846e-12,-2.17884765087689e-12,-2.3005098885578087e-12,-2.393699966700948e-12,-2.4603280885678207e-12,-2.5067762163454162e-12,-2.542740392786934e-12,-2.576668752560253e-12,-2.612136334186001e-12,-2.6470715860953775e-12,-2.673830217306434e-12,-2.6781930087298174e-12,-2.6454022541688753e-12
1.789102554717846e-11,6.94172660257293e-12,8.46208964530632e-12,9.841522115331565e-12,1.1294354099691373e-11,1.2755119706162307e-11,1.4051728000179257e-11,1.5184461412288466e-11,1.669977117511387e-11,1.952701261463061e-11,1.8917000908002602e-11,1.3031082853250858e-11,7.25051673389582e-12,1.4563536761819638e-12,-4.309628784725402e-12,-1.0030947944710465e-11,-1.5746089177936057e-11,-2.159256605091408e-11,-2.788172192317231e-11,-3.543024409797895e-11,-3.572780638847406e-11,-2.4700201852370336e-11,-1.6473407331886473e-11,-9.708182344698033e-12,-3.781027200067837e-12,1.637833879448764e-12,6.7784372752646235e-12,1.1972682352076833e-11,1.74179739723893e-11
1.6514312451383563e-10,4.031578138922776e-11,3.5130809958142207e-11,2.972299268344663e-11,2.4549544436656274e-11,1.949444767548957e-11,1.4186825984189008e-11,8.56348900158267e-12,3.075091200947845e-12,-2.082736533895546e-12,-6.703932270215221e-12,-5.103761566533581e-12,-4.794637570503936e-12,-5.355954919831371e-12,-6.30896782268539e-12,-7.249799987173496e-12,-7.75306167431392e-12,-7.426960979274593e-12,-5.953434519205746e-12,-2.8467037179913335e-12,-4.215023991842071e-12,-7.633544980621415e-12,-1.1096343891644001e-11,-1.484479829207581e-11,-1.8994011768131584e-11,-2.361088448174284e-11,-2.867758287916967e-11,-3.3975746706123876e-11,-4.0687659326404225e-11
2.3162256967339042e-10,5.65200525138796e-11,5.675080046830637e-11,5.658013400508897e-11,5.623484240376637e-11,5.583779048809542e-11,5.5460237218182e-11,5.5136507692449347e-11,5.486765621846002e-11,5.4634172570212135e-11,5.440941479235872e-11,5.417858696424999e-11,5.3961096151472687e-11,5.379665993664389e-11,5.371558248805221e-11,5.373573771229604e-11,5.385780436900598e-11,5.406302407750281e-11,5.4315308618974624e-11,5.4560986606950674e-11,5.474029766937003e-11,5.482419464568263e-11,5.4837863698602717e-11,5.483583558799917e-11,5.486575180070173e-11,5.4939545219344674e-11,5.497727576368981e-11,5.459753034067753e-11,5.235355255284944e-11
-6.023633769520118e-12,-8.048743104117646e-13,-8.111020717043953e-13,-8.08184893145772e-13,-1.0076714450014062e-12,-1.198473204912142e-12,-1.1577607323922243e-12,-1.0196372427924158e-12,-1.410979476215701e-12,-2.5499801508299276e-12,-4.580475731373288e-13,5.335907207236872e-12,4.906366439862058e-12,4.986910275367481e-12,5.0840956060385106e-12,5.0195037674621385e-12,4.836262674547945e-12,4.771020098864749e-12,5.202183672818608e-12,6.810136697357168e-12,-1.3835808844471082e-12,-1.0803256206611637e-11,-7.737083744878284e-12,-6.560527963828672e-12,-6.175061396496829e-12,-5.985623715914599e-12,-5.7412393864026305e-12,-5.396448720010835e-12,-4.666373568056241e-12
1.0042105796372822e-11,6.601511213820434e-12,6.543913702822356e-12,6.732807289307898e-12,6.4727248560897e-12,6.227620551083332e-12,6.414359742000816e-12,6.836113891167284e-12,6.8139118273138825e-12,6.5509230044548255e-12,6.0516623207180885e-12,-1.2237253234701555e-12,6.282211719128888e-13,2.106176829145098e-12,2.5191692386868216e-12,1.8432071202516013e-12,4.780468789323695e-13,-9.677052779773736e-13,-2.2651369690702985e-12,-3.857258036878619e-12,1.7150177250329208e-12,3.5623479552736578e-12,3.840948257432417e-12,4.326059010907809e-12,4.75778491194308e-12,5.070743205947015e-12,5.409730704158444e-12,5.958779901822732e-12,7.046675539054884e-12
-1.3407508430749737e-13,1.5711342688385937e-13,1.6366052792074367e-13,1.6702513985410868e-13,1.674322379754942e-13,1.6462742984679316e-13,1.58577939759951e-13,1.4974392230427182e-13,1.3892236968911322e-13,1.2689011023057472e-13,1.1412299762614617e-13,1.0063023314667677e-13,8.614808749520725e-14,7.078211961708822e-14,5.4971313846823977e-14,3.9425793751168534e-14,2.4995776979076153e-14,1.243047327222395e-14,2.2301490746742698e-15,-5.404427672079547e-15,-1.0645333632749598e-14,-1.4067680628571925e-14,-1.6545280952154062e-14,-1.8839507912628905e-14,-2.1272597155372116e-14,-2.3657919516866622e-14,-2.5306617058043592e-14,-2.4937311230470456e-14,-2.122010736204532e-14
1.8667229160135155e-12,8.310200403848248e-13,9.26031438372082e-13,1.0083418857762778e-12,1.0972671590437823e-12,1.1869094277222499e-12,1.2617621705105939e-12,1.3218534698681905e-12,1.4164310312227701e-12,1.6292567715929477e-12,1.657846100896531e-12,1.150667384911602e-12,6.530016234889177e-13,1.5411849010875563e-13,-3.422237988929968e-13,-8.34546570587868e-13,-1.3263253888350368e-12,-1.8299602500183645e-12,-2.373520872580339e-12,-3.03065199345897e-12,-2.9324122310414434e-12,-2.0094781850567623e-12,-1.3390101391372888e-12,-8.002866639554166e-13,-3.3710374977939647e-13,8.026453121948957e-14,4.725571562189563e-13,8.696923249297569e-13,1.2894656947584979e-12
1.542683577948432e-11,3.93465038966741e-12,3.4326050131037023e-12,2.910496410127914e-12,2.4095229392095966e-12,1.91922671414209e-12,1.406183160366372e-12,8.646957316017732e-13,3.3537280615724835e-13,-1.641575958394574e-13,-6.386530606028614e-13,-4.791930613977884e-13,-4.360985222965111e-13,-4.714456642274273e-13,-5.420883227784332e-13,-6.116291132322684e-13,-6.417318308912521e-13,-5.970865014628857e-13,-4.4901988907006345e-13,-1.537116387950064e-13,-3.2607777263218513e-13,-6.438154105098788e-13,-9.655549058662785e-13,-1.3130546577711494e-12,-1.696684559616547e-12,-2.1224701842235227e-12,-2.5888034012838602e-12,-3.0760079190831782e-12,-3.690623318667927e-12
2.1348734351456546e-11,5.290835289802266e-12,5.293951038189772e-12,5.260894147526484e-12,5.21210131035791e-12,5.1586438164372595e-12,5.106943123797092e-12,5.06009226002903e-12,5.0181859719551495e-12,4.979466075721411e-12,4.941532063372294e-12,4.903050588789185e-12,4.86577021977258e-12,4.8332701343957525e-12,4.808281460565936e-12,4.792415239869816e-12,4.785732860349255e-12,4.786544092188826e-12,4.7915973521581675e-12,4.796055988380512e-12,4.794533836688161e-12,4.784412828357482e-12,4.767962444751565e-12,4.750096749264867e-12,4.735109310523375e-12,4.724075928459482e-12,4.7097929486623e-12,4.657889240554093e-12,4.437991197338702e-12
-6.0233705148749994e-12,-8.04202233903293e-13,-8.104276454472267e-13,-8.075061275425083e-13,-1.0070361227477602e-12,-1.19787977919023e-12,-1.1571557013119895e-12,-1.0189992647798004e-12,-1.410437124652546e-12,-2.5497230226844487e-12,-4.585874744894235e-13,5.334655946937668e-12,4.905002990499762e-12,4.985561084520391e-12,5.082760314197163e-12,5.0181421558312504e-12,4.8348487028172966e-12,4.7695889436691e-12,5.200866272472246e-12,6.809238192480411e-12,-1.3844791190231203e-12,-1.080273492558288e-11,-7.736018876130088e-12,-6.559198763938145e-12,-6.17362199329877e-12,-5.984116029799575e-12,-5.739656295479955e-12,-5.394771439901236e-12,-4.6645132787306865e-12
1.0040232945244833e-11,6.600818511153388e-12,6.543200935171639e-12,6.732131864599661e-12,6.471980915455473e-12,6.226811084841738e-12,6.4135852344634e-12,6.835428373874819e-12,6.813208856504436e-12,6.550144882637588e-12,6.050997195360231e-12,-1.2236435273920585e-12,6.287888852666904e-13,2.1070972607440767e-12,2.520173163700087e-12,1.844038780191375e-12,4.785508199695296e-13,-9.67544621047856e-13,-2.2652955272214366e-12,-3.8578159316477286e-12,1.7144524579478234e-12,3.5614093408854853e-12,3.840066771352184e-12,4.325286929202027e-12,4.75711268912209e-12,5.070144278068634e-12,5.409210641363556e-12,5.958386759221279e-12,7.0465357585998894e-12
-1.3402867282397433e-13,1.5715220618187663e-13,1.637003718236957e-13,1.6706528561670833e-13,1.6747194647752006e-13,1.646659129054682e-13,1.586144137784917e-13,1.4977769569501315e-13,1.389529274947744e-13,1.269171348272202e-13,1.1414630901799514e-13,1.0064963401786734e-13,8.616331527308084e-14,7.07929687974623e-14,5.4977703785794293e-14,3.942781396009926e-14,2.499370863354615e-14,1.2424766112489774e-14,2.2213742928849583e-15,-5.41568631678558e-15,-1.065852560151654e-14,-1.4082315064119883e-14,-1.6561068692500603e-14,-1.8856376441935587e-14,-2.1290559709377594e-14,-2.367693938806298e-14,-2.5326498024716925e-14,-2.495754627270251e-14,-2.1239833379264745e-14
1.866950255645904e-12,8.310049539131884e-13,9.25964923782412e-13,1.008220943098207e-12,1.0970932098967196e-12,1.1866825187084913e-12,1.2614791368334066e-12,1.3215113585473555e-12,1.4160389541072693e-12,1.6288447170740649e-12,1.6574811701952515e-12,1.1504010035210445e-12,6.528369726937257e-13,1.5405525823344634e-13,-3.4218534921266413e-13,-8.344061492712808e-13,-1.3260836728427895e-12,-1.8296209925984907e-12,-2.3730960789127446e-12,-3.0301727175248203e-12,-2.931863966900631e-12,-2.0089785645118424e-12,-1.338605207925313e-12,-8.000049108072534e-13,-3.3696190072196736e-13,8.025591688943655e-14,4.723921038200548e-13,8.693715848916e-13,1.2889944138316655e-12
1.5427390880136758e-11,3.934133511616966e-12,3.4321687258717365e-12,2.910135941543565e-12,2.4092431519274505e-12,1.9190298385979603e-12,1.4060639510525344e-12,8.646477712271961e-13,3.353992600240045e-13,-1.640494130572076e-13,-6.384776400308931e-13,-4.790125023256803e-13,-4.359442014617562e-13,-4.713365805768732e-13,-5.420323961837354e-13,-6.11625507187056e-13,-6.417705280155342e-13,-5.971486329477416e-13,-4.490791130609814e-13,-1.537304490836641e-13,-3.260539029759261e-13,-6.437145654757181e-13,-9.65376782503308e-13,-1.3128057969614176e-12,-1.6963743818580622e-12,-2.1221093439871637e-12,-2.5884017328452672e-12,-3.07557019305727e-12,-3.690178796771421e-12
2.1350108167773687e-11,5.290106743097579e-12,5.293230742754626e-12,5.260173277473532e-12,5.21137619490332e-12,5.157913789278731e-12,5.106208786858773e-12,5.0593548595397615e-12,5.017446822344679e-12,4.978725901234321e-12,4.940790443632473e-12,4.902306738502319e-12,4.865024318813054e-12,4.832523533742093e-12,4.807536237237724e-12,4.791673730427443e-12,4.784997303061438e-12,4.785816320505347e-12,4.790878144446567e-12,4.795345270855986e-12,4.793831062063083e-12,4.783716228632507e-12,4.767269882015112e-12,4.749407324649093e-12,4.7344234326435805e-12,4.723394444040212e-12,4.709115359789385e-12,4.6572073700705765e-12,4.4372654133691446e-12
-4.317378168726131e-12,-6.532909243168905e-13,-6.589243514774211e-13,-6.627709519423496e-13,-7.825204183594496e-13,-9.029634162549617e-13,-8.893460139768478e-13,-7.862788683402432e-13,-9.475332710428287e-13,-1.557371504643586e-12,-3.134264149776508e-13,3.920891410216913e-12,3.696853912344603e-12,3.736460579586664e-12,3.783270249110407e-12,3.751950834668383e-12,3.660335460538184e-12,3.6253940927018837e-12,3.852862524318043e-12,4.706679690570655e-12,-1.514659839190849e-12,-6.513923123998599e-12,-4.829442688197653e-12,-4.188443786919516e-12,-3.980310961295869e-12,-3.886072496945964e-12,-3.773306801711296e-12,-3.6165717907019394e-12,-3.254897890304106e-12
8.403219413477049e-12,4.5270460393420835e-12,4.490856626485881e-12,4.581694394825239e-12,4.4214708477208616e-12,4.2750841042191005e-12,4.382790818196335e-12,4.647793789821434e-12,4.674641415623141e-12,4.539592193702757e-12,4.256793288801976e-12,-9.444275286653108e-13,8.741939302206591e-14,8.645731662934782e-13,1.0502872764501143e-12,6.787996568911323e-13,-4.832556749722337e-14,-8.298548956525473e-13,-1.5358253514157223e-12,-2.373235154142544e-12,1.7821351306205488e-12,2.7870550936176013e-12,2.9555538159760715e-12,3.221043279338241e-12,3.4447967243597272e-12,3.5947733302833507e-12,3.755146489290999e-12,4.030016665295661e-12,4.605490144573417e-12
-6.01285860993289e-14,1.5589619157777468e-13,1.5977506049773486e-13,1.619483132820261e-13,1.6242281387981974e-13,1.6103860079817432e-13,1.5781597054608848e-13,1.5307132220112326e-13,1.4730212538883457e-13,1.4096636548646275e-13,1.3431675313703122e-13,1.2731906588644547e-13,1.1978008188419918e-13,1.1171323953903974e-13,1.0333804181188397e-13,9.505192220832643e-14,8.735424733835255e-14,8.070097897608846e-14,7.540259409409523e-14,7.157961403202127e-14,6.912061663096685e-14,6.768168628141856e-14,6.67571699394962e-14,6.590605433022164e-14,6.493746746098732e-14,6.395970013587618e-14,6.33751783080405e-14,6.391030187527883e-14,6.629298601149409e-14
1.2022534835085775e-12,5.995950649658234e-13,6.723288261439793e-13,7.389430353425298e-13,8.095043192420555e-13,8.805557273180049e-13,9.431138576624018e-13,9.954454148352855e-13,1.0626541377592845e-12,1.1932866371941982e-12,1.2157718353844824e-12,8.572044494047483e-13,5.043607501006844e-13,1.5160356726448976e-13,-1.9928571208980894e-13,-5.483249544585236e-13,-8.976518783670132e-13,-1.2534917767608564e-12,-1.6306292069337145e-12,-2.0675700193851455e-12,-1.942375934366289e-12,-1.3798207904357764e-12,-9.554317338096239e-13,-6.02900779877716e-13,-2.919426825081826e-13,-6.628437702291783e-15,2.6462419515922075e-13,5.386232930270822e-13,8.250065420657337e-13
1.057850591170228e-11,2.7610761316787677e-12,2.4031065496523316e-12,2.034818454454889e-12,1.6787993100994715e-12,1.3288064190572722e-12,9.661408105894899e-13,5.8637668145117e-13,2.113064033429281e-13,-1.4702134270410896e-13,-4.896311589193952e-13,-3.7813940911250057e-13,-3.307423035205314e-13,-3.2537976820660493e-13,-3.399844117412788e-13,-3.558863701931275e-13,-3.5197778465199707e-13,-3.0794037176435885e-13,-2.0722137767381128e-13,-2.8122851195898657e-14,-1.9838990388606422e-13,-4.4497833367560515e-13,-6.930805068290081e-13,-9.54283888109471e-13,-1.234364460459087e-12,-1.5367648441968193e-12,-1.8611045539450566e-12,-2.196355522074286e-12,-2.5973818673871146e-12
1.4138541218862106e-11,3.691933461629421e-12,3.686980161140683e-12,3.660974127875793e-12,3.625989988834241e-12,3.5886379625795535e-12,3.5526815495997955e-12,3.5197904960276232e-12,3.489769339706053e-12,3.461290723231997e-12,3.432718287660732e-12,3.4032092554497914e-12,3.3738399505284324e-12,3.346842065323731e-12,3.324058278850387e-12,3.3066541528442285e-12,3.2947539066540595e-12,3.287293674427889e-12,3.2822146234411816e-12,3.2765976037978477e-12,3.2673515738315665e-12,3.2530185989809654e-12,3.2348624453193125e-12,3.2157105747818943e-12,3.198205030030537e-12,3.1832516390541487e-12,3.1670681678809225e-12,3.13077826468424e-12,3.002878730579658e-12
-4.317160749621439e-12,-6.532800998416115e-13,-6.5891344503078e-13,-6.627599684756377e-13,-7.825104779580255e-13,-9.02954552810153e-13,-8.893370201002988e-13,-7.862691098679744e-13,-9.475256995292186e-13,-1.5573718882310927e-12,-3.1342118348123157e-13,3.920853290768965e-12,3.696813274777986e-12,3.736420474547282e-12,3.78323035676784e-12,3.751910220134689e-12,3.660293717969553e-12,3.62535249879451e-12,3.8528251067964696e-12,4.706656688488456e-12,-1.514695289539201e-12,-6.513888131681244e-12,-4.829407207763367e-12,-4.188403480790791e-12,-3.980267422082322e-12,-3.8860264983634815e-12,-3.77325878429296e-12,-3.6165218130250358e-12,-3.2548441877814037e-12
8.402686968643856e-12,4.52701347137023e-12,4.4908236144370515e-12,4.581662091133415e-12,4.421436843618786e-12,4.275048522204037e-12,4.3827559979398605e-12,4.647761024863063e-12,4.674608224440865e-12,4.539556970636519e-12,4.256756374041302e-12,-9.444205676354172e-13,8.744068671261374e-14,8.646019591191978e-13,1.0503162792644268e-12,6.788238004161252e-13,-4.830900368838495e-14,-8.298461123210399e-13,-1.535824920075543e-12,-2.3732472061413635e-12,1.7821199617659138e-12,2.7870178602528822e-12,2.9555183277034336e-12,3.2210106028757033e-12,3.444766457759994e-12,3.5947448615794333e-12,3.755119839070293e-12,4.0299927548585764e-12,4.605471782928528e-12
-6.011434530327437e-14,1.5589190817259132e-13,1.59770768259084e-13,1.6194399303075765e-13,1.6241844717304015e-13,1.6103416670691127e-13,1.5781144776731047e-13,1.530666928901856e-13,1.472973765372533e-13,1.4096148992885692e-13,1.343117476845357e-13,1.2731392566475313e-13,1.1977479945516288e-13,1.117078103243295e-13,1.0333246468453115e-13,9.504620015413191e-14,8.734838833588251e-14,8.069499549108402e-14,7.539650143325608e-14,7.157342781177064e-14,6.911435230138726e-14,6.767535961247171e-14,6.675079011073006e-14,6.58996242680104e-14,6.493098697221809e-14,6.395317045878437e-14,6.336860317209705e-14,6.390369187392119e-14,6.62863642724176e-14
1.202241136479685e-12,5.995912329176026e-13,6.72324234313913e-13,7.389376056388396e-13,8.094980543637426e-13,8.805486432606902e-13,9.43105894572858e-13,9.954365273325975e-13,1.0626445739574336e-12,1.1932772444935859e-12,1.2157621029714766e-12,8.571977845435724e-13,5.043572902793876e-13,1.5160331411794402e-13,-1.992827735871445e-13,-5.483188738472613e-13,-8.976427519293988e-13,-1.253479791824783e-12,-1.6306148211354502e-12,-2.0675543329734145e-12,-1.9423572618527763e-12,-1.3798049704016092e-12,-9.554189636980085e-13,-6.028915009392321e-13,-2.919371706365978e-13,-6.626904916445126e-15,2.646215857781664e-13,5.386165874887561e-13,8.249957700253645e-13
1.0578167641773719e-11,2.761053534672631e-12,2.4030872611822767e-12,2.0348023255049824e-12,1.678786419547485e-12,1.3287968134010476e-12,9.661343441656731e-13,5.863731965803116e-13,2.1130596104423316e-13,-1.470185641007071e-13,-4.896250745390001e-13,-3.7813364809509465e-13,-3.3073784740094387e-13,-3.2537705003572673e-13,-3.399835829859269e-13,-3.558873770887289e-13,-3.5198034247406697e-13,-3.0794395492198966e-13,-2.0722520775178727e-13,-2.8125712152734327e-14,-1.9839156951642015e-13,-4.4497690467611296e-13,-6.930759152813072e-13,-9.542763652952444e-13,-1.2343542951935384e-12,-1.5367523084003911e-12,-1.8610899050421756e-12,-2.1963387899124533e-12,-2.5973636078172678e-12
1.4138142928025095e-11,3.691902198803388e-12,3.686949617876385e-12,3.6609441045866615e-12,3.6259603995037214e-12,3.5886087721396907e-12,3.5526527837767545e-12,3.519762198384168e-12,3.489741550748454e-12,3.4612634553811828e-12,3.43269150571671e-12,3.403182919746617e-12,3.373814063281958e-12,3.346816668687227e-12,3.324033436435566e-12,3.3066299306185366e-12,3.294730362151662e-12,3.287270851990922e-12,3.2821925428975256e-12,3.2765762741866694e-12,3.2673309980095782e-12,3.2529987210228886e-12,3.2348431908053832e-12,3.2156919056210137e-12,3.198186946308881e-12,3.1832341639019927e-12,3.167051295370041e-12,3.1307618726393252e-12,3.0028619434680204e-12
-4.316911138832038e-12,-6.529677351549961e-13,-6.58599935352896e-13,-6.624453076884509e-13,-7.821954271068516e-13,-9.026391182625679e-13,-8.89020336551302e-13,-7.859506447842251e-13,-9.472072691257177e-13,-1.557056770843342e-12,-3.136533105352767e-13,3.920094143290893e-12,3.696049709645038e-12,3.735654305383195e-12,3.782461551314755e-12,3.751138232103334e-12,3.659518191276448e-12,3.6245739556188348e-12,3.8520455854859834e-12,4.705881672459568e-12,-1.5148544847589738e-12,-6.51301365153011e-12,-4.828519575481984e-12,-4.1875081725124126e-12,-3.979367077353767e-12,-3.885121848768583e-12,-3.772349832145886e-12,-3.6156083605154443e-12,-3.2539249310366005e-12
8.402173113916502e-12,4.526397283254084e-12,4.4902047472595925e-12,4.581041362498698e-12,4.420812615957187e-12,4.274420892027623e-12,4.382126608270921e-12,4.647130850777584e-12,4.673975669509388e-12,4.538920963850204e-12,4.25621926882088e-12,-9.443218120282055e-13,8.754741913110502e-14,8.647141307480157e-13,1.0504297110335851e-12,6.789349173908879e-13,-4.82023740391823e-14,-8.297442515626103e-13,-1.5357276592573171e-12,-2.3731566811683953e-12,1.7818178906827163e-12,2.786505346830159e-12,2.955005250893319e-12,3.2204975293241893e-12,3.4442530058892494e-12,3.594230532561155e-12,3.754604676983737e-12,4.029477475462926e-12,4.604958360265091e-12
-6.009060569240978e-14,1.5591986483414324e-13,1.5979875806809896e-13,1.6197200467632648e-13,1.6244646923825458e-13,1.6106218637098278e-13,1.5783945249797127e-13,1.530946721935069e-13,1.4732532339723088e-13,1.4098940028943725e-13,1.3433961863555443e-13,1.273417545807529e-13,1.1980258259548437e-13,1.1173554382667217e-13,1.0336014658066534e-13,9.507383123531473e-14,8.737597302992084e-14,8.072254090457262e-14,7.542401706220915e-14,7.160092417496231e-14,6.914183916069854e-14,6.77028443873789e-14,6.677827681195702e-14,6.592711362349397e-14,6.495847779826814e-14,6.39806625483469e-14,6.339609946437787e-14,6.39311996113036e-14,6.631389552380746e-14
1.2022339217527452e-12,5.99551581384447e-13,6.72257913607867e-13,7.388445693716271e-13,8.093783257391515e-13,8.804022269032455e-13,9.429327409862808e-13,9.952365839298064e-13,1.062417963391103e-12,1.1930244378798318e-12,1.2155301817609214e-12,8.570318576928294e-13,5.042574186067581e-13,1.5156950220381243e-13,-1.9925051869657398e-13,-5.482205543736245e-13,-8.974783950279362e-13,-1.253249476023412e-12,-1.63031874799226e-12,-2.06719305928573e-12,-1.941983718843141e-12,-1.3795079717754639e-12,-9.551993584851602e-13,-6.027497532244374e-13,-2.9187354080580634e-13,-6.641559882966783e-15,2.6452855502490993e-13,5.384451992906284e-13,8.24746101776812e-13
1.0577823413887076e-11,2.7606633312494242e-12,2.402751913835382e-12,2.03452176990221e-12,1.6785607376333113e-12,1.3286260455595546e-12,9.660184086335987e-13,5.863119843364208e-13,2.1129950618769073e-13,-1.4697014785925442e-13,-4.895305592221748e-13,-3.7804778340111703e-13,-3.3066112056718456e-13,-3.253097388732869e-13,-3.399258088532728e-13,-3.5583913340919003e-13,-3.51941477405552e-13,-3.0791417536329025e-13,-2.0720408778922544e-13,-2.8112586219895714e-14,-1.983526503757825e-13,-4.4489414625175945e-13,-6.929493360717199e-13,-9.541060858675013e-13,-1.234140465963045e-12,-1.536495088682219e-12,-1.860789443717509e-12,-2.195995161830957e-12,-2.5969772348415398e-12
1.41377283275144e-11,3.69135204591018e-12,3.686399241660514e-12,3.660393365536783e-12,3.625409237889758e-12,3.5880571717387055e-12,3.5521007536352845e-12,3.5192097589359326e-12,3.489188721472875e-12,3.460710247524465e-12,3.4321379196889677e-12,3.4026289503073907e-12,3.3732597126750096e-12,3.3462619549155953e-12,3.3234783902531852e-12,3.3060745900497157e-12,3.294174764934423e-12,3.286715028839322e-12,3.2816365109599352e-12,3.2760200322572287e-12,3.2667745232603564e-12,3.2524419769249746e-12,3.234286146589252e-12,3.2151345514797757e-12,3.197629292262606e-12,3.182676228200958e-12,3.166493071507271e-12,3.1302032299861094e-12,3.0023022818899483e-12
-2.1437185463585325e-11,-3.5405533505047226e-12,-3.1068093829096987e-12,-2.887641485224971e-12,-2.7305108977592525e-12,-2.5869192114106027e-12,-2.5220659060678347e-12,-2.689535631836454e-12,-3.6208136580062855e-12,-6.891649327348034e-12,-1.020888157839892e-12,8.948668529204695e-12,7.90997108856379e-12,7.944270247809311e-12,7.807311771423252e-12,7.412341293439208e-12,6.916101849044364e-12,6.905413961621882e-12,8.516062110612344e-12,1.1899806592476718e-11,8.228734882999628e-13,-2.4484398488080736e-11,-1.948748606387243e-11,-1.6906967927761465e-11,-1.471452787973865e-11,-1.2765717956447199e-11,-1.1151309083934491e-11,-9.92543436111315e-12,-9.269464370717155e-12
4.357594977867579e-11,1.1597668761292032e-11,1.2977391478032403e-11,1.3996673470806336e-11,1.4914986889382862e-11,1.586823527271354e-11,1.6767556078606607e-11,1.747214109502441e-11,1.775922221874167e-11,1.7606561159639244e-11,1.695366695376548e-11,3.886423352274969e-12,7.743017206076222e-12,8.991902353743933e-12,8.752836988853132e-12,8.137402024015953e-12,6.788395008420999e-12,3.8818513875613665e-12,-3.825170127044596e-14,-3.8626600543995645e-12,2.927476290422532e-12,7.054824832699269e-12,6.926714988752989e-12,7.364216865303858e-12,8.043203823935864e-12,8.732202979770198e-12,9.306091698915207e-12,9.60923919970141e-12,9.100735460477733e-12
-1.0486718256707658e-12,1.5857566394055025e-13,1.6212291613059142e-13,1.5631539373423793e-13,1.431160015619347e-13,1.2444543796992124e-13,1.0196684377227847e-13,7.708750513476192e-14,5.0958258671779927e-14,2.44486569844006e-14,-1.942735239519704e-15,-2.8150981715200152e-14,-5.4377266369580764e-14,-8.063757969916854e-14,-1.0660461723401993e-13,-1.3167664690882636e-13,-1.5511635511495728e-13,-1.7622826672442894e-13,-1.945543744955863e-13,-2.1000392372909284e-13,-2.2297375884325432e-13,-2.346624058645649e-13,-2.466298210544006e-13,-2.5935236210154133e-13,-2.7196418180492023e-13,-2.8301209271725493e-13,-2.9101002046360183e-13,-2.9486841511498997e-13,-2.9460493354393284e-13
2.5191489623790406e-12,1.3841581466756023e-12,1.746347310966795e-12,2.1197097330337436e-12,2.487600797894167e-12,2.837532958102802e-12,3.165334535400168e-12,3.47567312045542e-12,3.8091912760986705e-12,4.335094275129635e-12,4.212508724265462e-12,3.045454460008575e-12,1.8719086530801143e-12,6.638147742608039e-13,-5.617898635588244e-13,-1.7862874584414763e-12,-2.9923329634263657e-12,-4.182000953463199e-12,-5.411403679719066e-12,-6.794306415132238e-12,-7.112756094428129e-12,-5.2712521192936515e-12,-3.77165912180171e-12,-2.3950387444661572e-12,-1.0787407139249924e-12,1.939732229233756e-13,1.429944531755494e-12,2.6320383561056685e-12,3.769517134997791e-12
3.624103914616142e-11,8.483937551074108e-12,7.43210066167928e-12,6.3329256489094945e-12,5.187038108818902e-12,3.99019168507495e-12,2.7582639699259007e-12,1.517735523882811e-12,3.094790018815167e-13,-8.251931195492469e-13,-1.8560022223477757e-12,-1.6813297103023817e-12,-1.6808951726029187e-12,-1.7009570172781805e-12,-1.6933784950457408e-12,-1.6584657930399393e-12,-1.584317390217469e-12,-1.4201597079752198e-12,-1.1135842694062206e-12,-6.503832968803641e-13,-9.072015931223596e-13,-1.6103491482951947e-12,-2.3450504227324486e-12,-3.1240505328866434e-12,-3.939887970469545e-12,-4.770498931497957e-12,-5.6056094495652246e-12,-6.451663003951609e-12,-7.2589358285311595e-12
5.148591333171839e-11,1.2355786042268687e-11,1.2188064538488595e-11,1.2029893451360626e-11,1.1888845299825353e-11,1.1765902245661591e-11,1.1660329407314472e-11,1.1570668279349672e-11,1.1494462918283317e-11,1.1428038937182505e-11,1.1367133940945885e-11,1.1308601312265253e-11,1.1253109534998548e-11,1.120413181541713e-11,1.1164636073868877e-11,1.1135952415356973e-11,1.1117220103328293e-11,1.1105567966244567e-11,1.1096946561877033e-11,1.108561735465088e-11,1.1062244880011719e-11,1.1021988027914247e-11,1.0975263669115005e-11,1.0936496447924727e-11,1.0910528600855415e-11,1.0894481992040954e-11,1.0879949357969703e-11,1.0848462328191221e-11,1.075500550420842e-11
