1.4837118903496007e-15,0.0021245462760284377,0.009743616113856518,0.025209690287162904,0.05101363133895592,0.08964630209170611,0.14359856490264733,0.2153612822008371,0.30742531777854654,0.42220883702533535,0.5615227390947084,0.725530347495019,0.9122822144052029,1.1171451797621574,1.3343912250863803,1.5581586845862938,1.7825858922411066,2.001811179999675,2.209972878329902,2.4012093180152894,2.569658831022243,2.709459750382259,2.814750410764552,2.8794874620152004,2.8961740524980515,2.8556456870807168,2.7601062869854105,2.640427421529673,2.540066355083396,2.500000000000295
1.3983128900731652e-14,0.04021288519662928,0.15451814275109438,0.33095268481663626,0.5568497134609514,0.8195424320705522,1.1063640445060896,1.4046477552130308,1.7017267678500052,1.9848895444742705,2.241079467681949,2.457250083793444,2.6259304040082734,2.752537722575422,2.848204543487601,2.9247761646777493,2.994097883840735,3.0680150013817515,3.158372820068795,3.277016642234009,3.435791767828288,3.6465434940111474,3.9211171143727523,4.2688142837885215,4.696215447675214,5.126827151422651,5.489494296296084,5.766387857544289,5.940543970258283,6.000000000000342
4.657184066366241e-15,0.00038492930407354515,0.0014965305558440902,0.0032532216977058845,0.0055686224624467194,0.008356355498630721,0.011530043833634325,0.015003311348724733,0.01868978422112632,0.022503090282234493,0.026356855876442344,0.0301647004451344,0.03384023378574792,0.0372970657134689,0.04044881149721093,0.04320909198443916,0.04549153288076403,0.047209762213622566,0.04827740654058769,0.04860808875990728,0.04811542797182127,0.04671303995549463,0.044314537011665905,0.040833527821528166,0.03618362272525026,0.030278434404882707,0.023031585613615742,0.014356703540183067,0.00502147079407268,-4.650820175669703e-15
1.6016446471631859e-15,0.052499918122267404,0.12907816831989438,0.23455042020429565,0.3689166807151134,0.5321769477521545,0.724331216311599,0.9453794948181444,1.1953218045161147,1.4716281950289927,1.7607556771810737,2.04093766058876,2.2819234212431474,2.4595648172913256,2.5692108812526153,2.610861625534091,2.584517033551275,2.4901770806021015,2.3278417598858447,2.0975110827531744,1.7991850627500283,1.4328637125721972,0.9985470619483331,0.4899124044154495,-0.12465394735522477,-0.82099038281099,-1.3265427610311813,-1.362434213724067,-0.881110013744717,-9.818060773520858e-14
5.571042918414795e-15,0.9166128462946846,1.7107799823058587,2.3580122511624353,2.8583096736513807,3.2116722585719075,3.418100012335047,3.4775929373490375,3.390151010539533,3.154217286686024,2.7624537967641003,2.234114294457741,1.6939016095529322,1.2662890970319514,0.976082056288824,0.8232804630630336,0.8078843358377299,0.9298937109752953,1.1893086010879033,1.5861289864223094,2.1203548353441732,2.791986114136693,3.601022767947987,4.458946298415859,4.923164514093214,4.613057984246774,3.749971549508289,2.6437683906478755,1.3714835416792788,-1.1781089065727998e-13
1.1714389275147728e-14,0.008819040642297228,0.016803100778318036,0.023785131543927817,0.029765171396829663,0.03474323914202143,0.038719335753493685,0.04169348142835172,0.04366570401889305,0.04463600938328406,0.04460435205403282,0.04357061607056268,0.04153473490860788,0.03849675563409907,0.03445674691495752,0.02941477093688112,0.02337087348620735,0.016325059094910124,0.008277293497049846,-0.0007724692713709053,-0.010824270603610868,-0.0218781467067231,-0.03393414798188435,-0.046992283626757135,-0.06105253467733995,-0.07611482856213753,-0.09217904255798695,-0.10924523529646121,-0.09759201197526954,-7.833772994729928e-17
1.4837118903496007e-15,0.0021245462760284377,0.009743616113856518,0.025209690287162904,0.05101363133895592,0.08964630209170611,0.14359856490264733,0.2153612822008371,0.30742531777854654,0.42220883702533535,0.5615227390947084,0.725530347495019,0.9122822144052029,1.1171451797621574,1.3343912250863803,1.5581586845862938,1.7825858922411066,2.001811179999675,2.209972878329902,2.4012093180152894,2.569658831022243,2.709459750382259,2.814750410764552,2.8794874620152004,2.8961740524980515,2.8556456870807168,2.7601062869854105,2.640427421529673,2.540066355083396,2.500000000000295
1.3983128900731652e-14,0.04021288519662928,0.15451814275109438,0.33095268481663626,0.5568497134609514,0.8195424320705522,1.1063640445060896,1.4046477552130308,1.7017267678500052,1.9848895444742705,2.241079467681949,2.457250083793444,2.6259304040082734,2.752537722575422,2.848204543487601,2.9247761646777493,2.994097883840735,3.0680150013817515,3.158372820068795,3.277016642234009,3.435791767828288,3.6465434940111474,3.9211171143727523,4.2688142837885215,4.696215447675214,5.126827151422651,5.489494296296084,5.766387857544289,5.940543970258283,6.000000000000342
4.657184066366241e-15,0.00038492930407354515,0.0014965305558440902,0.0032532216977058845,0.0055686224624467194,0.008356355498630721,0.011530043833634325,0.015003311348724733,0.01868978422112632,0.022503090282234493,0.026356855876442344,0.0301647004451344,0.03384023378574792,0.0372970657134689,0.04044881149721093,0.04320909198443916,0.04549153288076403,0.047209762213622566,0.04827740654058769,0.04860808875990728,0.04811542797182127,0.04671303995549463,0.044314537011665905,0.040833527821528166,0.03618362272525026,0.030278434404882707,0.023031585613615742,0.014356703540183067,0.00502147079407268,-4.650820175669703e-15
1.6016446471631859e-15,0.052499918122267404,0.12907816831989438,0.23455042020429565,0.3689166807151134,0.5321769477521545,0.724331216311599,0.9453794948181444,1.1953218045161147,1.4716281950289927,1.7607556771810737,2.04093766058876,2.2819234212431474,2.4595648172913256,2.5692108812526153,2.610861625534091,2.584517033551275,2.4901770806021015,2.3278417598858447,2.0975110827531744,1.7991850627500283,1.4328637125721972,0.9985470619483331,0.4899124044154495,-0.12465394735522477,-0.82099038281099,-1.3265427610311813,-1.362434213724067,-0.881110013744717,-9.818060773520858e-14
5.571042918414795e-15,0.9166128462946846,1.7107799823058587,2.3580122511624353,2.8583096736513807,3.2116722585719075,3.418100012335047,3.4775929373490375,3.390151010539533,3.154217286686024,2.7624537967641003,2.234114294457741,1.6939016095529322,1.2662890970319514,0.976082056288824,0.8232804630630336,0.8078843358377299,0.9298937109752953,1.1893086010879033,1.5861289864223094,2.1203548353441732,2.791986114136693,3.601022767947987,4.458946298415859,4.923164514093214,4.613057984246774,3.749971549508289,2.6437683906478755,1.3714835416792788,-1.1781089065727998e-13
1.1714389275147728e-14,0.008819040642297228,0.016803100778318036,0.023785131543927817,0.029765171396829663,0.03474323914202143,0.038719335753493685,0.04169348142835172,0.04366570401889305,0.04463600938328406,0.04460435205403282,0.04357061607056268,0.04153473490860788,0.03849675563409907,0.03445674691495752,0.02941477093688112,0.02337087348620735,0.016325059094910124,0.008277293497049846,-0.0007724692713709053,-0.010824270603610868,-0.0218781467067231,-0.03393414798188435,-0.046992283626757135,-0.06105253467733995,-0.07611482856213753,-0.09217904255798695,-0.10924523529646121,-0.09759201197526954,-7.833772994729928e-17
4.237888925663905e-14,0.0002209561143068462,0.002538236049000328,0.010076880712313798,0.02614577052093031,0.05405378927655807,0.09710981975968797,0.15862274099094592,0.24190142804190307,0.35025475354424385,0.48684101836569843,0.6534669018727546,0.8480525164261814,1.0646669181414266,1.296052396134096,1.5348042130925659,1.7735176270734951,2.004787896672585,2.2212102838697474,2.415380047351064,2.579892431972863,2.707342678650235,2.7903260190211707,2.8221860959035205,2.802254316334495,2.7433344607119703,2.6642178816438187,2.584444327366396,2.5235535967165954,2.500000000000093
-8.177732843277159e-14,0.0331562981780055,0.12831465497848374,0.2773329873926351,0.4715902721087495,0.7024654745198415,0.961337545269629,1.239585423240723,1.5285880387207937,1.8197243175827678,2.104455978172405,2.375151987212778,2.6276309742886914,2.862782691096315,3.083539148213637,3.293077268110701,3.4945739538346388,3.6912061182452813,3.8861506995707464,4.082584664150211,4.2836849924605005,4.4926286492282035,4.71259256802604,4.946131431494639,5.1908219466424415,5.433040273057136,5.6541845482902655,5.8350306981423214,5.9563546064718595,5.999999999999963
3.3325228975876636e-14,2.1449534597144894e-8,9.826464448362789e-8,2.3253384763908759e-7,4.1441308843803175e-7,6.319143960650824e-7,8.726452599684152e-7,1.1210207722819064e-6,1.3570399245860349e-6,1.5576671594543693e-6,1.7014427523663197e-6,1.7742149453406847e-6,1.7655521461030506e-6,1.6626467679590006e-6,1.4682131871932254e-6,1.1974923284041066e-6,8.688602753941229e-7,5.011081759430715e-7,1.137794186298656e-7,-2.7138535851239563e-7,-6.288835711611404e-7,-9.159597112623853e-7,-1.061628164200366e-6,-9.976197383377588e-7,-7.015789391609818e-7,-3.415571693782872e-7,-9.612761452315426e-8,-5.0241820447667965e-9,5.814903261036972e-9,-3.3607598265578573e-14
3.5121989027230034e-14,0.00939085392280368,0.050767198849191106,0.13052652670177559,0.24866889397702663,0.4051943154355933,0.6001027577990627,0.8333941730386029,1.1050685182785913,1.4151257907159631,1.7583260621424,2.1033527225534963,2.398423180131716,2.6127151230395613,2.741112141515223,2.783614175167988,2.7402211944716917,2.610933235497133,2.3957503200164276,2.094672328015355,1.7076991218778454,1.2348307536519185,0.676066692763371,0.057453395676635315,-0.490775528930091,-0.838388184512661,-0.9593396601385277,-0.8536298152409645,-0.5212581942480031,-3.0841458321509565e-14
3.0120524436970716e-15,0.7581144725237996,1.432892103037652,2.0076658999487567,2.4824357732534192,2.857201559016172,3.13196309663206,3.3067202698934994,3.381472995845719,3.3562212697787976,3.233846217907506,3.0372767616736107,2.8235366002305846,2.638125332557885,2.4895665221299987,2.3778598590230158,2.3030052773865006,2.2650030161122117,2.263853409781593,2.2995567422570233,2.3721130137613926,2.48152188342211,2.627783082243365,2.789242610489807,2.857628851605849,2.7246696693624686,2.3687110081894938,1.7897530907449282,0.9877946534492223,-3.4702322517437277e-15
7.289439333455628e-14,5.459594516740477e-7,1.2357721195854515e-6,1.8566851215172981e-6,2.3394521776460586e-6,2.683948172208742e-6,2.8712336114539116e-6,2.8520181751665054e-6,2.5776269106513443e-6,2.0327673415543003e-6,1.2765210054992593e-6,3.9701044891401707e-7,-6.335570500772139e-7,-1.74535599043825e-6,-2.7324159470707148e-6,-3.5123559260324033e-6,-4.075642905653765e-6,-4.41924220008666e-6,-4.524203367532135e-6,-4.36672060330546e-6,-3.853587556600261e-6,-2.6501179580437263e-6,-6.054537810778704e-7,2.23016278907315e-6,4.214514290796702e-6,3.742756071821947e-6,1.88416613139876e-6,4.3192595531739126e-7,-6.427176406784684e-8,1.135223572875242e-14
3.1859743214616486e-14,0.0009696990071892136,0.0053423735895843745,0.01588264045238134,0.03551775104249231,0.06717496092927429,0.11378152809253757,0.17826470333123398,0.2635517307728562,0.3725698534096148,0.5081779744919039,0.6724556289452843,0.8643910636545855,1.07823819560515,1.3063214381894408,1.5407325532148084,1.773563301005808,1.99690544036205,2.2028507212855564,2.383490874730076,2.5309176279863568,2.6375062809224277,2.6981661679631355,2.7150351716446455,2.697299540786803,2.6565534432917084,2.604656617419454,2.5534687841823662,2.5148496420867366,2.499999999999959
-9.014548124590349e-14,0.031575652109990034,0.12250531148480955,0.2656163814002671,0.4533143470500673,0.6780046842618555,0.9320928747953088,1.2079844090667866,1.498084783597777,1.7947995031643669,2.0905479971563947,2.3781128534180964,2.652541923834154,2.9135277738023726,3.1627917383216726,3.4023070106793645,3.634046784673617,3.859984262072248,4.082092663729197,4.302345226861711,4.522715172304256,4.744972277430792,4.969162571488032,5.190898421957325,5.402426750891211,5.595018559445821,5.759848288870169,5.888090412962188,5.970919401131266,6.000000000000023
1.2275585788491711e-14,3.662679874321432e-8,1.9175438065212247e-7,4.633810692818524e-7,8.353403209479988e-7,1.2866077827948692e-6,1.7833103805810325e-6,2.2828382768732235e-6,2.7393877320388923e-6,3.1069780045961095e-6,3.345557083642369e-6,3.434471621457344e-6,3.3793023102765886e-6,3.1887693451475446e-6,2.8801975767315845e-6,2.4809096396101536e-6,2.0241415435108475e-6,1.5475336758255112e-6,1.0899858093810016e-6,6.845200779261717e-7,3.616483137288425e-7,1.58196836232718e-7,7.633565957689943e-8,6.23060886326325e-8,6.149210482435249e-8,5.05795749800202e-8,3.210881342492126e-8,1.6377751388396178e-8,6.994264538808415e-9,-1.2601695843186006e-14
2.343999115036181e-14,0.02626972513286321,0.08083570039235644,0.16935783559073805,0.2918360926061652,0.4482705465810013,0.638661162412543,0.8630078393583993,1.1213105334301794,1.413569249650485,1.737405749394967,2.072832741416746,2.3674787877948114,2.5784854271527617,2.6977565373929626,2.7252920680771235,2.6610920162935043,2.505156339458302,2.2574848515941257,1.9180773701580789,1.4869340209463364,0.9739226815329706,0.43762444411524787,-0.02641506083486041,-0.36212282648460065,-0.5602577798841891,-0.6208197871386735,-0.5438092085428157,-0.3292261202461765,2.5338477531824784e-14
2.1657681291158192e-14,0.7227664752596402,1.3721189386091024,1.9333751495845934,2.406534900702353,2.7915981871681947,3.0885651161389918,3.2974357714672027,3.418210224296871,3.4508886059192485,3.395955183844393,3.264595247511665,3.103052474485593,2.9556340839201547,2.831104733997375,2.729464423403797,2.6507131854281574,2.5948511833513175,2.5618786723005846,2.5517957021239956,2.564601817623424,2.5932183871973544,2.598894125179679,2.5294349415875823,2.360959551680242,2.0901076362712723,1.716879424882038,1.2412751665490418,0.6632946155855962,-1.1345139561148554e-14
3.054715947762369e-14,1.0403747790115246e-6,2.5115526793772153e-6,3.764462366188958e-6,4.827387807575231e-6,5.5742752542155686e-6,5.864868468842793e-6,5.635071286751608e-6,4.8663374500498526e-6,3.5796406897382613e-6,1.9097924979589663e-6,1.7796647658742685e-7,-1.4473252055176667e-6,-2.939105536071033e-6,-4.165098019983304e-6,-5.034020753313359e-6,-5.489569512424769e-6,-5.489185298287589e-6,-5.062309378620234e-6,-4.294450908320399e-6,-3.1060323323242006e-6,-1.5974690546259414e-6,-4.329722839168002e-7,-7.640286393082927e-9,-5.3022727275745296e-8,-1.8835192314842122e-7,-2.1610855812586518e-7,-1.374377387545522e-7,-1.0812722202688691e-7,8.715592130357068e-16
-2.1516856767339897e-14,0.00045528836328006356,0.0034672351987561877,0.012145107783822355,0.029781071508103902,0.059667291382675305,0.10509593207511145,0.16935915782023728,0.2557491325091443,0.3675580201585151,0.5079344885780994,0.6787011666062795,0.877673224612352,1.098312702727346,1.3325136319111832,1.5719919789138106,1.8084637114258664,2.0336447974769625,2.239251204540439,2.4169988994119245,2.5586040746673704,2.6563168364702525,2.70664765614689,2.7156843993123276,2.6937709178820475,2.6517830351616456,2.6005965826101805,2.5510873997252177,2.5141313296788885,2.500000000000162
-7.826191119305321e-14,0.031053466442461104,0.12059595510758411,0.26179363399548283,0.44741068164059294,0.6702112780363444,0.922959605438927,1.1984198486272315,1.4893561940805373,1.7885328291579332,2.0887403608090263,2.3831863012790033,2.6671981358392642,2.940014680303978,3.202545605461276,3.455906137455608,3.7012114997519197,3.93957691903277,4.172117624958886,4.399948850659764,4.624185548923815,4.845727928372821,5.063770119966281,5.27367377675447,5.469097789463455,5.643488235900163,5.790291192502025,5.902952735992638,5.974918943959946,6.0000000000002025
3.759031337506789e-15,1.5769120402106173e-8,6.033973104489762e-8,1.2726866287238093e-7,2.0898498923402274e-7,2.9752003644998986e-7,3.84778631940807e-7,4.633090019071254e-7,5.273988787510186e-7,5.737686262761166e-7,6.025701412406729e-7,6.215690226613981e-7,6.457106260116038e-7,6.78026562339201e-7,7.15065959884653e-7,7.538467955112837e-7,7.923214578855984e-7,8.301186723316534e-7,8.681977474804963e-7,9.082738164536988e-7,9.360634979214414e-7,8.939426376924161e-7,7.999053100426008e-7,6.630706884384547e-7,5.012755151395949e-7,3.373258669559303e-7,1.9297469561724847e-7,8.463964138004583e-8,2.0527564912572208e-8,-3.778836687485501e-15
-6.629002781901524e-15,0.014805921461264974,0.0614360991219471,0.14625539790644668,0.2692638128382657,0.43046134000134517,0.6298479749090565,0.8674237124104519,1.1431885505743056,1.457142494685204,1.8042918619054311,2.1534715540725315,2.448729935760179,2.6540901598537983,2.7633555987777263,2.7765262562778696,2.693602143175212,2.5145832569722626,2.2394695892760117,1.868261133213349,1.4009657582405688,0.8561400433757143,0.32639070372590967,-0.09571167130151245,-0.39165451006263896,-0.5614377608171361,-0.6050613140543183,-0.5225250960771926,-0.3138291035695635,-4.962821520676866e-14
-2.3402003284221572e-14,0.711114252487519,1.3522822276968838,1.909514667532365,2.3828115854844825,2.772173003113706,3.077598950204729,3.2990894525922765,3.436644524116141,3.490264173373361,3.460867784503509,3.3602055183918442,3.2286407129635073,3.1028592198176543,2.9900143506066237,2.890106086626968,2.80313442419414,2.729099415475937,2.668001071098807,2.6198395207426333,2.58460459990469,2.5548539840705407,2.4935225360973425,2.363571395193541,2.1575947816020014,1.875592656640232,1.5175650175508,1.08351187634599,0.573433227772067,-7.804674443006943e-14
-2.37171693717424e-15,3.5975682187877804e-7,6.607997416632711e-7,8.772295776601434e-7,1.003138219300788e-6,1.0349666312542575e-6,9.746153069311499e-7,8.36029424152615e-7,6.444528706144979e-7,4.3015530658410757e-7,2.508871237802493e-7,2.2975127982132212e-7,3.3139791466013414e-7,4.0938073154247117e-7,4.446460690377187e-7,4.505803984419897e-7,4.415249590644653e-7,4.375823705928161e-7,4.486417297984e-7,4.876510204143963e-7,-3.7516400918882376e-8,-8.363091429445416e-7,-1.3555506708222513e-6,-1.7758307131000415e-6,-1.9334420445290784e-6,-1.826319602178838e-6,-1.4901467724956443e-6,-1.0065726639853037e-6,-4.847214270167482e-7,1.1812745518414005e-14
6.475261191335966e-14,0.0002885577442594946,0.002860902827827967,0.010940865188719302,0.027941895717837166,0.057277425227889596,0.10236087746781786,0.1666056789118318,0.253425255729297,0.3662330319990531,0.5082815373158034,0.68136401026929,0.8830004055018533,1.1063247793869548,1.342933064395715,1.5842490297076042,1.8216964487249496,2.0466991036949302,2.2506807745613915,2.425065241076724,2.5614419615742356,2.653082220526547,2.6990922006559406,2.706323184181291,2.684645422941137,2.6442858477593227,2.595471395404565,2.548429004394823,2.5133856137860624,2.499999999999887
1.9401102879840157e-15,0.03108553190316801,0.12071955366162573,0.2620594792344101,0.44786022462277647,0.6708767031650689,0.9238638191731533,1.1995764853699047,1.4907696237067145,1.7901981609475952,2.0906460453304523,2.385334670250989,2.669650217000615,2.9429066215618547,3.2060893478385575,3.4603891680087644,3.706996846239725,3.9471031501996388,4.181898854500194,4.412574728942731,4.640210095751767,4.8649088793238775,5.084098367946975,5.292805276209926,5.485274198744063,5.655665892241335,5.79814112610777,5.906860669198251,5.975985257106346,6.000000000000012
2.731000869938239e-14,2.144759903520751e-8,1.0296244240352384e-7,2.3394524470259017e-7,3.99265511882456e-7,5.869196190380853e-7,7.894745558808993e-7,9.933854082189848e-7,1.1799923178509898e-6,1.3283210418143864e-6,1.417017648921669e-6,1.434034456510175e-6,1.3915849485135245e-6,1.3115030507623147e-6,1.2143294019872938e-6,1.1148008966056302e-6,1.0198823898352748e-6,9.322806641509831e-7,8.50920267083556e-7,7.714123451017505e-7,7.002508469318988e-7,6.385083582298352e-7,5.683820330792278e-7,4.801727722649958e-7,3.767810340725211e-7,2.646846172730342e-7,1.5740752247129836e-7,7.376780714703039e-8,2.2070815852221947e-8,-2.7439147772035086e-14
3.700173289638024e-14,0.011093854893586311,0.05518399883574183,0.13887044882911517,0.2621527584185763,0.42503080685833444,0.6275045790464101,0.8695741051564642,1.1512393638265925,1.472500326972285,1.827757927495687,2.18302600685322,2.480354657965006,2.684190126573633,2.7885413652392312,2.7934083236203144,2.6987911149291306,2.5046897914145356,2.211104258513497,1.8180347554103067,1.3312460278835239,0.7919720179081791,0.2910942205380464,-0.10356336486275272,-0.37958862555290795,-0.5369814404022765,-0.5757417711036094,-0.4958696242611724,-0.29736493216926935,3.6891947894440336e-14
3.598962770886887e-14,0.7118461038398646,1.3536560520447296,1.9114230550950269,2.38514707700966,2.7748280296397043,3.0804658947713714,3.3020608119897563,3.4396128550236953,3.493122078004924,3.463598305448661,3.3632352239443635,3.232805972889664,3.109044790116704,2.9990966198033253,2.902961347020519,2.8206389364734874,2.7521294873275775,2.697433001682053,2.656549446207226,2.625600409048809,2.5822773508617263,2.4926020598911585,2.3381090212004403,2.1158807670376487,1.825917348533381,1.4682189110767074,1.0427852452509698,0.5496158666597729,-8.108869179928661e-15
3.037907396219959e-14,5.788155486912556e-7,1.2678288151111216e-6,1.7447856492888062e-6,2.0643737825915937e-6,2.2812258158678784e-6,2.3899960492917795e-6,2.3037978144629037e-6,1.984829176538797e-6,1.412643902370616e-6,6.130751192793736e-7,-1.8611915334481067e-7,-7.536580749986234e-7,-1.0633430499851354e-6,-1.1614643141172793e-6,-1.1360362136929786e-6,-1.0611483944594579e-6,-9.710758253141175e-7,-9.344316920842806e-7,-8.89416416805322e-7,-7.51199963853486e-7,-7.308439708946829e-7,-9.144603740030511e-7,-1.1213944262534472e-6,-1.2676781909911167e-6,-1.3068821106393333e-6,-1.1389930802486157e-6,-7.810520736156266e-7,-4.4651753295545533e-7,3.8200511763605044e-14
6.384850808945238e-14,0.00024343116457243048,0.0026968542300828064,0.01061516382551505,0.027444707202072153,0.05663181540485538,0.10162281116252506,0.16586402003686218,0.25280176772150414,0.36588237806188073,0.508385152817924,0.682084794544198,0.8844020727978051,1.1083894992031564,1.3455849550563415,1.5873578614372656,1.8250776477539117,2.0501137539081626,2.253835617979871,2.4276126811990757,2.563009716001162,2.653479507722971,2.6985954842625395,2.7053555435764083,2.6835582864091236,2.643328001049455,2.5947889796013865,2.5480655172566715,2.513281910586551,2.4999999999998757
-1.4919674096208425e-14,0.031097377442904785,0.12076464035970258,0.2621548668321951,0.4480183822609071,0.6711055106508267,0.924166564535177,1.1999518667783111,1.4912117515111085,1.7906965581258099,2.091187421588435,2.385915507479596,2.6702958764111906,2.9436566965511144,3.206986622803819,3.461478014860877,3.7083232249584004,3.9487146098606045,4.1838445323204025,4.414905348651413,4.642964259698139,4.868019867464264,5.087279154415969,5.295735330757721,5.487717539310913,5.657487554612689,5.7993071634323465,5.907438148042213,5.976142253415721,6.0000000000000115
2.5869083594948575e-14,2.3174596314420477e-8,1.1027112547835004e-7,2.514617461567633e-7,4.315827415887922e-7,6.37208438774829e-7,8.606044804570613e-7,1.0869190929565259e-6,1.2955246925017636e-6,1.463710979325383e-6,1.5693283328848623e-6,1.6004230560087835e-6,1.5694349005433476e-6,1.4990570556743197e-6,1.4110277071345604e-6,1.3199872858144404e-6,1.231886841531188e-6,1.148338648035087e-6,1.0670404298679681e-6,9.834010517501685e-7,9.060062311254949e-7,8.332795423087721e-7,7.426562490241013e-7,6.236287159415e-7,4.840312225881014e-7,3.363935032969079e-7,1.9939505774153165e-7,9.417613917199233e-8,2.7393725795099106e-8,-2.6066068527788753e-14
3.9403155205657806e-14,0.01008936289398894,0.053493075633366687,0.1368746311718893,0.26023368310283695,0.4235701113765871,0.6268838892138889,0.870175052961331,1.1534435871929705,1.4766894575377003,1.834100384013775,2.19075309999683,2.4882760312970267,2.6915464969372684,2.794702283541801,2.797743374633185,2.700669923791538,2.5034819881788177,2.206179487347771,1.8087627321446866,1.3180281952030983,0.7792900500730788,0.2831963400158063,-0.10678936241986202,-0.3793333756233877,-0.5344356150149235,-0.5720960412175611,-0.4923146560956697,-0.2950913361086723,3.965655617452374e-14
3.8608661294097083e-14,0.7121150031283855,1.3541494719836333,1.9120877396681109,2.385929787489385,2.7756755152463013,3.08132489465407,3.302878099357898,3.440335214660021,3.4936963008777653,3.464032900502956,3.3637915346053737,3.2337751889006916,3.1105010894820726,3.001058427632224,2.905447077164482,2.823667018685293,2.7557183540831294,2.7016010611811114,2.6613151111167683,2.6305050071043388,2.585050115154543,2.4914528684506574,2.3336365336462763,2.109256791298664,1.8183136913012843,1.4608073629105836,1.036737508391628,0.54610373493122,-3.839450935789243e-15
3.2773134634969907e-14,6.19810210906195e-7,1.3581924911601004e-6,1.8918111038513253e-6,2.256205784314397e-6,2.507349103549352e-6,2.6443527538828024e-6,2.5651690912368764e-6,2.2301927162159e-6,1.6264161616684863e-6,7.925078141884601e-7,-3.88686355787646e-8,-6.333261788047693e-7,-9.553648971357345e-7,-1.0577859722819082e-6,-1.0451205845861e-6,-9.958351619981096e-7,-9.449126847024062e-7,-9.611705232708148e-7,-9.502348510846127e-7,-8.418814526790461e-7,-9.064691220220814e-7,-1.216822686570021e-6,-1.5220901372084217e-6,-1.6949689320184749e-6,-1.6938207820479224e-6,-1.4350877228042611e-6,-9.949938451410255e-7,-5.705844981353286e-7,3.237381284413286e-14
6.402183603285675e-14,0.00023359168575660355,0.0026610838482566293,0.010544144297894154,0.02733629239227516,0.056491031950763985,0.1014618581522695,0.1657022690196991,0.2526657628369024,0.3658058361580242,0.5084074781158696,0.6822402096674884,0.8847009851745222,1.1088248424514533,1.34613880222102,1.588002437639819,1.8257753310190434,2.0508170754187827,2.254487262267914,2.428145486805096,2.563352264634225,2.65359498851261,2.698535541036807,2.705199799709635,2.683373185528156,2.6431609632742603,2.594668401322038,2.5480007712176573,2.513263345904067,2.4999999999998725
-1.9291695676149728e-14,0.031100054536561342,0.12077481699527894,0.26217636037341485,0.44805394591627523,0.6711568339252965,0.9242342727796865,1.2000355215436525,1.4913098509215608,1.7908065369276656,2.091306117157654,2.386042427614273,2.670437910542701,2.9438235738228355,3.207187702983872,3.4617218286684808,3.70861747421177,3.9490661676606096,4.184259442850168,4.4153888268839,4.643518450965797,4.8686286964383765,5.087890173963563,5.296291688711089,5.488177910930179,5.657828914017574,5.799524783400331,5.907545599168493,5.976171403463563,6.000000000000012
2.5737009866545187e-14,2.3335433897331695e-8,1.1088068393455304e-7,2.5318680411887637e-7,4.352946915497585e-7,6.435400108358547e-7,8.701555960250404e-7,1.1000767437660211e-6,1.3123346542933888e-6,1.4839097759538382e-6,1.5924994685648236e-6,1.6261556509563064e-6,1.5973750679112222e-6,1.528980652568451e-6,1.4429091736736693e-6,1.3537272678713262e-6,1.2671664136229599e-6,1.184630082786091e-6,1.1036310529009422e-6,1.0196357732218413e-6,9.415707521560974e-7,8.672374327135927e-7,7.732061618427402e-7,6.487189021641624e-7,5.025861331842107e-7,3.485703829785396e-7,2.0638191709053323e-7,9.752751035781439e-8,2.8248562619473367e-8,-2.5948674001019326e-14
3.997153377505392e-14,0.009870337810087036,0.05312436668149086,0.136439426364846,0.25981518518946894,0.4232515231959143,0.6267484104740085,0.8703058849066613,1.1539239329243058,1.477602519810158,1.835477679545474,2.1924029601425117,2.489924525523755,2.693044158634658,2.795934873146366,2.798596661325445,2.7010296837134953,2.5032339985192387,2.2052095296612673,1.8069565990700143,1.31546615639451,0.7768214347721004,0.2816261233431505,-0.10747849847061164,-0.37936210114949453,-0.5340246048726135,-0.5714659697242207,-0.49168619979214284,-0.29468515964517134,4.0640132180712703e-14
3.859082159210709e-14,0.7121757415787041,1.3542606651005944,1.9122370411246201,2.386104856834606,2.7758640111254786,3.0815144734937774,3.3030564240017566,3.4404899498191637,3.493815112067499,3.4641196669094563,3.3639152161713426,3.234005878197869,3.1108451590964714,3.001506262366342,2.9059890600617515,2.824293536113002,2.7564197924102793,2.702367802863386,2.6621375371111795,2.631295531123705,2.5854277988914864,2.491129233625107,2.3327273976894793,2.107974422045298,1.8168703547840546,1.4594153207679177,1.0356090053835898,0.5454510358844197,-3.690628787803921e-15
3.287311332081391e-14,6.230490814658343e-7,1.3664496500072714e-6,1.9099784676527658e-6,2.28324239453704e-6,2.5413419885389133e-6,2.684547566192086e-6,2.6079444984262883e-6,2.2715041263196466e-6,1.6634269933825711e-6,8.245219358953788e-7,-1.1359763584033931e-8,-6.094134739494369e-7,-9.326777055551792e-7,-1.0352902135753948e-6,-1.0249805853693713e-6,-9.806368207649558e-7,-9.370554673910869e-7,-9.6217312974772e-7,-9.560552319705593e-7,-8.533056375096878e-7,-9.341856862016246e-7,-1.2690405739052764e-6,-1.5940980921425831e-6,-1.772145264721867e-6,-1.762490525032475e-6,-1.4858005618703317e-6,-1.0306004012456364e-6,-5.908397773277824e-7,3.198052116666811e-14
6.378177246172439e-14,0.00023154783907182406,0.002653653699902962,0.010529392444590283,0.027313773336197965,0.05646179023277792,0.10142842828254654,0.16566867547915268,0.252637520104173,0.3657899487358535,0.5084121256308222,0.6822724467679033,0.8847628247405472,1.1089146758530506,1.3462528350890897,1.5881349087758345,1.8259185125629451,2.050961272902959,2.2546208146660875,2.4282547666614005,2.563422808361655,2.653619355449769,2.6985241978912895,2.7051688781680006,2.683336152996598,2.643127440391368,2.5946441619216287,2.547987742340223,2.513259607791254,2.499999999999872
-1.9609247509123064e-14,0.031100632075168118,0.12077701007198084,0.26218098569738896,0.4480615858940568,0.6711678367550981,0.9242487523592522,1.2000533575411871,1.4913306888501898,1.790829788155339,2.0913310595188115,2.38606891051523,2.670467368764785,2.943858039355005,3.2072291088127307,3.4617719091207264,3.7086777649855804,3.949138005861045,4.18434396695268,4.415486976680539,4.643630527381254,4.868751387505256,5.088013008929328,5.296403363308279,5.488270223359713,5.657897311927268,5.799568363841152,5.90756710842674,5.976177236940912,6.0000000000000115
2.5716084968025045e-14,2.3360234749818387e-8,1.1097441237617483e-7,2.534742143342841e-7,4.3594998460215305e-7,6.446875555577757e-7,8.719127003026626e-7,1.1025226115606812e-6,1.315482759582347e-6,1.4877123656657755e-6,1.5968777629179274e-6,1.6310330199524483e-6,1.6026868520480751e-6,1.5346872845696959e-6,1.449009851250152e-6,1.360204108348798e-6,1.2739555705999972e-6,1.191624015459414e-6,1.1106883660612178e-6,1.0266311149095885e-6,9.484458258817786e-7,8.73803503994741e-7,7.791088947119155e-7,6.535502086460498e-7,5.061352248317417e-7,3.508767089490552e-7,2.0768964051857778e-7,9.814912721933455e-8,2.8406600640786952e-8,-2.5930752458788635e-14
4.0077871782233044e-14,0.009824842185116846,0.05304778001870392,0.1363490300106321,0.2597282632803433,0.4231853598957025,0.6267202892691279,0.8703330896013177,1.1540237477179578,1.4777922288603957,1.835763609170254,2.192744265979163,2.4902636559296467,2.693350682455503,2.796185974368171,2.798769525775045,2.7011014986121453,2.5031819513909523,2.205010809004344,1.806588395375927,1.314944990085754,0.7763193341149396,0.2813060291021705,-0.10762005991135212,-0.379369751779663,-0.5339429675868327,-0.5713396672730678,-0.49155985549252473,-0.2946033944863919,4.062260786221649e-14
3.904208899285288e-14,0.7121888387939929,1.3542845953086622,1.9122690860077054,2.3861422992516323,2.775904133776949,3.081554558612819,3.303093755111086,3.440521810810057,3.493838787003258,3.4641359404273495,3.3639389093941405,3.234051983749019,3.1109148392352997,3.0015972129755784,2.9060989767045218,2.8244201150168844,2.7565607297888897,2.702520794283874,2.6623002775985345,2.631450398244388,2.5854996261258703,2.491061455117501,2.332543311340197,2.107716361689096,1.8165806538331628,1.459136311720318,1.0353830174544025,0.5453204023199397,-3.3329163757224187e-15
3.340034707574692e-14,6.235286188810125e-7,1.3677932526060274e-6,1.91326332709415e-6,2.288301802852885e-6,2.547752178081897e-6,2.692190432316014e-6,2.616144488953878e-6,2.279468135019507e-6,1.6705848933876187e-6,8.307369099519607e-7,-5.975236496528719e-9,-6.046811076808257e-7,-9.281333404134716e-7,-1.0307465443706563e-6,-1.0208963676839697e-6,-9.775582715363196e-7,-9.354590667675788e-7,-9.623054398348107e-7,-9.570733515608628e-7,-8.554427733147275e-7,-9.395576244868722e-7,-1.2792531369623332e-6,-1.6082457075473993e-6,-1.7872489454056549e-6,-1.7757974995128991e-6,-1.4954685884179016e-6,-1.0372491885197599e-6,-5.945856445838875e-7,3.1408521095083447e-14
9.513977295657503e-14,0.00023113133092741043,0.002652127262984783,0.010526370263671866,0.027309178712295948,0.056455819579971214,0.10142158933796477,0.1656617973341297,0.2526317446521601,0.3657867275045781,0.5084131529836771,0.6822791861036263,0.8847757044391412,1.1089333836357282,1.3462765927211993,1.5881624974214337,1.8259482936533924,2.050991210093087,2.2546484629658434,2.4282772823241703,2.5634372885057264,2.653624402520439,2.6985220305121995,2.705162790579813,2.683328846020752,2.6431208254279532,2.5946393734947444,2.547985150946133,2.5132588450864097,2.4999999999996825
-5.700594848429373e-13,0.031100835062373156,0.12077774360866343,0.2621824843584601,0.4480639849115721,0.6711711264644415,0.9242528336766553,1.2000580879726268,1.4913358930812917,1.7908352579987945,2.0913365865671225,2.3860744547217254,2.6704732716884094,2.9438647747602538,3.207237143344697,3.4617816663224104,3.708689610619816,3.9491522603721023,4.18436091972175,4.4155068685364975,4.643653444995048,4.8687765812346,5.088038256620006,5.296426288403033,5.488289106151564,5.657911201575848,5.7995771072547235,5.907571356689994,5.976178374407966,6.000000000000184
4.999263043820651e-14,9.321880286223441e-8,3.9470897808078933e-7,8.716360518250365e-7,1.488150051791144e-6,2.238136930820637e-6,3.0816534968683163e-6,3.946649004535695e-6,4.751707473971243e-6,5.410545157805414e-6,5.834378209053923e-6,5.969110233615171e-6,5.859212917419912e-6,5.594398807083975e-6,5.262126905774041e-6,4.921548491368733e-6,4.599204391025423e-6,4.303704137192245e-6,4.025237935259044e-6,3.7426950610267857e-6,3.4831410151974904e-6,3.230278566726954e-6,2.8978240829322956e-6,2.450602215356661e-6,1.915726552016163e-6,1.341726384714251e-6,7.981082829256302e-7,3.709763784913748e-7,1.06035094971044e-7,-5.23400056953167e-14
1.1086192477604339e-13,0.009815499209282989,0.05303203200334206,0.1363306876611208,0.25971060781250577,0.42317171732312686,0.6267144127008509,0.8703386577532672,1.1540443612536138,1.477831467201664,1.835822779935336,2.192814972341453,2.4903341212779773,2.6934146165265296,2.796238324698876,2.7988052442854783,2.7011158904640857,2.5031703946996053,2.2049684226819917,1.806511228080501,1.314837793623168,0.7762173801755891,0.2812417076591438,-0.10764830608767494,-0.37937130340982844,-0.5339268673787895,-0.5713148708096686,-0.491535121185379,-0.29458703290221944,8.697147264508582e-14
9.598838777684255e-14,0.7121933007302409,1.3542922744720272,1.912278996717716,2.386152935828709,2.775914005086778,3.0815629806868077,3.3031003324890897,3.440526156468121,3.4938405583736585,3.464135743172549,3.363940514734259,3.2340588400499386,3.1109272624111735,3.0016148439040826,2.9061211882703226,2.824446264127095,2.7565904281161537,2.702553580158609,2.6623356154098725,2.6314838377907104,2.5855150353523375,2.4910474652831853,2.332504912879335,2.1076624467905076,1.8165202782532146,1.4590788784572963,1.0353376057520352,0.5452947953178244,3.4951024777583767e-15
2.015080620648738e-13,2.2817558203072673e-6,4.608852939691714e-6,6.371751581605508e-6,7.955888882929485e-6,9.358922224827321e-6,1.0062340901629938e-5,9.847933259183018e-6,8.663803598979887e-6,6.440437885330744e-6,3.2513861624239564e-6,-7.917833045304972e-9,-2.355466552829835e-6,-3.610172788047484e-6,-3.982434280433891e-6,-3.875279431951181e-6,-3.5861494319291326e-6,-3.281103882522825e-6,-3.2634648454668422e-6,-3.18814941918532e-6,-2.848906879574738e-6,-3.2483134628120516e-6,-4.526864781008252e-6,-5.776960617656624e-6,-6.5422829254754e-6,-6.6427826138203155e-6,-5.77969833435831e-6,-4.020520149081035e-6,-2.2223638574902273e-6,-7.08089603568535e-14
6.375232499928292e-14,0.00023104295431100708,0.002651818272180117,0.010525748433719432,0.027308210784831012,0.056454567295604226,0.10142017121113472,0.1656603786225115,0.25263054591620115,0.36578602778159613,0.5084132780165115,0.6822804087454158,0.8847780753669099,1.1089368001552045,1.346280886207834,1.5881674630728588,1.8259536696611722,2.0509966556989507,2.254653569341991,2.42828156271658,2.5634401146079386,2.6536253588947756,2.6985214604707726,2.705161345133698,2.683327118073426,2.6431192569150155,2.594638242829907,2.547984560173111,2.51325869468896,2.499999999999872
-1.9736324537524e-14,0.0311007781228339,0.12077756426992303,0.2621821534600079,0.4480635126118191,0.6711706078216667,0.9242523931496309,1.2000578334256182,1.4913359052120578,1.7908355903936344,2.09133725847608,2.3860754606864307,2.6704746245447946,2.9438665053400173,3.2072392638626503,3.461784181174615,3.708692531069084,3.949155592094756,4.18436464854243,4.415510977904827,4.643657914725439,4.868781347793334,5.0880429897707105,5.296430611735765,5.488292742740301,5.657913994925085,5.799578992406042,5.9075723537512514,5.9761786594303254,6.000000000000012
2.5714088179936952e-14,2.3363855108583655e-8,1.1098794029843231e-7,2.535209856349835e-7,4.3606396056849555e-7,6.448972290854279e-7,8.722487099848129e-7,1.1030054199555666e-6,1.3161175307720337e-6,1.4884905869604477e-6,1.5977844205036246e-6,1.6320535637912785e-6,1.6038082961617505e-6,1.5359019659819628e-6,1.4503191127003954e-6,1.3616058867174775e-6,1.275436735243021e-6,1.1931610042039292e-6,1.1122485519867861e-6,1.0281865319341606e-6,9.499843058121398e-7,8.752813817241246e-7,7.804454504482516e-7,6.546507511821493e-7,5.069494875061753e-7,3.514106995801061e-7,2.079960677363084e-7,9.829729158567833e-8,2.844345904974917e-8,-2.5929468009278756e-14
4.0105576857961845e-14,0.009813603589150744,0.05302886151781732,0.13632670102151337,0.259706793834889,0.42316902003130197,0.6267133488746258,0.8703398186462574,1.1540484162764106,1.4778391069846009,1.8358342328784014,2.1928284190479626,2.490347038721715,2.693425847115931,2.796247390069255,2.7988116621317483,2.701118825570229,2.5031689389659726,2.2049619274493,1.8064981154408177,1.3148173860304433,0.7761964474373005,0.2812276602634675,-0.10765476735879624,-0.37937170624353983,-0.5339230776672358,-0.5713088415531283,-0.49152900273031574,-0.2945834228230688,4.0641418146540444e-14
3.910749961789069e-14,0.712192149814002,1.3542906373170154,1.9122771626346262,2.386151714425302,2.775914191432762,3.081564562542929,3.3031030093964198,3.440529619626396,3.493844454567026,3.464139655675857,3.3639444089014074,3.2340630479027888,3.110931753433563,3.001619386621608,2.906125819119038,2.82445103568149,2.7565951381737737,2.7025580996970846,2.6623398892328423,2.63148800654823,2.5855169566960776,2.4910447782353518,2.33249831555001,2.1076533628963343,1.8165099678418464,1.4590682540920639,1.0353279029276803,0.5452885466283278,-3.282079843511033e-15
3.34824775270145e-14,6.235929401803116e-7,1.368006739162694e-6,1.913846711932e-6,2.2892503690979667e-6,2.5490435253785063e-6,2.6938032493680542e-6,2.6179069661568663e-6,2.2812023094030107e-6,1.6721660875891927e-6,8.321396056599308e-7,-4.734388947355775e-9,-6.035726225213948e-7,-9.270521409187754e-7,-1.029643782823543e-6,-1.0198776390344233e-6,-9.767537158272624e-7,-9.349906970162227e-7,-9.62233533344177e-7,-9.571880410337929e-7,-8.558112888099995e-7,-9.406672401038955e-7,-1.2814731206215748e-6,-1.611387420153529e-6,-1.790637908051273e-6,-1.7788159411587949e-6,-1.4976785312324672e-6,-1.0388177272821146e-6,-5.954825393509082e-7,3.1323187315806125e-14
6.38274232094386e-14,0.00023102694272372174,0.0026517600601274776,0.010525632845973779,0.02730803431012815,0.05645433808978329,0.10141990909676812,0.1656601150879751,0.2526303241153132,0.36578590253390014,0.5084133133976353,0.6822806604436097,0.884778560427292,1.1089375072514676,1.3462817863669647,1.5881685113186956,1.8259548050163537,2.0509978011856194,2.254654631982068,2.4282824335326567,2.5634406776666276,2.65362555419606,2.6985213711231264,2.705161099610608,2.683326823664403,2.643118990274549,2.5946380499774295,2.5479844564953673,2.5132586649401185,2.4999999999998717
-1.991134241250877e-14,0.031100782129238818,0.12077757954619793,0.2621821858514216,0.4480635664618006,0.6711706859717843,0.9242524969388285,1.2000579626922403,1.4913360582949418,1.7908357641325685,2.09133744889846,2.386075667817426,2.6704748592922507,2.943866782663264,3.207239597981798,3.461784584885872,3.7086930157453666,3.9491561676863407,4.184365323576975,4.4155117594869,4.643658805060449,4.868782320716668,5.088043962743995,5.296431495686938,5.488293473086747,5.657914535884701,5.799579336997067,5.907572523792376,5.976178705539869,6.000000000000012
2.5711400739580012e-14,2.336598775424722e-8,1.1099661303025617e-7,2.5354273961058626e-7,4.361065454607048e-7,6.449656285137219e-7,8.723435677329245e-7,1.1031255550816929e-6,1.316260486976376e-6,1.4886525519487618e-6,1.5979604239031911e-6,1.632238164606297e-6,1.6039979255021114e-6,1.5360943053551999e-6,1.4505129433490455e-6,1.3617993410921943e-6,1.2756274653328508e-6,1.1933463496570557e-6,1.1124273175416024e-6,1.028357323798908e-6,9.501451120234298e-7,8.754292891107616e-7,7.805731497014662e-7,6.547495304780509e-7,5.070160780191144e-7,3.514481529104049e-7,2.080126485780172e-7,9.830226395839895e-8,2.844577410788718e-8,-2.592682458525244e-14
4.010873089776669e-14,0.009813247166134586,0.053028261430444375,0.13632599254370648,0.25970611229325663,0.4231685007666121,0.6267131272147154,0.8703400299112903,1.1540491957852457,1.4778405900662726,1.8358364709768895,2.192831101289323,2.490349720495991,2.6934282856302842,2.7962493996740325,2.7988130572034766,2.70111942050113,2.503168548151601,2.204960365290263,1.806495196354772,1.314813239101392,0.7761924463247456,0.2812251079022146,-0.10765589748948062,-0.37937176949543805,-0.5339224294136388,-0.571307837147829,-0.49152799750235915,-0.29458277213369344,4.070357706242706e-14
3.898083818338182e-14,0.7121922408333268,1.3542908048540998,1.9122773892652767,2.3861519827306155,2.775914483983765,3.0815648619183227,3.3031032981982236,3.440529880464116,3.493844670050809,3.4641398323174766,3.3639446488949134,3.234063453799819,3.1109323325422875,3.0016201224245513,2.906126695101327,2.82445203533772,2.7565962450019326,2.7025592971957564,2.662341160878985,2.6314892149211677,2.5855175102340717,2.4910442315224155,2.3324968526326257,2.107651317864862,1.8165076747789777,1.4590660470863608,1.0353261160498184,0.5452875139900364,-3.377917892222323e-15
3.334121891907627e-14,6.236411018088012e-7,1.3681159023028773e-6,1.9140447192612706e-6,2.28952931952213e-6,2.549352977919888e-6,2.694105584604615e-6,2.618188575317906e-6,2.2814473641896657e-6,1.6723599380105305e-6,8.322691904264868e-7,-4.658852356633662e-9,-6.035301711358368e-7,-9.270281815325061e-7,-1.0296358668301735e-6,-1.0198944595959752e-6,-9.76802248375362e-7,-9.350619365049584e-7,-9.623164083789698e-7,-9.572917665631447e-7,-8.559384984075173e-7,-9.408510567335657e-7,-1.2817627660002867e-6,-1.6117546800517583e-6,-1.7910058082879274e-6,-1.7791112240076384e-6,-1.4978698361297736e-6,-1.0388875633918082e-6,-5.955083399169438e-7,3.1457840285180244e-14
4.473366753904817e-14,0.00023102688401579208,0.002651764539516284,0.010525641391753049,0.027308050121656227,0.05645436034287363,0.10141993448136286,0.16566013923980324,0.2526303425454486,0.365785910618975,0.5084133070404258,0.682280638304815,0.884778522499575,1.1089374535805798,1.3462817194464907,1.5881684379241405,1.825954733179334,2.050997738083097,2.2546545840678642,2.42828240553195,2.563440665944677,2.653625551484332,2.6985213743598577,2.7051611079394675,2.683326838736961,2.6431190109137326,2.5946380722197793,2.547984473489584,2.513258668168995,2.4999999999999054
2.184508601548463e-14,0.03110077470041994,0.12077755852097947,0.2621821486127014,0.4480635157301916,0.6711706227109525,0.9242524264624251,1.2000578923486012,1.4913359947706657,1.7908357133659203,2.0913374146519517,2.3860756495944386,2.6704748537871725,2.9438667854062444,3.207239603815062,3.4617845902429782,3.7086930191253864,3.9491561681769576,4.184365319225655,4.415511747761383,4.643658786533433,4.8687823072190115,5.0880439607896735,5.296431507054627,5.488293498190022,5.657914572466403,5.799579379194697,5.907572557424047,5.976178714058905,5.999999999999975
2.43660948262766e-14,1.314080046621769e-8,6.748028293470343e-8,1.5828133545439507e-7,2.7340789528679694e-7,4.0696036910213936e-7,5.556260247222738e-7,7.096861691985337e-7,8.54522517618006e-7,9.739047478400818e-7,1.0523889283315051e-6,1.081156257183033e-6,1.0685421212106965e-6,1.0301092805213944e-6,9.810532149739245e-7,9.313686060625458e-7,8.843413125828104e-7,8.399858206974936e-7,7.95348115855908e-7,7.461348335816604e-7,6.99956431969407e-7,6.562032861102149e-7,5.951513798606646e-7,5.055953599191896e-7,3.958994205866224e-7,2.7764051533514024e-7,1.6798765689462162e-7,8.292141337720789e-8,2.3620650627467874e-8,-2.4487629865515775e-14
3.385103578066843e-14,0.0098132729857662,0.0530283140342138,0.1363260557459263,0.2597062012398419,0.4231685587931633,0.6267131393051162,0.8703399895995754,1.1540491029268674,1.4778404426885055,1.8358362907457635,2.192830917799355,2.490349536033417,2.693428109655151,2.796249279090419,2.798813029130751,2.701119482281204,2.5031686872679697,2.2049605795597342,1.8064954217049287,1.3148133829240811,0.7761925257422605,0.2812251669673202,-0.10765582896250726,-0.37937169078681027,-0.5339223843799729,-0.5713078464860627,-0.49152813203133017,-0.29458288635141977,3.423639823043561e-14
4.7068913580487104e-14,0.712192103195977,1.3542906237284367,1.9122772140252653,2.386151831038567,2.775914360427107,3.081564820722522,3.3031033400606833,3.4405299961486646,3.4938448467341177,3.4641400287704847,3.3639448189232,3.2340635774372637,3.1109323975804335,3.0016201332111794,2.9061266778916726,2.824452008020162,2.756596202130256,2.702559226950051,2.6623410596112316,2.631489196921254,2.585517621828924,2.4910443798727724,2.332497012951464,2.1076514698450266,1.81650778398918,1.459066053151404,1.0353258799213252,0.5452872804273959,1.621016383285084e-14
4.514023872085804e-14,3.703410739979884e-7,8.669476700201925e-7,1.2127574281439588e-6,1.448302080725925e-6,1.6480631661099177e-6,1.7806347028459244e-6,1.7642544106862208e-6,1.5639441574071359e-6,1.174774054313553e-6,6.227092854750073e-7,6.673990808001928e-8,-3.275392133583356e-7,-5.330192373183954e-7,-5.849991550830685e-7,-5.631609780658196e-7,-5.279324844750232e-7,-5.052313488361448e-7,-5.481066871754038e-7,-5.683575647990061e-7,-4.980949583408851e-7,-5.688817556038061e-7,-8.735951326768248e-7,-1.1778948474969399e-6,-1.3487949652350903e-6,-1.3597551891553129e-6,-1.143514962401427e-6,-8.424110203753569e-7,-5.108140881187166e-7,1.6056594110260857e-14
4.4727570133461335e-14,0.00023102373335953997,0.0026517530855466463,0.010525618650842866,0.02730801540364926,0.05645431525357823,0.10141988292329816,0.16566008741152072,0.25263029894127365,0.3657858860291491,0.5084133140813282,0.6822806879624939,0.8847786181932472,1.1089375931427974,1.346281897207677,1.5881686450323933,1.8259549576006933,2.0509979646017484,2.2546547942863375,2.4282825778713306,2.5634407774352383,2.6536255902205808,2.698521356768795,2.705161059434392,2.6833267805429837,2.6431189581966423,2.5946380340860924,2.547984452987166,2.5132586622862347,2.4999999999999054
2.1855712147166868e-14,0.031100775525809515,0.1207775616648761,0.26218215527246413,0.448063526775847,0.6711706386915174,0.9242524476097872,1.200057918576209,1.4913360256718136,1.7908357482148725,2.091337452546621,2.386075690459906,2.6704748998152463,2.943866839641067,3.207239669158327,3.4617846693114407,3.7086931142512185,3.949156281407754,4.184365452324339,4.415511902205769,4.643658962821907,4.868782500176836,5.088044153964858,5.29643168267371,5.4882936433569744,5.657914680023841,5.799579447724124,5.907572591245979,5.976178723232324,5.999999999999977
2.4365419566558746e-14,1.313994774669875e-8,6.747936935512957e-8,1.5828896523580098e-7,2.734220177994346e-7,4.0697474153182815e-7,5.556394058409649e-7,7.09698409400659e-7,8.545330125256724e-7,9.739129147581342e-7,1.052396967625817e-6,1.081165847242935e-6,1.0685539984087936e-6,1.0301238041680592e-6,9.810703588019228e-7,9.313881884684601e-7,8.843626560551573e-7,8.400079567220228e-7,7.953700564405612e-7,7.461558106496953e-7,6.999759082079149e-7,6.562210847019451e-7,5.951669765592764e-7,5.056074892112569e-7,3.959072207779361e-7,2.7764485684439585e-7,1.6798943365651262e-7,8.292176907622066e-8,2.3620588356539853e-8,-2.448695484056158e-14
3.385051086089867e-14,0.009813202851193924,0.05302819597436052,0.1363259163790756,0.2597060671785989,0.4231684566811797,0.626713095780284,0.8703400312941376,1.154049256468812,1.4778407347244504,1.8358367315087285,2.192831446524709,2.4903500654854196,2.6934285917997323,2.7962496770095853,2.7988133059115325,2.7011196010129215,2.5031686110421836,2.204960271470734,1.806494844848071,1.3148125627091711,0.7761917340697906,0.2812246618316115,-0.10765605274524148,-0.37937170350157984,-0.5339222563163072,-0.5713076479278557,-0.4915279332571965,-0.29458275767391784,3.4231466583836925e-14
4.707750234288897e-14,0.7121921219330452,1.3542906581877658,1.9122772604870684,2.386151885713231,2.775914419630564,3.081564880773426,3.303103397250701,3.440530046769437,3.4938448870838132,3.464140060125489,3.3639448625282182,3.2340636547046793,3.1109325101593135,3.0016202777968783,2.9061268511806544,2.824452206711875,2.7565964229236757,2.7025594665399706,2.6623413146910644,2.6314894400166433,2.5855177346351934,2.4910442732098486,2.332496723408674,2.107651063992608,1.8165073283963966,1.4590656143890959,1.0353255245677297,0.5452870750149946,1.6216959487741588e-14
4.5149335047035846e-14,3.703202031180146e-7,8.669993606960401e-7,1.2128667277427322e-6,1.4483364475416496e-6,1.648051043411777e-6,1.780623025674694e-6,1.764239040043864e-6,1.5639168773923453e-6,1.174756795375121e-6,6.227201466695313e-7,6.676324820665598e-8,-3.275098761908954e-7,-5.329882374136738e-7,-5.849692132283132e-7,-5.631357006283207e-7,-5.279173882576352e-7,-5.052281442463986e-7,-5.481138216795385e-7,-5.68372562733551e-7,-4.981135901816706e-7,-5.689028405004717e-7,-8.736271695547367e-7,-1.1779429057581797e-6,-1.3488420119142068e-6,-1.3597899589751989e-6,-1.1435384519486267e-6,-8.424209973744622e-7,-5.108146886812237e-7,1.604581172656285e-14
4.476170918607444e-14,0.00023102307995857957,0.0026517507101295277,0.010525613934522384,0.027308008204776087,0.0564543059063072,0.10141987223693362,0.16566007667213123,0.25263028991159864,0.36578588094876885,0.5084133155648658,0.6822806982644272,0.8847786379561906,1.108937621851659,1.3462819336496865,1.5881686873671996,1.8259550033603424,2.0509980106906562,2.254654836981069,2.428282612820244,2.563440800019678,2.653625598063235,2.6985213532073513,2.7051610496151848,2.6833267687628846,2.6431189475257355,2.5946380263677966,2.547984448837776,2.513258661095444,2.4999999999999054
2.1784669743458844e-14,0.031100775710538105,0.12077756236646196,0.2621821567507689,0.4480635292187353,0.6711706422121974,0.924252452243908,1.2000579242847613,1.491336032341551,1.7908357556574976,2.0913374605311517,2.386075698937832,2.670474909244709,2.9438668506703856,3.2072396824030527,3.4617846853226326,3.708693133515356,3.9491563043467535,4.184365479295648,4.415511933502209,4.643658998532126,4.868782539243113,5.088044193059664,5.296431718206934,5.488293672724572,5.657914701781429,5.799579461586918,5.907572598088309,5.976178725087647,5.999999999999977
2.4365801597339273e-14,1.3139773039966582e-8,6.747855699557043e-8,1.5828495629256734e-7,2.7341658087897763e-7,4.0697067736897493e-7,5.556339366368927e-7,7.096901442444165e-7,8.545215704432289e-7,9.738990511361688e-7,1.0523814328390878e-6,1.0811496400270133e-6,1.0685376011115186e-6,1.0301068622204524e-6,9.810525537146963e-7,9.313693997958064e-7,8.843431591496321e-7,8.399881021888648e-7,7.953502520306912e-7,7.46136387684853e-7,6.999571658437588e-7,6.562032559050043e-7,5.951507111626243e-7,5.055935049310555e-7,3.958964963329417e-7,2.7763718724245636e-7,1.6798416009024318e-7,8.291860628663287e-8,2.36197941301257e-8,-2.4487337788229796e-14
3.385190599256144e-14,0.009813188306769256,0.053028171487538966,0.1363258874811846,0.2597060394007117,0.42316843553353867,0.626713086784034,0.8703400399810547,1.1540492883701912,1.4778407953655404,1.8358368229027888,2.1928315556118907,2.4903501738659553,2.6934286897515123,2.796249757253446,2.798813361167207,2.7011196240002255,2.5031685944800177,2.204960208072955,1.8064947273295908,1.3148123963427407,0.7761915737561375,0.2812245595758947,-0.10765609804153438,-0.37937170606990284,-0.5339222303858431,-0.5713076077306287,-0.4915278930277993,-0.2945827316315761,3.42590055397423e-14
4.702175797298056e-14,0.7121921261252736,1.3542906658340474,1.9122772707261668,2.386151897707889,2.7759144324875025,3.0815648936059103,3.303103409201793,3.4405300569720523,3.493844894668002,3.4641400653409358,3.3639448701107266,3.2340636694428286,3.110932532412672,3.0016203068164655,2.9061268862181544,2.824452247017836,2.7565964677499863,2.7025595151382866,2.6623413663104576,2.6314894890548364,2.5855177572533536,2.491044251482687,2.332496664748916,2.1076509818519145,1.8165072362268155,1.4590655256410003,1.0353254526787503,0.5452870334589623,1.6173799122061792e-14
4.508800726568437e-14,3.7031915832100337e-7,8.66975270036054e-7,1.2128307032957383e-6,1.4483437010956493e-6,1.648056131332474e-6,1.780594295941892e-6,1.7642026757742254e-6,1.5638832066855817e-6,1.1747330157773045e-6,6.227065105946508e-7,6.676001502142731e-8,-3.2751332287625646e-7,-5.3299678613943e-7,-5.849805630891206e-7,-5.63146018746042e-7,-5.279236416161424e-7,-5.052299055863118e-7,-5.481112253312861e-7,-5.683661690926914e-7,-4.981048017687316e-7,-5.688889108659467e-7,-8.736054785480493e-7,-1.1779098106175988e-6,-1.3488032586581466e-6,-1.3597583157654067e-6,-1.1435140867180334e-6,-8.423932643644852e-7,-5.107941055639731e-7,1.6108096436951484e-14
1.3097304457393602e-13,0.0002310313926624259,0.002651755655003236,0.010525602701252508,0.027307953855140354,0.056454188365895865,0.1014196930189899,0.1656598577265375,0.25263007794221715,0.3657857569968287,0.5084133236957213,0.6822806818568261,0.8847785886852837,1.1089375728403843,1.3462818947537776,1.5881686600343567,1.8259549892616223,2.050998009301516,2.254654846151555,2.428282629009093,2.5634408097632817,2.653625591361304,2.698521321454938,2.705160993641871,2.6833266874725425,2.643118861076347,2.594637967790655,2.5479844263450233,2.513258656148795,2.499999999999868
6.934021165997914e-14,0.03110079996461797,0.12077763129405353,0.2621822725704336,0.44806367601979824,0.6711708016919221,0.9242526162393618,1.2000580873537035,1.4913361810607983,1.7908358642030482,2.0913375044204296,2.386075685455728,2.6704748716743865,2.9438668312490717,3.207239705619091,3.461784753150935,3.7086932322701136,3.949156407421039,4.184365557863536,4.415511981351604,4.643659013904342,4.868782505799112,5.088044121552421,5.296431628089197,5.4882935741520065,5.657914608717072,5.799579384586971,5.9075725424212076,5.976178705214204,6.000000000000046
4.861372523688853e-14,5.3399680976474966e-8,2.146215311633888e-7,4.677118164954276e-7,7.993025186529442e-7,1.190427258732524e-6,1.6147707499270607e-6,2.0392191415405923e-6,2.4204852010254906e-6,2.7001680409435004e-6,2.8388988452367487e-6,2.8810163633041426e-6,2.776590769847751e-6,2.5627821069723307e-6,2.299617309854948e-6,2.02765839648287e-6,1.77119164748722e-6,1.5428575312930305e-6,1.3451376615770323e-6,1.1716089605153408e-6,1.0117637430768035e-6,8.525459246937623e-7,6.925709747059032e-7,5.489922611386703e-7,4.230710048522809e-7,3.1127279131050313e-7,2.0854049632588133e-7,1.1458925768601543e-7,3.905023208475716e-8,-4.8620029769079536e-14
5.78659038953661e-14,0.009813257779990953,0.05302806569399913,0.1363255609853648,0.2597053877309166,0.4231676692217583,0.6267124582850179,0.8703397913895006,1.1540497714868525,1.4778424172725764,1.8358375116535248,2.192830921252405,2.490350024969774,2.693428785080331,2.7962498858777134,2.798813505744418,2.7011197800036246,2.503168728725349,2.2049603248523892,1.8064947376746352,1.3148122581170392,0.7761913197016648,0.28122426997286337,-0.10765640018090906,-0.3793719317975909,-0.5339220858762371,-0.5713071695997848,-0.4915275643516964,-0.2945826181106228,3.8495070059199875e-14
6.044234254526352e-14,0.7121925851189254,1.3542912284875352,1.912277747582148,2.3861521376056603,2.775914515386466,3.081564920450396,3.3031033438006525,3.4405297600896563,3.4938442501533715,3.4641392921673013,3.3639443607258754,3.2340636453393574,3.1109329315104945,3.0016208498737305,2.906127351157585,2.8244524729307,2.7565963257007864,2.702559154903937,2.662341027461951,2.6314890054723996,2.5855172014230003,2.491043934977982,2.332496514344903,2.1076509580925813,1.816507379118127,1.4590657285532767,1.0353257995527432,0.5452874310425672,-3.628576734623482e-14
6.740814169202429e-14,1.258407865435365e-6,2.435195670312756e-6,3.4188692423824227e-6,4.236223191583185e-6,4.7867328619658996e-6,4.995137319347786e-6,4.770672933678385e-6,3.961031443637602e-6,2.386220643867743e-6,1.054878506842641e-6,-3.1221529160779033e-7,-1.9743405477940016e-6,-2.8649767672363707e-6,-3.1644308670907977e-6,-3.099606910820608e-6,-2.8263565084266708e-6,-2.466039082665132e-6,-2.1361677444305454e-6,-1.908742038062673e-6,-1.8302782705413384e-6,-1.873540303351164e-6,-1.7834706112281163e-6,-1.5562464793724622e-6,-1.3701441365246135e-6,-1.235816217481979e-6,-1.1522543632253414e-6,-9.997549580350865e-7,-7.469886529051211e-7,5.447666395476651e-14
