6.181211078308301e-12,1.5431788783999583e-12,1.5490328417664677e-12,1.5548825839324282e-12,1.5607286250977355e-12,1.5665728680327984e-12,1.5724186627051823e-12,1.5782729456461552e-12,1.584153008028386e-12,1.5901124079421457e-12,1.5963492493295222e-12,1.6053610910018772e-12,1.23863562523541e-13,1.2577990374092133e-13,1.269135419766546e-13,1.2819835587384402e-13,1.3125375016257137e-13,-1.341638468933061e-12,-1.3443768475459734e-12,-1.3488978526731729e-12,-1.353751339890517e-12,-1.3587172706995992e-12,-1.3637315583965044e-12,-1.3687695714740691e-12,-1.3738201913011457e-12,-1.3788777176901461e-12,-1.3839387563857527e-12,-1.3889998496091955e-12,-1.3940559607127599e-12
9.19260910227317e-12,2.2616860797169175e-12,2.270297721449347e-12,2.278914964861591e-12,2.287536303538381e-12,2.2961689856469366e-12,2.3048374255393276e-12,2.3136163501745996e-12,2.3228109312387715e-12,2.327213535379552e-12,2.3249925049986076e-12,2.3127250339749326e-12,5.424857681856628e-12,5.4246442411428746e-12,5.424117754634694e-12,5.4243412700119864e-12,5.4265864971382804e-12,3.245794163659644e-12,3.2481435089321018e-12,3.24775157542074e-12,3.2532712212845642e-12,3.2410083878179237e-12,3.2666553430335966e-12,3.279761143579114e-12,3.2922240184182735e-12,3.304489989729919e-12,3.316659146444015e-12,3.3287724266552045e-12,3.3408708115584974e-12
5.112303741437593e-12,1.2724587776973032e-12,1.2784976805211714e-12,1.2845289129882655e-12,1.2905547561934869e-12,1.2965786007134109e-12,1.302605889258465e-12,1.3086475109136864e-12,1.3147293153465623e-12,1.3209271994473405e-12,1.3275041928451142e-12,1.337681379034249e-12,-4.535429774914898e-13,-4.525381340515871e-13,-4.524704005257554e-13,-4.5231327577506873e-13,-4.506100690982914e-13,-1.708131991053507e-12,-1.7116997544997465e-12,-1.7167318344147835e-12,-1.7220302325217722e-12,-1.7274174986326693e-12,-1.732843213320165e-12,-1.7382883771478873e-12,-1.7437446627649642e-12,-1.7492079877630212e-12,-1.7546759906020396e-12,-1.7601463324009144e-12,-1.765616177099821e-12
3.5455865517401033e-12,7.488842978388606e-13,6.129623431713079e-13,4.770264181970982e-13,3.410976252456706e-13,2.0518176375994506e-13,6.927758857621822e-14,-6.661773577694963e-14,-2.0250793600529062e-13,-3.384002327957206e-13,-4.743174955369398e-13,-6.104972804433777e-13,-6.18943012081121e-13,-6.275034388965216e-13,-6.361117589695017e-13,-6.447809608573602e-13,-6.536637614556816e-13,-5.360064108025124e-13,-4.185417085126038e-13,-3.011170046359292e-13,-1.8370478708898052e-13,-6.629768405757545e-14,5.110713909996372e-14,1.685129011437734e-13,2.8592243742367497e-13,4.033386740339404e-13,5.207640390604364e-13,6.381943781343593e-13,7.556069936193933e-13
6.314622877276548e-12,1.3737336800008296e-12,1.1732165696589273e-12,9.722168471613896e-13,7.704167748524481e-13,5.673425138025149e-13,3.6196710303831e-13,1.516957774129385e-13,-7.238987073231356e-14,-1.9420001017062903e-13,-1.829858159545211e-13,-1.3198251495431164e-13,-2.0950010929704649e-13,-2.1563907687031741e-13,-2.149143388142625e-13,-2.1580305931551984e-13,-2.3462143924418084e-13,-1.2302672507234625e-13,-7.738791037684265e-14,-3.7144253961985024e-14,-1.4957558107015903e-13,1.4412050075410602e-13,-4.4504617079182796e-13,-7.452610540370558e-13,-1.0318677592566033e-12,-1.3148267847175647e-12,-1.596230988643271e-12,-1.8768070595078134e-12,-2.157012966868812e-12
3.0717911584523097e-11,7.353493542422255e-12,7.2133535835339115e-12,7.0733160425920234e-12,6.933396306413873e-12,6.793597805939721e-12,6.65391958541033e-12,6.5143585659406575e-12,6.3749088460404945e-12,6.2355578603875674e-12,6.09627086969055e-12,5.956737831475198e-12,5.973926004208823e-12,5.99098102930754e-12,6.0079833598805265e-12,6.024925352732353e-12,6.04167389432955e-12,6.167908587845603e-12,6.294071056106882e-12,6.420286284795478e-12,6.5465755522491695e-12,6.6729449037896925e-12,6.799398582824334e-12,6.925939862689591e-12,7.052570564146843e-12,7.17929366091639e-12,7.306111603859366e-12,7.433019669534546e-12,7.559993277359912e-12
9.018478398394679e-13,-9.517680194932835e-15,-7.506123651134663e-15,-4.956225680085574e-15,-1.9480929467765052e-15,1.3652624562658756e-15,4.7889003985966394e-15,8.124049999434036e-15,1.1270335215896628e-14,1.4362669446832505e-14,1.8231457815735457e-14,2.3137389966395696e-14,2.478151765433054e-14,1.64049602940559e-14,-5.613120457970304e-14,7.699355597015391e-14,8.896700674969763e-14,9.210924937172497e-14,9.372130702997297e-14,9.569549689698522e-14,9.587476179229886e-14,9.421125105094826e-14,9.25566608418955e-14,9.152888398578809e-14,9.111382895702364e-14,9.094343876254409e-14,9.044502239673184e-14,8.865856414904838e-14,8.346896166578187e-14
9.450458145772936e-13,2.5438413593192076e-13,2.6650319681922903e-13,2.7351820244660305e-13,2.7872856381312377e-13,2.8316538831507346e-13,2.869920358078141e-13,2.9004629560328503e-13,2.9214637985795434e-13,2.9330314288058584e-13,2.932745113762179e-13,2.929441617434185e-13,2.955133217311679e-13,3.015363186008945e-13,3.1552918758106436e-13,3.202898572215443e-13,3.2219921626582676e-13,3.2160360646429726e-13,3.199179017893624e-13,3.1852954880845294e-13,3.154221197345712e-13,3.093207133417489e-13,3.018045574837193e-13,2.9386908143170565e-13,2.862390574059963e-13,2.7908089476072683e-13,2.714949155978139e-13,2.60184601987868e-13,2.352240696554727e-13
3.688219706622259e-13,-1.3095416078314856e-13,-1.2998860528774571e-13,-1.284442103404252e-13,-1.2648632294088055e-13,-1.2424048198785355e-13,-1.2186309189002695e-13,-1.1949109308231036e-13,-1.17138569239893e-13,-1.1458748903430445e-13,-1.1101859415571443e-13,-1.0640255680066748e-13,-1.0507261255272978e-13,-1.1317989495109136e-13,-1.7956382944597806e-13,-6.197798341927929e-14,-5.193471379482594e-14,-4.9573072466432766e-14,-4.851141921394817e-14,-4.711363857744869e-14,-4.704499542014517e-14,-4.8270355548442435e-14,-4.9375601979009853e-14,-4.9908093242041144e-14,-4.9922240266616657e-14,-4.97286213350055e-14,-4.970346834158249e-14,-5.0336923947031987e-14,-5.267365535342751e-14
5.464206197343446e-13,-2.07740967224372e-15,1.909422480468631e-16,1.4798231282063623e-15,1.5003403655509507e-15,4.939755655476035e-16,-1.2516577698871313e-15,-3.4793728428739282e-15,-6.014887135947671e-15,-8.757167654685082e-15,-1.1690987294848802e-14,-1.472495218008978e-14,-1.7270635091524934e-14,-1.855491063534818e-14,-1.3471099946568763e-14,-1.9847031351744397e-14,-2.7195560864728714e-14,-3.4506984231970276e-14,-4.1686475745354495e-14,-4.903083334621316e-14,-5.636378848686404e-14,-6.403709018190331e-14,-7.221874068558951e-14,-8.08084922073789e-14,-9.027964903980099e-14,-1.0092515926211808e-13,-1.1285373895008406e-13,-1.253876879355399e-13,-1.346397068018053e-13
1.3664836051135444e-12,3.231420372375967e-13,2.936058111815173e-13,2.656978568285631e-13,2.392523307378082e-13,2.13997533266762e-13,1.8956228016654338e-13,1.656368275976215e-13,1.421679290129735e-13,1.1935267858082624e-13,9.710805831311931e-14,7.495372111046975e-14,5.2006274064761965e-14,2.784893025533637e-14,2.198017842247493e-15,-2.40280372396946e-14,-5.047277409112938e-14,-7.66450792501553e-14,-1.0248275820423561e-13,-1.2816440063851547e-13,-1.5329550576015776e-13,-1.7824021966105673e-13,-2.0402665608910237e-13,-2.303177566834606e-13,-2.5659017126667143e-13,-2.8316967841555987e-13,-3.1033877137528877e-13,-3.384132597614489e-13,-3.6690503963112827e-13
8.394904547656929e-12,1.9875406982025263e-12,1.9899680074719672e-12,1.99062093323703e-12,1.990328190775534e-12,1.9892654157555044e-12,1.987546323750716e-12,1.9853518115136833e-12,1.9830581561036765e-12,1.9808294673786812e-12,1.9784607643087686e-12,1.9765530167527773e-12,1.976069160896528e-12,1.9773446184968268e-12,1.9852745140782124e-12,1.9835750329266217e-12,1.981376074828956e-12,1.979729391029268e-12,1.9790499651884433e-12,1.9788863558428878e-12,1.9786376283342774e-12,1.97784150662416e-12,1.9769659533785953e-12,1.976293242983565e-12,1.975130509280142e-12,1.9731802814195533e-12,1.9702904955930208e-12,1.9658410233978624e-12,1.9561758108483274e-12
1.1905294411132186e-11,3.689208092126613e-12,3.5880330419905666e-12,3.4667585229477734e-12,3.3242790215161244e-12,3.1617344421046174e-12,2.985231460584376e-12,2.805530006992483e-12,2.635677453503483e-12,2.4859262039127795e-12,2.354790146650565e-12,2.2228372043718283e-12,2.0678683906612824e-12,1.9415573977234113e-12,6.268466296080755e-13,-2.2550124898398487e-12,-2.0860680701755744e-12,-2.1809228493162972e-12,-2.376273886365847e-12,-2.6226958707707295e-12,-2.893042314336767e-12,-3.1739302116693355e-12,-3.451626584731324e-12,-3.709404631781768e-12,-3.93116925580118e-12,-4.1035958772317014e-12,-4.217777773563623e-12,-4.274092235295208e-12,-4.300221299182624e-12
4.4548354821253445e-12,1.38639323913212e-12,1.3965326896282511e-12,1.4362991886832756e-12,1.5205528672153785e-12,1.6093294431451654e-12,1.654149962483862e-12,1.6182397142565132e-12,1.4892978033951603e-12,1.2909571060786146e-12,1.087704777698575e-12,9.615132876605264e-13,9.460250018154657e-13,9.660401583004306e-13,1.286593811005888e-12,1.1711629754502467e-12,1.2996197831627039e-12,1.389012254887059e-12,1.4845271161240334e-12,1.6039756716668876e-12,1.7301092015337489e-12,1.8246150362718653e-12,1.8674103038426023e-12,1.871763318966319e-12,1.878591935754399e-12,1.945927332257876e-12,2.131636076051561e-12,2.4551171195104026e-12,2.7972419897309496e-12
1.1310732069260836e-11,3.3306053345352044e-12,3.23736970171765e-12,3.096368335292059e-12,2.916355433432124e-12,2.7076889534263375e-12,2.482288279889161e-12,2.254261788899374e-12,2.038763068698271e-12,1.847486286025743e-12,1.6794470221713234e-12,1.514884748632884e-12,1.33228101951236e-12,1.1815268898495426e-12,-9.499853619248954e-14,-2.788427720183443e-12,-2.694805330360297e-12,-2.848334139516724e-12,-3.097793451373065e-12,-3.3960148849168997e-12,-3.7150899697476895e-12,-4.039673671037973e-12,-4.35588699309592e-12,-4.649243796831701e-12,-4.907090255454111e-12,-5.119436287307778e-12,-5.278836373186992e-12,-5.381496883869999e-12,-5.436986817787375e-12
4.554978721191608e-12,1.0492097889199185e-12,8.170837494643533e-13,5.974597756472026e-13,3.8189730601364554e-13,1.7110744876491782e-13,-3.56103891627462e-14,-2.4037895021104357e-13,-4.458571464084876e-13,-6.540800359788007e-13,-8.649238007270131e-13,-1.0738106385021655e-12,-1.273210757775907e-12,-1.4624303110429834e-12,-1.5308134109859093e-12,-1.3400723979054383e-12,-1.1595017178820915e-12,-9.72053511837883e-13,-7.732562548360246e-13,-5.670508469856848e-13,-3.5927025734686844e-13,-1.5221644770728337e-13,5.477676301514259e-14,2.6375744196754237e-13,4.770652332077479e-13,6.96035692717825e-13,9.194738641228243e-13,1.1510383143067433e-12,1.4457319761285394e-12
6.86882097148008e-12,1.5161487317400779e-12,1.42877642423849e-12,1.3479936213207084e-12,1.2548951307399055e-12,1.1498297048539398e-12,1.037543474729726e-12,9.23829185721974e-13,8.136667399534034e-13,7.098192993044194e-13,6.106166379026439e-13,5.081747958806404e-13,3.938329486759233e-13,2.690261518361051e-13,1.1182552135327087e-13,-3.624917403398784e-14,-1.913369469814735e-13,-3.4687421565209585e-13,-4.990491901489229e-13,-6.484106494882927e-13,-7.973263118851273e-13,-9.450779891518786e-13,-1.0888752545787462e-12,-1.226387367033143e-12,-1.3569721201612966e-12,-1.4825554419588647e-12,-1.607963161881679e-12,-1.7563758419019717e-12,-2.0007088579246795e-12
5.6082069907686264e-11,1.4169332619534762e-11,1.3732290186261161e-11,1.3357085618806168e-11,1.3042737065333278e-11,1.277017955476294e-11,1.2524530745509951e-11,1.2296120271504185e-11,1.2078294985467186e-11,1.1865999375601858e-11,1.1656154907843792e-11,1.1449642595031018e-11,1.1251280440444509e-11,1.1065426206267176e-11,1.1008531223199595e-11,1.121028236701259e-11,1.1410807564815684e-11,1.1618854802017829e-11,1.18376395074494e-11,1.2066644090907516e-11,1.2304345033988152e-11,1.2550255437238521e-11,1.2804562810815982e-11,1.3068116349872703e-11,1.3343254827935423e-11,1.3634655582669926e-11,1.3946367743982647e-11,1.4258816494226371e-11,1.4427097503673406e-11
1.4924529496977287e-12,6.719207473353612e-13,6.58466993621725e-13,6.423306779801184e-13,6.234829584286467e-13,6.021946478912977e-13,5.794230940859494e-13,5.567906854463623e-13,5.362743482287535e-13,5.195267378036751e-13,5.067239995093578e-13,4.96065529180131e-13,4.85951993881897e-13,4.832607617860402e-13,-1.3812805574113857e-14,-4.848338831136254e-13,-4.596153389810929e-13,-4.645719147845701e-13,-4.845070934919878e-13,-5.128465158757062e-13,-5.456161857102271e-13,-5.807746211725265e-13,-6.162580425225556e-13,-6.495745500285698e-13,-6.783095760689063e-13,-7.004409172007021e-13,-7.146123164231402e-13,-7.209267033420647e-13,-7.236960593818236e-13
6.314196602079401e-13,1.5938059538655961e-13,1.496131880422097e-13,1.425622445185919e-13,1.4141868193457755e-13,1.4106730599721644e-13,1.349212887142257e-13,1.1794724653797092e-13,8.854690033318031e-14,5.0172322790158424e-14,1.1892583074728883e-14,-1.5267439470262602e-14,-2.7076617687913695e-14,-3.195774138534404e-14,8.908459465988985e-14,6.98989463898618e-14,8.842732649401732e-14,1.0595176808818015e-13,1.259915616151951e-13,1.506201064518508e-13,1.773410926780321e-13,2.0066650293782367e-13,2.1754603288560562e-13,2.296091055188176e-13,2.4241729235315033e-13,2.639426328494969e-13,3.0199162502242025e-13,3.585583120309052e-13,4.152818577120544e-13
1.4803687288084736e-12,6.110492392861078e-13,5.992885593625646e-13,5.810669345450221e-13,5.576642980552555e-13,5.306682143379479e-13,5.019151641484479e-13,4.735610685679292e-13,4.4791599688046133e-13,4.268313458429498e-13,4.10500356860107e-13,3.9697584606364994e-13,3.845777050682659e-13,3.7990957461514746e-13,-1.0370096947255251e-13,-5.506944009294316e-13,-5.337594893062901e-13,-5.463897082576072e-13,-5.739163905383172e-13,-6.098870077238095e-13,-6.50144082957013e-13,-6.923275598277306e-13,-7.343173344549497e-13,-7.738968194785102e-13,-8.090942773409616e-13,-8.383110295342623e-13,-8.60327327355406e-13,-8.745174185600731e-13,-8.823578759682812e-13
6.267291232243955e-13,2.33911485884909e-13,1.8365551803524803e-13,1.3407004824160535e-13,8.422624672052301e-14,3.450830503302404e-14,-1.4870239122661637e-14,-6.39168619456692e-14,-1.1277317743880752e-13,-1.6157884718288688e-13,-2.1027642240977011e-13,-2.5833544048738917e-13,-3.0503277490487277e-13,-3.506179862498915e-13,-3.516680170424146e-13,-3.099434465489414e-13,-2.6897832240240476e-13,-2.2701940841303796e-13,-1.8319056094007562e-13,-1.3779404775881305e-13,-9.154766780501477e-14,-4.481005628224644e-14,2.3528415724024683e-15,4.994985823319379e-14,9.792476287657844e-14,1.4600889163737286e-13,1.9357882845131806e-13,2.407655270890878e-13,2.946187965689363e-13
6.545398172849181e-13,1.2490352858644636e-13,1.2004020292802035e-13,1.1827463015291534e-13,1.1597481553467092e-13,1.1245201484649789e-13,1.0788958553452326e-13,1.0284460760012999e-13,9.792261185554987e-14,9.35152046913221e-14,8.944481384989461e-14,8.473394859927797e-14,7.840412360038421e-14,7.071408512572625e-14,5.163045381400071e-14,3.4015462667485295e-14,1.5488024281652734e-14,-3.2239427439699855e-15,-2.1469711658602322e-14,-3.9197780629683626e-14,-5.667236952798724e-14,-7.377438620147209e-14,-9.013487448899798e-14,-1.0551367988130143e-13,-1.2001184584077866e-13,-1.3424223744054694e-13,-1.4944208650456822e-13,-1.6978855222765e-13,-2.0614493918648954e-13
6.222113988016226e-12,1.7350036984335052e-12,1.6594320060481718e-12,1.5911526395842347e-12,1.5309173490818406e-12,1.476434711709939e-12,1.425758286163961e-12,1.3775719920472153e-12,1.330940525079856e-12,1.2851277501853895e-12,1.239640053193407e-12,1.1944425455201115e-12,1.149859960287015e-12,1.1061203826065576e-12,1.1069179640505752e-12,1.1503612319637515e-12,1.1941786197650781e-12,1.2388941245970053e-12,1.284919233430124e-12,1.3322648006654278e-12,1.3808036690119285e-12,1.4305265840269136e-12,1.481500126463034e-12,1.533870281252051e-12,1.5879742759858545e-12,1.6444289253997838e-12,1.7036182295103062e-12,1.7622601073537217e-12,1.7988189255210806e-12
2.304214928645649e-12,6.14224844879412e-13,5.820583880315704e-13,5.456179915089475e-13,5.066114365796049e-13,4.669135701862453e-13,4.28962616044186e-13,3.955918655295418e-13,3.694080362103705e-13,3.517743939784936e-13,3.4222640775489426e-13,3.432715608654182e-13,3.5946427621296294e-13,4.1347357810662456e-13,3.000091040938923e-13,-4.397173962391518e-13,-3.7644246624658086e-13,-3.661672955783848e-13,-3.6194047679897525e-13,-3.74923361595468e-13,-3.988452816773388e-13,-4.2866541836318276e-13,-4.62261936266507e-13,-4.969680450950682e-13,-5.297493831741725e-13,-5.579248466578954e-13,-5.801668102761145e-13,-5.986831222377386e-13,-6.251880640781225e-13
7.342788614135362e-13,4.929811240620706e-13,5.26388407482759e-13,5.298656026651367e-13,5.213088267861597e-13,5.025071453219514e-13,4.709044680730766e-13,4.2471617801195943e-13,3.6558219295027477e-13,3.000799181434253e-13,2.387675851409117e-13,1.872358660953277e-13,1.4821733794698379e-13,1.106607679626919e-13,1.3937941885322776e-13,1.0656654678717938e-13,1.395657126676227e-13,1.6867459732605825e-13,2.146021398397793e-13,2.6665294918563863e-13,3.21813447792591e-13,3.779489174725334e-13,4.3152444103601047e-13,4.822657260938161e-13,5.328761768977268e-13,5.869293276085111e-13,6.443343067428094e-13,6.904954803491355e-13,6.658409889099e-13
2.4803860150895865e-12,5.37331510337912e-13,4.99765652252256e-13,4.560437755087195e-13,4.0832409614015894e-13,3.596723011788016e-13,3.134909842952243e-13,2.732276422447136e-13,2.417564434399416e-13,2.2038308276575928e-13,2.0837017455285503e-13,2.082203386246487e-13,2.2403432034402402e-13,2.7764259776331403e-13,1.645606644657708e-13,-5.444556924717601e-13,-4.893013626831887e-13,-4.854578287797402e-13,-4.896859545030742e-13,-5.114982895721134e-13,-5.44686758217967e-13,-5.842894761557676e-13,-6.27835825194782e-13,-6.724541860029472e-13,-7.150467529399587e-13,-7.527922357624202e-13,-7.836571248677059e-13,-8.074007457452722e-13,-8.289454696011964e-13
4.0888881487466995e-13,1.99837606091754e-13,1.689379586074254e-13,1.4211109098104315e-13,1.1558489245668632e-13,8.870299950012047e-14,6.119868302665036e-14,3.2880356281608973e-14,3.488832662264579e-15,-2.7296893636208156e-14,-5.968079673982026e-14,-9.374691639044941e-14,-1.2999312820298484e-13,-1.713329529678798e-13,-2.0149714961262246e-13,-1.6565575316721801e-13,-1.3497608602899853e-13,-1.0643999358557137e-13,-7.939517337499302e-14,-5.3113005042133505e-14,-2.791824075431814e-14,-4.0332224135828446e-15,1.865048667362424e-14,4.032712162186144e-14,6.126293100051206e-14,8.189317566337353e-14,1.02923752860708e-13,1.2753761989045633e-13,1.6971024975863154e-13
1.4202932014655779e-12,5.01482148801201e-13,4.4383620557026073e-13,3.888640554510314e-13,3.348464087405766e-13,2.8301680061531136e-13,2.346535071661171e-13,1.9080408579449932e-13,1.5213903260159905e-13,1.1882848493613036e-13,9.0291453905536e-14,6.542147163887491e-14,4.3243133545561035e-14,2.424599191608488e-14,2.6970695101445074e-15,-1.6266185431522145e-14,-3.836622115203034e-14,-6.347319950929073e-14,-9.234917435302077e-14,-1.2499147237522667e-13,-1.6171862254295663e-13,-2.0247952253280103e-13,-2.4665406274749955e-13,-2.9347322881917993e-13,-3.422089865948178e-13,-3.9228811459548937e-13,-4.433493324878347e-13,-4.994196903134057e-13,-5.711421921466103e-13
6.570986863535565e-12,1.873025364809253e-12,1.8172909646975634e-12,1.7633793740993552e-12,1.715845935324451e-12,1.6733882560445559e-12,1.634147938633941e-12,1.5965926992234768e-12,1.5594643490120172e-12,1.5217177629740074e-12,1.4826586241714141e-12,1.4418496647492087e-12,1.3990047079838086e-12,1.353160922766861e-12,1.3246885758779113e-12,1.3670593086155126e-12,1.4100699801535114e-12,1.453903909222198e-12,1.4975362119743238e-12,1.5413559003730333e-12,1.5856036457036115e-12,1.6305002847111134e-12,1.676337624189413e-12,1.7234386893561774e-12,1.772221331187676e-12,1.8231618473316534e-12,1.8757452080952007e-12,1.9229087694991367e-12,1.928357378017016e-12
2.2108895223799533e-12,5.983899045535852e-13,5.679554628809212e-13,5.334856360262354e-13,4.966079265654786e-13,4.591095287049076e-13,4.233130005809262e-13,3.9191551033078705e-13,3.67397906253007e-13,3.510637407643567e-13,3.4251993013031734e-13,3.444001703576824e-13,3.604356897469612e-13,4.1153600884604233e-13,3.101585478139071e-13,-4.328122216060401e-13,-3.724185231731123e-13,-3.6249849463099477e-13,-3.579597703735732e-13,-3.700816551744916e-13,-3.923529965205781e-13,-4.202294217689069e-13,-4.517593725671386e-13,-4.844217656677449e-13,-5.153308736011301e-13,-5.419339349454258e-13,-5.629704717922474e-13,-5.805601478118296e-13,-6.05912782803741e-13
7.383635469842095e-13,4.859238606231833e-13,5.180953790594702e-13,5.214896785577945e-13,5.132573219952712e-13,4.951469467258824e-13,4.647529410057224e-13,4.20407942194721e-13,3.637162174604219e-13,3.0098227160814766e-13,2.4223305031355645e-13,1.9249950146934593e-13,1.549629048249506e-13,1.1918482469764013e-13,1.4489649415758314e-13,1.109637699492003e-13,1.4253251461311018e-13,1.7036486856385677e-13,2.1459742342646828e-13,2.643874870271015e-13,3.1740679848244596e-13,3.713599824325498e-13,4.227957857035277e-13,4.714314150363923e-13,5.19838814451277e-13,5.714192089076988e-13,6.260662348762451e-13,6.697990800802013e-13,6.456200789950845e-13
2.403035973696341e-12,5.261411014260399e-13,4.902101604733356e-13,4.4840636886463704e-13,4.02798915313693e-13,3.56328216182259e-13,3.1225894201034115e-13,2.7389912211739923e-13,2.4400756582868787e-13,2.2384764639802754e-13,2.1277570411500824e-13,2.1349209935414232e-13,2.2931844675480874e-13,2.8065442771019493e-13,1.784364636177108e-13,-5.416768024139387e-13,-4.884327388504332e-13,-4.847025676904655e-13,-4.884926632032781e-13,-5.094794059450203e-13,-5.411870226912538e-13,-5.79041987967603e-13,-6.207160501392978e-13,-6.634612763222691e-13,-7.043052871427458e-13,-7.405402084632024e-13,-7.702140621432892e-13,-7.930924973446369e-13,-8.138830134313228e-13
4.0642092991929443e-13,2.003200249978487e-13,1.6976848532952722e-13,1.4310054509788692e-13,1.1670603715978794e-13,8.994814454985895e-14,6.256955764222386e-14,3.4388684853038964e-14,5.160472395078317e-15,-2.541954314451622e-14,-5.754538099036909e-14,-9.131877222703665e-14,-1.2722895356160554e-13,-1.6801247168934478e-13,-1.987515683326756e-13,-1.6334753205037622e-13,-1.329231779014476e-13,-1.046012677863781e-13,-7.777093785371189e-14,-5.171833061853573e-14,-2.676540956632025e-14,-3.1097272390438373e-15,1.9360271948932948e-14,4.08310186419131e-14,6.155769390939008e-14,8.196336830590594e-14,1.027430972470196e-13,1.2696006856023156e-13,1.6794836354157278e-13
1.3946086509688283e-12,4.936523428785301e-13,4.369357371504981e-13,3.8276186124857205e-13,3.2955127517954234e-13,2.7851848025091207e-13,2.309027158096168e-13,1.8771089800496525e-13,1.4958225166737512e-13,1.1667181807610146e-13,8.841233248354125e-14,6.375385275452144e-14,4.175079934873489e-14,2.2831028027460624e-14,1.6296240528535672e-15,-1.69000642255398e-14,-3.846474763600986e-14,-6.294657606228578e-14,-9.11019985996451e-14,-1.2292797994429284e-13,-1.5876374856479404e-13,-1.9855502719202158e-13,-2.4170032644157346e-13,-2.874569667877015e-13,-3.3511773192789334e-13,-3.841151957328353e-13,-4.3407049830958833e-13,-4.887688661403335e-13,-5.582388327903774e-13
6.414126442000901e-12,1.8247047403627978e-12,1.770382396339643e-12,1.7177627549464111e-12,1.671212940072137e-12,1.6294890239428688e-12,1.5908125867401502e-12,1.5537167022723575e-12,1.5169964265525114e-12,1.4796499134775875e-12,1.4410059502335885e-12,1.400609137433737e-12,1.3581728270237776e-12,1.3128386384245934e-12,1.2836701442805907e-12,1.325946978673943e-12,1.3688133640751522e-12,1.4124434768192165e-12,1.4558277753380045e-12,1.4993534283815857e-12,1.543242647731854e-12,1.5877155888600262e-12,1.6330604282352893e-12,1.6795929942725379e-12,1.7277194570607127e-12,1.7779042337951198e-12,1.829669119278858e-12,1.8762863960655067e-12,1.883106879562778e-12
2.112055791259731e-12,5.789338174460342e-13,5.501532145055161e-13,5.175614913919076e-13,4.827058916941678e-13,4.47285724307703e-13,4.1350813713637986e-13,3.8393497476856447e-13,3.609218612125643e-13,3.457099269116812e-13,3.379578752884398e-13,3.4033780215760565e-13,3.560032009156922e-13,4.0441777488134566e-13,3.142899237477715e-13,-4.2173613607202865e-13,-3.6426425846009335e-13,-3.547711723319951e-13,-3.5012794529799826e-13,-3.6150032173300833e-13,-3.8232673871851195e-13,-4.084681688256576e-13,-4.3811884223877797e-13,-4.688963854363523e-13,-4.980617019462814e-13,-5.231896528307408e-13,-5.430852832300219e-13,-5.597744833322221e-13,-5.839458929363727e-13
7.288430760696899e-13,4.740854215149949e-13,5.048980234903869e-13,5.081768505735536e-13,5.002924757852158e-13,4.829376948936062e-13,4.538471169799032e-13,4.1145987122995394e-13,3.5733194732958706e-13,2.9748569183882047e-13,2.414340780925153e-13,1.937559935240781e-13,1.578582657066981e-13,1.2385874653109166e-13,1.4675824644782462e-13,1.1238099154455408e-13,1.4245746019053529e-13,1.689658185999242e-13,2.1133328477547567e-13,2.587958994148501e-13,3.095189606116322e-13,3.6113514427459183e-13,4.103043097577003e-13,4.567420649231651e-13,5.028902086857862e-13,5.519791115347053e-13,6.038939916229459e-13,6.452945663773562e-13,6.21839032294255e-13
2.311743986740196e-12,5.108600658008476e-13,4.76615476490099e-13,4.367833613777081e-13,3.9333939821636785e-13,3.490918614022306e-13,3.071593445779475e-13,2.707018079395203e-13,2.423547036720117e-13,2.2333076191161478e-13,2.1305734841752732e-13,2.1432267008569052e-13,2.2989976505703845e-13,2.7895812700258193e-13,1.8729859457073474e-13,-5.317995836391889e-13,-4.807172939610452e-13,-4.771484551845561e-13,-4.80604968737979e-13,-5.007128466804695e-13,-5.309222486578425e-13,-5.669968611706272e-13,-6.067428026345915e-13,-6.475404031092274e-13,-6.865502294618719e-13,-7.211849150116073e-13,-7.495792190087302e-13,-7.715070227241444e-13,-7.914550718891785e-13
3.9812031070020327e-13,1.9815034108915247e-13,1.6824903989594908e-13,1.4204127574844063e-13,1.160842603631272e-13,8.97648810086365e-14,6.283636196081781e-14,3.512670095186593e-14,6.404256259880945e-15,-2.361944523276937e-14,-5.5128439168101366e-14,-8.82333762707994e-14,-1.234073376562927e-13,-1.6322637450746767e-13,-1.940580510521719e-13,-1.5947415742539783e-13,-1.2966029840725815e-13,-1.0188168852367417e-13,-7.556813732897095e-14,-5.0028573800153096e-14,-2.5578051284835093e-14,-2.394512462786291e-15,1.963373943582519e-14,4.068475423317356e-14,6.100205709218755e-14,8.099344519977568e-14,1.0133488059553254e-13,1.2495903926544855e-13,1.6455336178574558e-13
1.3540451627537226e-12,4.811462098573798e-13,4.2590868214509424e-13,3.730852325985873e-13,3.212153955446988e-13,2.7148043823556705e-13,2.2507292471010626e-13,1.8295607967220197e-13,1.4573757571972338e-13,1.1355966778871204e-13,8.587327588630532e-14,6.168255425744759e-14,4.0076588919131736e-14,2.1435862345969564e-14,7.663682873645727e-16,-1.7195520878054184e-14,-3.807433601850973e-14,-6.176232294911452e-14,-8.899964668296157e-14,-1.197829456343212e-13,-1.5445957829223926e-13,-1.9297396558241514e-13,-2.3474691917759055e-13,-2.790656170811166e-13,-3.252483814260254e-13,-3.7274107489132465e-13,-4.211596806260837e-13,-4.74066293664537e-13,-5.409154393858893e-13
6.192529565705822e-12,1.759957749432615e-12,1.7074071734779924e-12,1.6564513298506734e-12,1.6112595688944762e-12,1.5706473370323984e-12,1.5329187992003932e-12,1.4966747865237696e-12,1.4607658716032138e-12,1.4242359973642858e-12,1.3864413714243768e-12,1.3469236809333956e-12,1.3054012866126196e-12,1.2610940453483607e-12,1.2317346040882877e-12,1.2733431892922824e-12,1.315498015975823e-12,1.3583659864824704e-12,1.40096442336545e-12,1.443672380717397e-12,1.4866954968927517e-12,1.5302495344924763e-12,1.5746152801454525e-12,1.6200983756899423e-12,1.667090378192725e-12,1.71604003182648e-12,1.7665014626873233e-12,1.8120810146444068e-12,1.819797822313297e-12
2.0123714184130197e-12,5.574591265464972e-13,5.302417321839805e-13,4.994227129389482e-13,4.664709000794282e-13,4.329995828799826e-13,4.01103322765176e-13,3.7321230536393714e-13,3.5156030018709074e-13,3.3732583552401986e-13,3.302058114691116e-13,3.328539797172006e-13,3.480238048480201e-13,3.9400116790860526e-13,3.1418046662806746e-13,-4.081398178050437e-13,-3.535370493400916e-13,-3.4450931818397443e-13,-3.399020791790475e-13,-3.5061449669717195e-13,-3.7016388256277055e-13,-3.9474685459578106e-13,-4.226840869959731e-13,-4.5172421781059513e-13,-4.792700865909771e-13,-5.030207097839286e-13,-5.218440323929392e-13,-5.376707072566156e-13,-5.606695805834648e-13
7.107725184791691e-13,4.592596458483215e-13,4.886671667117827e-13,4.918147854167003e-13,4.842890378613665e-13,4.677181385043073e-13,4.3996686366374366e-13,3.995711597702283e-13,3.480313675744415e-13,2.910878764967607e-13,2.3776258320533654e-13,1.9226254075784956e-13,1.580644549262835e-13,1.2577837588701448e-13,1.4609309643435238e-13,1.1176881415964666e-13,1.403457199214838e-13,1.6552608545513545e-13,2.059549746993059e-13,2.5109946804345917e-13,2.9947635173955125e-13,3.487074369154858e-13,3.9557914827579526e-13,4.3980988618073947e-13,4.837150746335279e-13,5.30359095447962e-13,5.796234763182261e-13,6.188100417157764e-13,5.962232790194255e-13
2.2138030206815617e-12,4.931670097850026e-13,4.605998790427242e-13,4.2272463007294444e-13,3.8142265834757254e-13,3.39368662076433e-13,2.995332294688571e-13,2.64926125501884e-13,2.380572063474738e-13,2.2008447928122956e-13,2.1049003774573657e-13,2.1207602510372397e-13,2.2723913692044064e-13,2.741148960788879e-13,1.9241236878004044e-13,-5.173336364860709e-13,-4.685160211216127e-13,-4.651381876198722e-13,-4.68342427555129e-13,-4.875583939222454e-13,-5.162965221175952e-13,-5.506144289589121e-13,-5.884439222267407e-13,-6.272935424136431e-13,-6.64458566322459e-13,-6.974738836089249e-13,-7.245622813316465e-13,-7.455068487880645e-13,-7.64574875498403e-13
3.8638807454277095e-13,1.94178269729205e-13,1.6512029699964363e-13,1.3956981222809613e-13,1.142510460123782e-13,8.857667893822316e-14,6.231096232047913e-14,3.5291029375194444e-14,7.297863731779415e-15,-2.1941708182374e-14,-5.2601912873004944e-14,-8.4796405162922e-14,-1.1897777997922553e-13,-1.5757948617319304e-13,-1.8816908417606715e-13,-1.546421883914751e-13,-1.256618228433247e-13,-9.863402431841069e-14,-7.302838670485384e-14,-4.8181370766215525e-14,-2.4398353346523074e-14,-1.841441222968502e-15,1.9599336117892532e-14,4.009359959128754e-14,5.987318784821823e-14,7.932906400712757e-14,9.911332690175604e-14,1.220242493031102e-13,1.6011464960473088e-13
1.305063040085606e-12,4.657689102519609e-13,4.123466842391823e-13,3.612142361692687e-13,3.110133687962295e-13,2.6288379303381735e-13,2.1796751667842464e-13,1.7718300066170748e-13,1.4110702510501606e-13,1.0987094068834906e-13,8.294641546491652e-14,5.938897212570106e-14,3.832507265739321e-14,2.0099869647478176e-14,7.875941560180075e-17,-1.723649617571133e-14,-3.734283615204843e-14,-6.014089139928979e-14,-8.634779042982003e-14,-1.1596010098669005e-13,-1.4932474556427247e-13,-1.8638615262413575e-13,-2.2658931740077584e-13,-2.6925281351700124e-13,-3.137230508269945e-13,-3.5946386186215996e-13,-4.0609429847697556e-13,-4.569709347096936e-13,-5.210148345581465e-13
5.936893106842027e-12,1.6859018848943461e-12,1.6353258943953932e-12,1.5862475730071963e-12,1.5426368587820806e-12,1.503367733929104e-12,1.4668267385979167e-12,1.4316825103615865e-12,1.3968413798409666e-12,1.3613937147352484e-12,1.324725373684465e-12,1.286385140418032e-12,1.246098913219404e-12,1.2031406228174333e-12,1.1739424600204463e-12,1.2145032417291287e-12,1.2555754086015155e-12,1.2973191818725622e-12,1.3387842843850865e-12,1.380336989974984e-12,1.4221680015220417e-12,1.4644863765213226e-12,1.507563302646309e-12,1.551692624880332e-12,1.597249796040758e-12,1.6446658447344695e-12,1.6935236196424636e-12,1.737755183992385e-12,1.7460232791023553e-12
6.208794513933339e-11,1.2840940708934098e-11,1.1765293813616381e-11,1.055179677057224e-11,9.256825703807199e-12,7.942294788592658e-12,6.68855455885856e-12,5.588777024622109e-12,4.728510828047681e-12,4.15274124863725e-12,3.8498810737341285e-12,3.9239345462595176e-12,4.471074017571435e-12,6.18097531739578e-12,-4.274587109832511e-13,-8.394499147010145e-12,-6.374758783159896e-12,-6.020473805745915e-12,-5.818462927548405e-12,-6.203713317927876e-12,-6.922592607381451e-12,-7.833453905447945e-12,-8.873208613385039e-12,-9.955917666021775e-12,-1.0982069490807215e-11,-1.1863422808769824e-11,-1.2556620894243804e-11,-1.313602444390467e-11,-1.3992686610266567e-11
1.6139653379266096e-11,1.108636219747622e-11,1.2193974563790001e-11,1.2290097665545087e-11,1.1974491973826768e-11,1.1310335202698595e-11,1.02161679634711e-11,8.636395206906323e-12,6.629436478981958e-12,4.416574859793789e-12,2.344292763836982e-12,5.707612263735814e-13,-7.627548295963736e-13,-2.016436147777638e-12,-4.0811204470596177e-13,-6.830774844260664e-13,3.5946264294129865e-13,1.2945015842554778e-12,2.8256851170049535e-12,4.5370725202151e-12,6.377891656021903e-12,8.252676217746746e-12,1.0036538408938084e-11,1.1718139858857174e-11,1.338617132362325e-11,1.515813005551949e-11,1.702913329090761e-11,1.8510646409783544e-11,1.7614825266283147e-11
7.467115268421486e-11,1.263171723395393e-11,1.1352800304073356e-11,9.869954214777659e-12,8.255552070188702e-12,6.6124937076352005e-12,5.055053843796391e-12,3.698970382946933e-12,2.640663258038386e-12,1.924485334473627e-12,1.5307115957147585e-12,1.5700949862989292e-12,2.1250940116269356e-12,3.8831409350646725e-12,-2.850448111307538e-12,-1.0758585384139023e-11,-8.942920873662262e-12,-8.799188526088302e-12,-8.893998084744111e-12,-9.605401753613837e-12,-1.0678828063887027e-11,-1.1965969982876436e-11,-1.3388215860246722e-11,-1.4849978647977403e-11,-1.6247262933862863e-11,-1.748523585709668e-11,-1.8495517365559144e-11,-1.9269739034199695e-11,-1.9971975810246742e-11
4.536957219629208e-12,1.8915200815476944e-12,1.5353921776759396e-12,1.3139153352802988e-12,1.1011219425794524e-12,8.743348467539471e-13,6.244883929030008e-13,3.4537241450090593e-13,2.864212945737677e-14,-3.361120784603701e-13,-7.554634965877702e-13,-1.2338164620062904e-12,-1.7881944996775953e-12,-2.5106381315752405e-12,-2.6246967158901e-12,-1.979028120119186e-12,-1.4992561977202147e-12,-1.093187207888117e-12,-7.418301901608066e-13,-4.1986467753678993e-13,-1.3935498147145383e-13,9.357608004325983e-14,2.832081927880072e-13,4.3603485307993515e-13,5.609444901359896e-13,6.730250558643405e-13,7.975802827844955e-13,1.0424316350965734e-12,1.870572267253962e-12
3.5961635655128904e-11,1.063088315545463e-11,9.166755326707683e-12,7.79045174846832e-12,6.450586572887087e-12,5.191385065371263e-12,4.0569120702698165e-12,3.082487199888335e-12,2.2901937586745507e-12,1.6848993679110364e-12,1.2460234839030994e-12,9.37185428323948e-13,7.243668231108617e-13,6.200925651580171e-13,3.736354094026975e-13,1.3926150743715876e-13,-1.997361788831943e-13,-6.416176437935076e-13,-1.214775991899509e-12,-1.919286826717355e-12,-2.7690738002787532e-12,-3.762007175907488e-12,-4.8766898692853846e-12,-6.086870176979709e-12,-7.367315497773324e-12,-8.697201285306e-12,-1.0061478062604128e-11,-1.1588339652997134e-11,-1.3618796633671646e-11
1.7032561246326795e-10,4.983084515317157e-11,4.849351470334378e-11,4.7213120568252875e-11,4.614242756344982e-11,4.523817772760632e-11,4.4438345852777237e-11,4.369175731850252e-11,4.295639293913056e-11,4.2197336415164916e-11,4.13910365070453e-11,4.0519928991438096e-11,3.957376956065194e-11,3.8526160082488365e-11,3.831079720881102e-11,3.9108665923011166e-11,3.993462590869532e-11,4.0787812924932913e-11,4.163024574851415e-11,4.247583192005089e-11,4.3331617543906256e-11,4.4205669632643555e-11,4.510848499345608e-11,4.605142042016068e-11,4.704897504671412e-11,4.811782118641597e-11,4.9242099239534367e-11,5.018887123784131e-11,4.975418268458127e-11
6.195146247311993e-11,1.2816656403084218e-11,1.174259116666553e-11,1.053102421398296e-11,9.238319978084177e-12,7.926383267194287e-12,6.675535784970857e-12,5.578897048387364e-12,4.721950742960271e-12,4.149675912136241e-12,3.850884396696994e-12,3.931810428153093e-12,4.4838070895072826e-12,6.192050085531114e-12,-4.1293324536300077e-13,-8.397365326581959e-12,-6.378731028777653e-12,-6.0239873046104165e-12,-5.817616221631956e-12,-6.2006478828673595e-12,-6.914493191282814e-12,-7.820034408716164e-12,-8.854891499197528e-12,-9.933347248217684e-12,-1.0955970943096177e-11,-1.18345621252965e-11,-1.2525818425570347e-11,-1.3104234808101617e-11,-1.3961230060808934e-11
1.6297886815970334e-11,1.1127101157056815e-11,1.2237046162057725e-11,1.2333261353546648e-11,1.2016307953505484e-11,1.134977401345518e-11,1.0252520901539908e-11,8.669318116389978e-12,6.659040603536824e-12,4.4434023556806725e-12,2.3686666884757774e-12,5.902589425692035e-13,-7.457300930056238e-13,-1.999354585811323e-12,-3.9238112192267177e-13,-6.726160602650264e-13,3.690965784364261e-13,1.3037093079556637e-12,2.838349101625877e-12,4.550780272063652e-12,6.395388472332343e-12,8.274103924481066e-12,1.0061200818772966e-11,1.1745104114599372e-11,1.341443169924919e-11,1.518661369812476e-11,1.7056579864841655e-11,1.8535207409220938e-11,1.76328608860935e-11
7.480932931203532e-11,1.2640537202527312e-11,1.136013647771296e-11,9.875774311723435e-12,8.259926605703934e-12,6.615647904469016e-12,5.057390875639848e-12,3.701068197795313e-12,2.6432366949780618e-12,1.9283676811302538e-12,1.5372347257747025e-12,1.5836111064304825e-12,2.1451352134881876e-12,3.907189030894204e-12,-2.842478553686332e-12,-1.0790632486275586e-11,-8.970439871324212e-12,-8.826523823884015e-12,-8.919070238092384e-12,-9.632123525523397e-12,-1.070573750876271e-11,-1.1993246282351503e-11,-1.3416353996031621e-11,-1.4879405817809348e-11,-1.6278244877371927e-11,-1.751788013658174e-11,-1.852981554453323e-11,-1.930564067304287e-11,-2.000956039879556e-11
4.501301616439544e-12,1.882383210578097e-12,1.5288235091690117e-12,1.3098837913720016e-12,1.099488466826156e-12,8.748658879412286e-13,6.269316209090259e-13,3.494882748348269e-13,3.4206952696832884e-14,-3.2930598278073073e-13,-7.476119370813321e-13,-1.2252790895275421e-12,-1.7793790150910616e-12,-2.5016239957774416e-12,-2.6163714905110713e-12,-1.970225252565277e-12,-1.490113209778155e-12,-1.0840464429769496e-12,-7.332839383673712e-13,-4.1236992683993993e-13,-1.3349548458546974e-13,9.734947264737019e-14,2.8452038230343587e-13,4.3452574499842056e-13,5.562627663532894e-13,6.648793235427062e-13,7.858784922766572e-13,1.0273466729655462e-12,1.8523500078385164e-12
3.608030635561396e-11,1.0656491092399988e-11,9.185740168488914e-12,7.802741560541894e-12,6.456704255092657e-12,5.1922251451523084e-12,4.053534410291966e-12,3.0760159501133295e-12,2.2817566401385198e-12,1.6755514357304818e-12,1.236681373243849e-12,9.287839603357545e-13,7.176597516530271e-13,6.154756392734958e-13,3.7132505363344584e-13,1.3949000887352087e-13,-1.973094872812366e-13,-6.374479172914645e-13,-1.2096163686809641e-12,-1.9138878745960633e-12,-2.764528408436945e-12,-3.759354491121436e-12,-4.876869528185292e-12,-6.090723439024909e-12,-7.375559851328168e-12,-8.710378854797144e-12,-1.007980678959336e-11,-1.1611505858546353e-11,-1.3645360403948572e-11
1.7053677675422138e-10,4.989547309439081e-11,4.855867291203456e-11,4.7278473394152726e-11,4.620784353035174e-11,4.530349988264642e-11,4.450336189525226e-11,4.375620601680618e-11,4.3019971197440774e-11,4.225970791933607e-11,4.145181245351417e-11,4.057840943749015e-11,3.9629140038123175e-11,3.857797437653801e-11,3.836079073323368e-11,3.9161288952280575e-11,3.998992501933704e-11,4.084570884072068e-11,4.169029784847158e-11,4.253772035409411e-11,4.339492587633167e-11,4.427006201422892e-11,4.517371513745082e-11,4.611731375274336e-11,4.711542644423596e-11,4.8184816313138414e-11,4.9309746643972473e-11,5.025735588834002e-11,4.982334695493371e-11
1.870317973734776e-12,5.271385462622478e-13,5.021613602275312e-13,4.738823834719386e-13,4.4365804250279675e-13,4.129783635105417e-13,3.837766249056024e-13,3.582944698316797e-13,3.385912257569786e-13,3.2575577870528604e-13,3.1953880946229334e-13,3.225617137706562e-13,3.370127857641039e-13,3.7946455216054874e-13,3.136973058837617e-13,-3.8893673756906397e-13,-3.3842621352245975e-13,-3.300593400312118e-13,-3.2550601549489214e-13,-3.352745812483946e-13,-3.5300053009914616e-13,-3.7535754918541115e-13,-4.008463545027592e-13,-4.274029467399745e-13,-4.5263342174827634e-13,-4.744146420891351e-13,-4.917046027047543e-13,-5.062972431594319e-13,-5.276158869786936e-13
6.853235100258402e-13,4.382244133771981e-13,4.656126256667272e-13,4.685689378027783e-13,4.615550840976864e-13,4.4610612937037937e-13,4.2027297290681187e-13,3.827298829344901e-13,3.3489696112570745e-13,2.821102041139202e-13,2.3268879999361914e-13,1.9031303116934687e-13,1.5855433264270436e-13,1.2874460308151962e-13,1.4552403221436395e-13,1.1124691866170922e-13,1.3768495706153886e-13,1.6096974292145803e-13,1.9862418296977948e-13,2.404511620381183e-13,2.8546764755398957e-13,3.312822880955471e-13,3.748635815887332e-13,4.159340530938439e-13,4.566280237735624e-13,4.997721044618035e-13,5.45242871929862e-13,5.81263311159861e-13,5.59933070150117e-13
2.073623544774783e-12,4.681569836630795e-13,4.3800092398086586e-13,4.029377733369157e-13,3.6471366692426826e-13,3.2581166618742633e-13,2.88990013834199e-13,2.5704298197086744e-13,2.3230021939092326e-13,2.15841112087799e-13,2.0722544772063154e-13,2.0927091365568602e-13,2.2383763596874895e-13,2.675448280922599e-13,1.9952730589045726e-13,-4.971999922978572e-13,-4.516160884972444e-13,-4.4850620979156653e-13,-4.513454998139874e-13,-4.692789366785451e-13,-4.959046396460656e-13,-5.277009733441258e-13,-5.627798302821673e-13,-5.988336616799956e-13,-6.333510292985146e-13,-6.640422410382247e-13,-6.892564081217551e-13,-7.087899004651447e-13,-7.265953461040224e-13
3.7013760042380587e-13,1.8882644411851806e-13,1.609353244988904e-13,1.3628407463433862e-13,1.1183700747108322e-13,8.704411907071571e-14,6.168574546042887e-14,3.5612194045530093e-14,8.622442576882525e-15,-1.9534782512256927e-14,-4.9019705508994436e-14,-7.994992202011764e-14,-1.1274821561127131e-13,-1.4964089904464524e-13,-1.7985603411033485e-13,-1.4782002442023417e-13,-1.2001132895037898e-13,-9.403604351489393e-14,-6.942043512739167e-14,-4.554057977474189e-14,-2.2687899767720482e-14,-1.0020998699139377e-15,1.9624151055150635e-14,3.934846764154694e-14,5.838584161807208e-14,7.710265369919604e-14,9.611640701127026e-14,1.1803233821591408e-13,1.5399321259378783e-13
1.2353884841336277e-12,4.4399667854511317e-13,3.9316165868417707e-13,3.4443823233859315e-13,2.966147350512877e-13,2.5077129189090535e-13,2.0797668474323383e-13,1.6908490680061146e-13,1.3462870572423995e-13,1.047239534955408e-13,7.887222268381351e-14,5.620243481447737e-14,3.5894452942874636e-14,1.824135996276216e-14,-8.886565221538517e-16,-1.7312239264925905e-14,-3.6346509921687634e-14,-5.790397099936515e-14,-8.266851308645818e-14,-1.1063646350202031e-13,-1.421538100915126e-13,-1.7716506318494702e-13,-2.1514994388360019e-13,-2.5547188095192866e-13,-2.975176562850164e-13,-3.407775756144098e-13,-3.848753931050283e-13,-4.328733585986604e-13,-4.929295384660471e-13
5.5748110081727374e-12,1.5822841147762095e-12,1.5344959421539034e-12,1.4880664665083946e-12,1.4466793796426888e-12,1.4092924950419652e-12,1.3744106098686512e-12,1.3407997066610883e-12,1.3074460831596785e-12,1.2735066709907826e-12,1.2384098666066245e-12,1.201715016867826e-12,1.1631592636844403e-12,1.122097039207538e-12,1.0931423217186743e-12,1.1322453105910193e-12,1.1718075247488342e-12,1.2119812534039568e-12,1.2518633214957598e-12,1.2918018184291006e-12,1.3319660497118412e-12,1.3725553736030415e-12,1.4138271259258847e-12,1.4560581657575927e-12,1.499600710646031e-12,1.5448601225627364e-12,1.5914602246467366e-12,1.633799884336577e-12,1.6428979743234293e-12
6.175907867964525e-11,1.2781811344828241e-11,1.1710136348681449e-11,1.0501444393177457e-11,9.212066120722837e-12,7.903870268074374e-12,6.657110691677842e-12,5.564803722471734e-12,4.712318181498403e-12,4.1446066748784745e-12,3.850972740198561e-12,3.940338882128364e-12,4.498060251370968e-12,6.203296555651981e-12,-3.940671888905692e-13,-8.397903341011739e-12,-6.381396462986554e-12,-6.0261911866307225e-12,-5.81450048160008e-12,-6.194619560129002e-12,-6.901954993014161e-12,-7.80056069642244e-12,-8.82895395242682e-12,-9.901723521432292e-12,-1.0919577609705067e-11,-1.1794402017010008e-11,-1.2482978961406947e-11,-1.3059939207644878e-11,-1.3916993841098786e-11
1.6489234254618923e-11,1.1173605730435136e-11,1.2285944218432731e-11,1.2382194215887863e-11,1.2063660787925669e-11,1.1394412231307372e-11,1.0293737442840317e-11,8.706876664757437e-12,6.6932435195250756e-12,4.474999847042238e-12,2.398010034859804e-12,6.142645867328286e-13,-7.242244583611229e-13,-1.977125807861307e-12,-3.726514413803106e-13,-6.593406983097369e-13,3.809655259384437e-13,1.3147187209140302e-12,2.8530548975147603e-12,4.56613182829993e-12,6.414725478353661e-12,8.297584250494918e-12,1.008799478714486e-11,1.1774096862555996e-11,1.3444386915775893e-11,1.52161651781871e-11,1.7084131360499736e-11,1.8558635765635983e-11,1.7648645759556722e-11
7.494872987853119e-11,1.2646210589954883e-11,1.1364518562326973e-11,9.87891262592005e-12,8.261965931811067e-12,6.6168825403323515e-12,5.058288762077705e-12,3.702266248292939e-12,2.6455017168297515e-12,1.9325935503294614e-12,1.5449354752472808e-12,1.5999799236988138e-12,2.1693305994536007e-12,3.935333109457822e-12,-2.830716396593198e-12,-1.0826355859339633e-11,-9.001261145132419e-12,-8.857136522588206e-12,-8.946800470315104e-12,-9.661566212786466e-12,-1.0734934903712778e-11,-1.2022335935456298e-11,-1.3445897177209253e-11,-1.490991863326829e-11,-1.631008597059958e-11,-1.755125169596506e-11,-1.8564804161704755e-11,-1.9342283788398903e-11,-2.004798816012859e-11
4.456266735191272e-12,1.8706642214807743e-12,1.520323974006099e-12,1.304559371143921e-12,1.097179886178141e-12,8.75298303448848e-13,6.297947822881697e-13,3.5448589819796295e-13,4.1075822363363275e-14,-3.2080343114603805e-13,-7.376948092977892e-13,-1.2143639587035774e-12,-1.7679380643274628e-12,-2.4896863959361824e-12,-2.6053270070041588e-12,-1.9587978679505702e-12,-1.4784115118263844e-12,-1.072485731150279e-12,-7.225715524301287e-13,-4.0305176426808083e-13,-1.2627123260966943e-13,1.0194463201234495e-13,2.8604049529838163e-13,4.325271759668319e-13,5.503113292863515e-13,6.546338326915266e-13,7.712320618022066e-13,1.008464284597237e-12,1.8293215110329546e-12
3.621402926762417e-11,1.068425739800668e-11,9.205832232387495e-12,7.815093361109186e-12,6.461949322472432e-12,5.191400227958268e-12,4.047910463473644e-12,3.0669473455526344e-12,2.2705681665157e-12,1.6634680427950148e-12,1.2247625399874573e-12,9.181231688881056e-13,7.091392028584672e-13,6.095360423312309e-13,3.683194451185841e-13,1.3969579199136204e-13,-1.942856785780161e-13,-6.321249669558078e-13,-1.2028640285988224e-12,-1.9065749094911964e-12,-2.7579431600142428e-12,-3.754720922960852e-12,-4.875301000049923e-12,-6.093244313206565e-12,-7.383053283225442e-12,-8.723472419406694e-12,-1.0098736592905052e-11,-1.1635825751402684e-11,-1.367306674694701e-11
1.7073696628189673e-10,4.995611972653548e-11,4.862053314354563e-11,4.734109675964899e-11,4.6270978491390515e-11,4.5366889097746306e-11,4.456669686763658e-11,4.381913345692782e-11,4.308210584116607e-11,4.2320639090469683e-11,4.1511073678724084e-11,4.063515539544392e-11,3.9682389717757667e-11,3.862723676842761e-11,3.840781161602409e-11,3.921128231102743e-11,4.004294038622097e-11,4.0901629242239156e-11,4.1748573888455834e-11,4.259794881153065e-11,4.345658277100912e-11,4.4332720595245544e-11,4.5237053995415296e-11,4.6181092037041793e-11,4.717948555136618e-11,4.824911433797248e-11,4.9374401662127656e-11,5.0322669191474026e-11,4.988968505812689e-11
1.834183512783512e-12,5.19456461704727e-13,4.95047370651257e-13,4.67412559159128e-13,4.3787998556105057e-13,4.079084520290632e-13,3.7939037846696636e-13,3.545196397675266e-13,3.353113703288451e-13,3.228317533247603e-13,3.168451143929061e-13,3.199647109057164e-13,3.3423431290892166e-13,3.757842555373644e-13,3.1347066549742643e-13,-3.840598484267155e-13,-3.345834061641919e-13,-3.263823620042948e-13,-3.2184039065285973e-13,-3.313686573210259e-13,-3.4863079794895247e-13,-3.704220435294517e-13,-3.9528890202390275e-13,-4.2121487923594357e-13,-4.4585757219843044e-13,-4.671389035861143e-13,-4.84039692391296e-13,-4.983192848439797e-13,-5.1921225668434e-13
6.788945264462982e-13,4.3290160103956405e-13,4.597782167216238e-13,4.626851182334551e-13,4.55799356477804e-13,4.4063252572993964e-13,4.1528277268016835e-13,3.7845952613938027e-13,3.315627369444237e-13,2.798261838772401e-13,2.313911823216067e-13,1.8980421051802844e-13,1.586625813865791e-13,1.2948456512989389e-13,1.4539203119750343e-13,1.111209304693519e-13,1.3701823567958062e-13,1.5982384736306824e-13,1.9677806812582232e-13,2.3776609255047055e-13,2.8193387734359655e-13,3.2688565044342096e-13,3.696356544239334e-13,4.099073535751989e-13,4.497891746935727e-13,4.920474813639715e-13,5.365575456171883e-13,5.717755277192024e-13,5.507619242075858e-13
2.0380996647273496e-12,4.618553757051415e-13,4.323104135376728e-13,3.9796005570955226e-13,3.60516206192434e-13,3.2241343526143424e-13,2.8635625682451805e-13,2.5508441340643317e-13,2.3088194452289995e-13,2.148083448973072e-13,2.0644321260983745e-13,2.0860906015345887e-13,2.2302757922273463e-13,2.659251461126481e-13,2.0129019716422524e-13,-4.921680180071062e-13,-4.4739862084438885e-13,-4.4435522044663554e-13,-4.470997881879772e-13,-4.647081738620561e-13,-4.907978069450032e-13,-5.219545263666594e-13,-5.563360267034583e-13,-5.9168133771879e-13,-6.255279297157797e-13,-6.556304955143697e-13,-6.80370107522432e-13,-6.995464876824101e-13,-7.170325972746346e-13
3.659779550912575e-13,1.8749908689925333e-13,1.5990327700639852e-13,1.3547959951230654e-13,1.1125308401299641e-13,8.668314731381942e-14,6.155415915991431e-14,3.5719763672070253e-14,8.983540028141751e-15,-1.890022241020891e-14,-4.808819692130442e-14,-7.86989874150402e-14,-1.1114778446123345e-13,-1.4760773156616949e-13,-1.7771912159746788e-13,-1.4606185743256207e-13,-1.185512651245843e-13,-9.284407146794159e-14,-6.848086997944298e-14,-4.484770288850743e-14,-2.223252712910443e-14,-7.693600303976372e-16,1.9648460123843753e-14,3.9175458445869245e-14,5.802236014403246e-14,7.654939903312353e-14,9.536534965964567e-14,1.170265687340268e-13,1.5244535663417707e-13
1.2176905856101102e-12,4.3847636260156296e-13,3.882952477138675e-13,3.4018084110578217e-13,2.9295864461317884e-13,2.47693701790649e-13,2.0543644567856748e-13,1.670246146473829e-13,1.3297971890330765e-13,1.0341365128138423e-13,7.783549497319009e-14,5.5392717779178686e-14,3.5278568188296713e-14,1.7772499009795202e-14,-1.131651762598751e-15,-1.732879927446415e-14,-3.6091181329950625e-14,-5.733427264809911e-14,-8.173364843274525e-14,-1.0928556387342295e-13,-1.4033592422526718e-13,-1.7482924948510662e-13,-2.1225403212805437e-13,-2.5198509525927677e-13,-2.93419402613154e-13,-3.360537525056292e-13,-3.7951297516725524e-13,-4.267846328110999e-13,-4.858330016583258e-13
5.482756857593798e-12,1.5562176820163631e-12,1.5091326289242918e-12,1.4633708340605264e-12,1.4225435583437025e-12,1.3856298684195922e-12,1.3511644808783067e-12,1.3179380137642109e-12,1.284957022373345e-12,1.2513952939319175e-12,1.216691976803025e-12,1.180408977669751e-12,1.1422863085965449e-12,1.1016996826858216e-12,1.0728091312426473e-12,1.111548187751374e-12,1.1507329715626205e-12,1.1905138814625405e-12,1.2299995619669842e-12,1.2695335969760032e-12,1.3092798240833215e-12,1.3494351788117391e-12,1.3902535172186036e-12,1.4320074057391776e-12,1.4750432010022343e-12,1.519759823415189e-12,1.5657915214826356e-12,1.6076554248953647e-12,1.6169671522935502e-12
1.830675872082448e-12,5.185535535085788e-13,4.941816385119037e-13,4.665898505571496e-13,4.371046066229369e-13,4.071829933361026e-13,3.7871509402615425e-13,3.5389194032635733e-13,3.347259555896513e-13,3.2228205626124044e-13,3.163272698521862e-13,3.19485639415507e-13,3.337682533779716e-13,3.7525682507759644e-13,3.1317773706989975e-13,-3.834858650521702e-13,-3.3407163572911404e-13,-3.258762014758091e-13,-3.213113804309033e-13,-3.3081411579660386e-13,-3.480243652912354e-13,-3.697568064785129e-13,-3.9456402282363797e-13,-4.2043318240738963e-13,-4.4502504774241705e-13,-4.662641708211683e-13,-4.831328746164949e-13,-4.973893447760502e-13,-5.182599139608044e-13
6.787529274950931e-13,4.3253969919053447e-13,4.59399374808943e-13,4.62302591950162e-13,4.554152394788177e-13,4.4024975450206294e-13,4.1490844761009114e-13,3.781044831610827e-13,3.3123907350998597e-13,2.795428009028992e-13,2.3114645772602596e-13,1.8957542378610773e-13,1.5845337874332912e-13,1.2930999192765747e-13,1.451499902695303e-13,1.1086321155078993e-13,1.3672590994213172e-13,1.5950265839471438e-13,1.9643617761166893e-13,2.373838053526257e-13,2.815248168288581e-13,3.2644977225655327e-13,3.6917102149641216e-13,4.0941089325032584e-13,4.492550353099901e-13,4.914662417280911e-13,5.359187405193086e-13,5.710781788998913e-13,5.500474534457117e-13
2.03648172793817e-12,4.614052509300608e-13,4.3188480177076576e-13,3.9756428589003115e-13,3.6015429560241675e-13,3.2208759878222694e-13,2.860667448890065e-13,2.548294504588799e-13,2.3065800994304075e-13,2.1461143978189185e-13,2.0627291040514102e-13,2.084806435044366e-13,2.229236519259912e-13,2.65794601799888e-13,2.0135438864548422e-13,-4.917866657719502e-13,-4.470375296189909e-13,-4.4399585906713746e-13,-4.467226131964559e-13,-4.643209234230085e-13,-4.903815920688422e-13,-5.215047305021374e-13,-5.558521328494547e-13,-5.911649771396653e-13,-6.249825247932336e-13,-6.550610418133385e-13,-6.797827175872662e-13,-6.98947229234016e-13,-7.164239203336611e-13
3.650775189779019e-13,1.8722415779140004e-13,1.596887326400186e-13,1.353222906649927e-13,1.1115213201393747e-13,8.663758397659387e-14,6.156293028142486e-14,3.578200531395148e-14,9.098846784135576e-15,-1.8731852593593853e-14,-4.78664959301551e-14,-7.842454170896215e-14,-1.108210610166376e-13,-1.472247009308835e-13,-1.7730468846299534e-13,-1.4569408223125107e-13,-1.1822635224672766e-13,-9.256240379640186e-14,-6.824460419736592e-14,-4.465879059056838e-14,-2.209341601647589e-14,-6.815369441237333e-16,1.9683829898665234e-14,3.915694755382442e-14,5.794838292299341e-14,7.641867388045771e-14,9.517713671254937e-14,1.1677872473061297e-13,1.52124044853589e-13
1.2165366130901336e-12,4.3797332681324034e-13,3.878187701797952e-13,3.3972887937752716e-13,2.925334773035942e-13,2.4729822871064206e-13,2.0507405254063264e-13,1.6669837509126559e-13,1.3269179920440067e-13,1.0316552676309979e-13,7.762829376650295e-14,5.5228618336063926e-14,3.515952776062563e-14,1.7698015036055926e-14,-1.1549919651678551e-15,-1.730094885185183e-14,-3.601159041162334e-14,-5.720294943533803e-14,-8.155161567868847e-14,-1.0905386355714143e-13,-1.4005738392171032e-13,-1.7450643740458665e-13,-2.1188952294303193e-13,-2.5158185053319776e-13,-2.929803199151588e-13,-3.3558056682308155e-13,-3.7900584622497225e-13,-4.2623732982101387e-13,-4.85222768696233e-13
5.474601492069469e-12,1.5538176481211618e-12,1.506791962916066e-12,1.461085752118949e-12,1.420307560598285e-12,1.3834375664630698e-12,1.3490117015054593e-12,1.3158215881097242e-12,1.2828746871352443e-12,1.2493455390392775e-12,1.2146735962560674e-12,1.1784192870218687e-12,1.1403222032289878e-12,1.0997613288978161e-12,1.0708749149789832e-12,1.1095882416515673e-12,1.1487469701879042e-12,1.1885005314288317e-12,1.2279563141838324e-12,1.2674582987667215e-12,1.307169549308433e-12,1.3472872947698938e-12,1.3880656503942443e-12,1.4297772769292504e-12,1.4727686028235663e-12,1.5174388167939563e-12,1.5634233812305909e-12,1.605246084474859e-12,1.6145527683967808e-12
1.8318578323881504e-12,5.187349083453678e-13,4.943225344444296e-13,4.666859004892904e-13,4.3715382817781036e-13,4.0718605375864307e-13,3.7867602152987155e-13,3.5381857052560335e-13,3.346295419374233e-13,3.221757674046199e-13,3.1622556096675734e-13,3.19417579456894e-13,3.3374476996593927e-13,3.7529577856556714e-13,3.1298646122921404e-13,-3.836224688487886e-13,-3.3412739827116877e-13,-3.259139532316562e-13,-3.2131942681375617e-13,-3.308278220308629e-13,-3.480452139418776e-13,-3.6979181018431865e-13,-3.9462073016328274e-13,-4.205164300025748e-13,-4.4513571777766425e-13,-4.663994985247913e-13,-4.832884615196015e-13,-4.975646478517114e-13,-5.184730868169842e-13
6.795633024671811e-13,4.3300178240981434e-13,4.599194008943819e-13,4.628261751347317e-13,4.559177802732049e-13,4.407112987797482e-13,4.1530698166553007e-13,3.7841726386330876e-13,3.314480176781497e-13,2.7964147792503575e-13,2.311425674278e-13,1.8947100303148906e-13,1.582790183364149e-13,1.2908228017551889e-13,1.4497091230904728e-13,1.1065104720677952e-13,1.3655383212599977e-13,1.5936832487182373e-13,1.9638366936466074e-13,2.374098028602902e-13,2.816477503967233e-13,3.266718048508448e-13,3.69484968774968e-13,4.098079738837936e-13,4.4972999023662e-13,4.920186112563152e-13,5.365469838926111e-13,5.717567920118474e-13,5.506562107726764e-13
2.0399151115592925e-12,4.618953074362914e-13,4.323120064745815e-13,3.9791965195931903e-13,3.604324578407605e-13,3.2228838287888565e-13,2.8619576884855946e-13,2.5489817130574445e-13,2.3068270482469453e-13,2.1461084848176506e-13,2.0626719018838024e-13,2.08508678802944e-13,2.230053081269815e-13,2.6596759622943355e-13,2.0125758190802741e-13,-4.922222335406922e-13,-4.4737396030318137e-13,-4.4432475737968884e-13,-4.470444162395295e-13,-4.646806333544203e-13,-4.907880621324587e-13,-5.219680694993047e-13,-5.563805237469231e-13,-5.917621408289597e-13,-6.256469159528778e-13,-6.557862608984675e-13,-6.805588560806407e-13,-6.997638205428032e-13,-7.172782337023776e-13
3.6461010984719564e-13,1.8716263832771733e-13,1.5964662111851667e-13,1.3530538010711767e-13,1.1116017814228999e-13,8.666890776407939e-14,6.161534355511976e-14,3.5853102938656986e-14,9.185958065235897e-15,-1.8631770020578246e-14,-4.7756708394552375e-14,-7.83092432030009e-14,-1.107053848983395e-13,-1.4711607438864753e-13,-1.771843343538046e-13,-1.455648955366407e-13,-1.180959279250542e-13,-9.243550540244896e-14,-6.812630388066729e-14,-4.455243619574244e-14,-2.2003483212347035e-14,-6.121671400537661e-16,1.972902048258774e-14,3.9174662380732645e-14,5.793575371369451e-14,7.637381282202995e-14,9.510016908946547e-14,1.1667565918907604e-13,1.5202140490618918e-13
1.2178108037151352e-12,4.3830498782349594e-13,3.880749847334292e-13,3.3991327371630605e-13,2.9265008180921844e-13,2.4735463884716597e-13,2.0508064325422073e-13,1.666673890603707e-13,1.326364008387572e-13,1.0309873410319063e-13,7.756157746590481e-14,5.517193001060377e-14,3.51204773364749e-14,1.7683016646074415e-14,-1.1498734409181424e-15,-1.7274483461127676e-14,-3.5969874890619463e-14,-5.715253881052358e-14,-8.15016819467692e-14,-1.0901357736959533e-13,-1.4003812232449426e-13,-1.7451924239514625e-13,-2.1194405432523293e-13,-2.5168621733615986e-13,-2.931409645742844e-13,-3.358021155889672e-13,-3.792907730508804e-13,-4.2659127358027416e-13,-4.856609210117661e-13
5.478213571376492e-12,1.5552931466194238e-12,1.5082243736052559e-12,1.4624759465586806e-12,1.421664014264316e-12,1.384766772275296e-12,1.350317185344019e-12,1.3171044150465127e-12,1.284133909265999e-12,1.2505785418642732e-12,1.2158764995730567e-12,1.1795860084808867e-12,1.141445710481043e-12,1.1008353994219035e-12,1.0719350619153404e-12,1.1106826331723423e-12,1.1498771556170193e-12,1.1896673224866384e-12,1.2291571773171897e-12,1.2686918717893994e-12,1.3084343229961537e-12,1.348582483987967e-12,1.3893913374605661e-12,1.4311343613317803e-12,1.4741589381341236e-12,1.5188654236024103e-12,1.5648891627227258e-12,1.606744153499554e-12,1.616022290724843e-12
