-8.170077855462623e-16,0.00515720537318168,0.019885641130132355,0.042781522304597655,0.07235848855371493,0.10713017974766012,0.145610235965144,0.18631229747667571,0.22775000468899123,0.2684343817689745,0.3068712203257405,0.3415820094979712,0.37112317228352876,0.3943698445780426,0.41092015264620524,0.42069355175249695,0.42364966334400866,0.419783796016881,0.4093767533741978,0.39335170221760973,0.3729173040092048,0.3494046699802652,0.324318435793448,0.29864265989771044,0.2735349287952209,0.25023959077692354,0.2300009937276242,0.2140634856975603,0.20367141504750683,0.20000000000000379
-5.3387434055405044e-15,0.009077345015383726,0.03519948241060676,0.07626993909733953,0.1300689203838424,0.19437663191562748,0.266973279691163,0.3456390700630668,0.4281542097789903,0.5123773844098677,0.5966658398619141,0.680334023112815,0.7635327202939152,0.8467908312034954,0.9302150711941312,1.0137668839214482,1.0974311185428665,1.1811835556768036,1.2650911237216007,1.3494858170007504,1.4344926108294171,1.5200121893361478,1.6059179351863466,1.6908409094413972,1.7717847764111514,1.8454065880008128,1.9083633947699807,1.9573122466291477,1.9889101925460195,2.000000000000034
0.9999999999999976,1.0044247375155646,1.0169420424664226,1.0361222008769633,1.0604513984548634,1.0884158213756396,1.1185016564295989,1.149195091575562,1.1789823173754301,1.2064301909163786,1.2304536773819106,1.2500790922413305,1.2642293220136875,1.2724995969353743,1.2751125432791652,1.2723580649882467,1.2644730533143016,1.251655538386377,1.2341457070923538,1.2125775105753063,1.1880359605152782,1.161631396230175,1.134275309963193,1.1064562226141381,1.079304296111736,1.0541486932331054,1.032318627905546,1.0151433174959659,1.0039519824380339,1.0000000000000024
-2.1917970311528951e-16,0.11773141072751674,0.22109466840938732,0.3072161448445424,0.3760958425494352,0.42773376397259544,0.46212991147420696,0.47928428709659765,0.47919689172554875,0.4617766793694536,0.42711469495174476,0.375301985788872,0.30764529001998947,0.2311335149154607,0.15275556693875134,0.07390922699999694,-0.005405502655721833,-0.08394671597712511,-0.1555049003838015,-0.2138705466989106,-0.25780175071890993,-0.284279172281625,-0.29632217405950484,-0.29695008234982306,-0.2831435400760538,-0.254902562745887,-0.21222714928928688,-0.1551172968553157,-0.08357300135403356,-1.885457377350073e-15
-8.125831568048779e-16,0.20773333469619618,0.39400864909100763,0.554534342986552,0.689310420426081,0.7983368853802212,0.8816137419424515,0.9391409943754995,0.9709186476065594,0.9796777544615348,0.9745750614276207,0.9669130266851323,0.9647402708601266,0.9668228114212625,0.9685142947701809,0.9698866440706774,0.9710575766710118,0.9719832263195269,0.975577698261446,0.982624674701394,0.9890953542782592,0.9953116654506277,0.9952592715336144,0.9684907080708036,0.9029439707994724,0.7986190225920438,0.6555158577126483,0.47363446681640864,0.2529748376208541,-5.4567633550923166e-15
-9.02220237001175e-16,0.1007027705488277,0.18677199562913088,0.2552809719083721,0.3062297051321658,0.3396182009139271,0.35544646872992347,0.35371452712067203,0.3344224236993092,0.3003772351394851,0.25527196396522145,0.19751667510488463,0.1300537687979799,0.06250181305478325,-0.0013249209776336783,-0.06212744090341322,-0.12041956618511351,-0.17664222010038513,-0.22840320193461255,-0.26966033998220873,-0.2975746190145673,-0.3129659631658534,-0.3214321675303398,-0.32140140854660854,-0.3059534803096465,-0.27508669267045505,-0.22880100257964378,-0.16709637265910673,-0.08997276904901898,-1.6246827161974712e-15
-3.3011002847007835e-14,0.004269877183474666,0.01648907226207461,0.03554230278241803,0.060248666810596735,0.08942726463338499,0.12189720544163374,0.15647760092642668,0.1919875567219792,0.22724617575831912,0.26107256553481145,0.2922858378842786,0.31970510504969396,0.3421494757037085,0.35848323719339903,0.36794544116198646,0.3706947809618106,0.3674906749518658,0.3592440544579674,0.34687913699074036,0.33132013705554414,0.31349126792393756,0.2943167459639253,0.2747207955221549,0.2556276426931387,0.2379615026555408,0.2226465897286849,0.2106071204990781,0.20276731406774381,0.1999999999999633
9.147197488624334e-16,0.006425267850951934,0.025276824286775322,0.055753312544347816,0.0970062395270921,0.14818711294787684,0.20844743976998215,0.27693872657608837,0.3528124776990524,0.43522019346185814,0.5233133722164048,0.6162435127884427,0.7131621151451858,0.8132206803046109,0.915563036285326,1.019272057987858,1.1232959794795454,1.226529477026204,1.3278630330553738,1.4261875649982096,1.5203939901216927,1.6093732253298876,1.6920161868158445,1.767213790630581,1.8338569553767077,1.8908366023049428,1.9370436495463006,1.9713690141283906,1.9927036180369668,2.0000000000000044
0.9999999999999691,1.0032485172928072,1.0125032491760901,1.0268370940875626,1.0452684156680419,1.06681557648948,1.090496938109691,1.1153308615894235,1.1403357079121947,1.1645298378167268,1.1869316114089752,1.2065593879463812,1.222431525378559,1.2335663790731213,1.2390235467799797,1.2382043598357848,1.2313467019825877,1.2192301858587227,1.2027697789439702,1.1828922080059125,1.1605241973837643,1.136592470299915,1.112023749398257,1.087744756855976,1.0646822144050208,1.0437628435592121,1.0259133649703063,1.0120604984703094,1.0031309641080166,0.9999999999999681
-2.2869648819904745e-14,0.0975391450930597,0.18366313434955528,0.25608872835346325,0.3148158425266768,0.35984457395499503,0.39117500601494654,0.40880710498458395,0.4127407986042536,0.402976104749771,0.37951308908473264,0.34235178089618834,0.29149216244983733,0.2269341654219024,0.15025017446468977,0.06976473466801292,-0.00434738999670073,-0.06820103879484052,-0.12133373715918161,-0.1637455336171815,-0.19543645397813617,-0.2164064939968631,-0.22665558002467243,-0.226183625488427,-0.2149907118469362,-0.19307691888394993,-0.1604422557822153,-0.11708655703405506,-0.06301030908428414,2.7629638969497642e-14
-4.447028286437231e-16,0.1479726008084106,0.2877430819446704,0.4176710267424431,0.5377564614479162,0.6479993815080222,0.7483997809718771,0.8389576488655291,0.9196729434969401,0.9905456247707811,1.0515756866230737,1.1027631413013474,1.1441080020923933,1.1756102798909995,1.197002934019749,1.2069659274063915,1.2042397795130106,1.1886331370754675,1.1601611366233924,1.1188237778562176,1.064621057859087,0.9975529702492504,0.91761950609984,0.8248206778149441,0.7191565285578534,0.6006270542208884,0.46923221165984336,0.32497203059518104,0.16784656943412926,-5.1818127688502155e-15
-1.7510288457125976e-14,0.07410037397534193,0.13871157542889573,0.19193579676829348,0.233773031419574,0.26422326514186134,0.2832864889840934,0.290962700401521,0.2872518985386838,0.27215407815562687,0.24566923052849632,0.20779734424406177,0.15853839863837632,0.09789235241449365,0.027294536474570304,-0.04566876777116062,-0.11177366433950693,-0.16753782927367902,-0.21255194031087,-0.24681603876191177,-0.27033014293797386,-0.2830942616562567,-0.2851084003340234,-0.2763725648580924,-0.2568867579995923,-0.226650985872298,-0.18566525884064997,-0.13392958786029283,-0.07144393972724719,1.886980357220842e-14
5.374760061886981e-14,0.004180070677083449,0.01614610616100861,0.034813708106821974,0.059034752873553926,0.08766107790333348,0.11954447810565959,0.1535367346971449,0.1884896391194052,0.22325500019014546,0.25668463943103786,0.28763037777858935,0.31494401822456686,0.33747733156484383,0.3541180904110546,0.36406383593736436,0.3673328780911865,0.36461935878637247,0.3568257202880763,0.34487590551394104,0.3296938262502301,0.31220338553360244,0.2933284989361476,0.2739931028696311,0.2551211538600462,0.23763662204268768,0.22246346612038229,0.21052560114154772,0.20274691078122836,0.2000000000000612
-2.8726644962958714e-14,0.0064151160163942855,0.02523787130785245,0.055670327572413116,0.09686758573783125,0.14798472411412109,0.208176840946811,0.27659901215140775,0.3524062753365526,0.43475363869056316,0.5227960879115031,0.6156886028151262,0.7125861818267955,0.8126438606915095,0.9150082353276233,1.0187591652491885,1.1228327652878247,1.2261175511082725,1.3275025647791443,1.4258779538822641,1.5201338493890804,1.6091603851247915,1.691847713956263,1.7670860076313917,1.8337654557166334,1.890776277635654,1.9370087147918664,1.971353014923746,1.992699481367009,2.0000000000000115
1.0000000000000546,1.0032694964167466,1.0125866193422102,1.02702312410973,1.0455961606072453,1.067322898356507,1.0912205162743058,1.116306201434356,1.1415971462774284,1.16611054493849,1.1888635907299472,1.2088734726209953,1.2251573699919893,1.2367324454452504,1.242649907258836,1.2422533010891281,1.2356578010898511,1.2236074664044885,1.2070387707905144,1.1869079591926637,1.164171261480999,1.139784900333039,1.1147050960991811,1.089888068867575,1.0662900400233026,1.0448672358697437,1.0265758903832987,1.0123722485177984,1.0032125769535785,1.000000000000053
1.5874017934465505e-14,0.09549741814734194,0.1798948217907283,0.25097387723344283,0.30873457486113126,0.3531762922299914,0.38429869428589386,0.402101787041181,0.4065857608182552,0.39775080883314956,0.37559701468526313,0.3401242724952662,0.29133227734040296,0.22922060989715323,0.1550429951536643,0.07581776164822797,0.001560569525600304,-0.06272784459766495,-0.11629828267568526,-0.15915119857214854,-0.19128683554395048,-0.21270515455831113,-0.22340593674268716,-0.2233889351662715,-0.21265393122903292,-0.19120087268312033,-0.1590301113661943,-0.11614220919882444,-0.06253717762790001,-3.04550463335983e-14
-3.961988504329059e-14,0.14774107936108855,0.2873136040640596,0.41708586652982776,0.5370569919775433,0.6472271652089557,0.7475964284564628,0.8381643446599712,0.9189305096638908,0.989894620244562,1.0510564869641075,1.1024161834323964,1.1439740475577422,1.1757306004344321,1.197391012533055,1.2075179480394296,1.2048308379224089,1.1892305281652495,1.1607560717124172,1.1194072015176024,1.0651838266401772,0.9980860991584845,0.9181142636603777,0.8252685094260093,0.7195491118926964,0.6009564391477362,0.4694905473305879,0.32515182915132035,0.16794081287429216,-3.9689411574625555e-14
3.913888878433345e-14,0.07458577747911771,0.1396712431711357,0.19335549354175033,0.23563881867493486,0.2665213755365867,0.28600325638311563,0.29408454603128886,0.2907652835921294,0.2760454735363114,0.24992508920300274,0.21240405299598505,0.16348221712567365,0.10315933277948348,0.03262074863728341,-0.04151655092367804,-0.10987983961825265,-0.16783913761995187,-0.21470586430984037,-0.2504802561025866,-0.27516243524065953,-0.2887524512386859,-0.2912503150800568,-0.2826560234266559,-0.2629695426405705,-0.23219079432160847,-0.19031968753057724,-0.137356015388762,-0.0732995582533008,-3.851621517815738e-14
3.708917428619078e-14,0.004140975728133809,0.015995819624166914,0.03449145024592541,0.05849171931882654,0.08686048179817042,0.11846157895249211,0.15215884752818928,0.18681612600956113,0.22129725850916715,0.2544660952614178,0.285186487202398,0.3123222797825361,0.3347373094459815,0.35133061733667925,0.3613046638471026,0.36466952962151583,0.3621081688374146,0.35451263815835776,0.34279672998082267,0.32787422936805,0.3106589176518277,0.29206458203901925,0.27300501927775717,0.2543940325412276,0.23714542798313762,0.2221730072781415,0.21039055681093877,0.20271186676876987,0.20000000000003457
-9.224208263820976e-15,0.006416850676973519,0.025244634996441577,0.055684844872936456,0.0968920017707091,0.14802062768214158,0.2082252539317151,0.276660402335751,0.3524805831237232,0.4348402987939344,0.5228940431333523,0.6157963072176916,0.7127015893773617,0.8127644007110995,0.9151308183302409,1.0188804443379413,1.1229497257503265,1.2262276614411538,1.3276037601883095,1.4259686449801727,1.5202129319104845,1.6092272379055088,1.6919021884483971,1.767128413945239,1.833796544686817,1.8907972193403677,1.9370210882646577,1.971358802247504,1.9927010191192398,1.9999999999999991
1.0000000000000344,1.0033066364420182,1.012729705435163,1.0273306960870632,1.0461158808662119,1.0680915348033833,1.0922639346933383,1.1176393598827208,1.1432240918644965,1.1680244140021734,1.1910466124321752,1.2112969769249813,1.227781802200566,1.2395073904432885,1.245514119949562,1.2451353380653691,1.2384810396629762,1.2263015416009557,1.2095447039146336,1.1891788318306635,1.1661722383975965,1.1414932418842345,1.1161101645519769,1.0909913310376542,1.0671050668763966,1.0454196990619535,1.0269035569107607,1.0125249717899534,1.0032522777089756,1.000000000000034
1.9395461020558745e-14,0.09460628847384506,0.17822936902004186,0.24867274866184774,0.30593694570346225,0.3500217665392034,0.38092710338810043,0.39865294730991185,0.40319934495516246,0.39456637500441993,0.37275408498875584,0.33776244356200497,0.28959136209517905,0.22824072213112812,0.15493589626179813,0.07655962597955542,0.0030197473336492043,-0.060676641648937456,-0.11377300365339886,-0.15626941594430452,-0.18816595846934725,-0.2094626192244646,-0.22015929168010848,-0.22025587746971023,-0.20975232096106372,-0.18864861573557837,-0.15694489524873342,-0.11464132005867089,-0.06173751423934844,-1.7623968181341493e-14
-8.277136042583326e-15,0.14778108786458113,0.28738894641751356,0.4171893244847885,0.5371821193877777,0.6473674397243878,0.7477452969176398,0.8383155305506372,0.9190780367617079,0.990032719147394,1.0511794949839899,1.102518394063718,1.1440495380531335,1.1757731072949011,1.1973952003280564,1.2074844096071715,1.204765139462072,1.189138187736202,1.1606425080347622,1.1192780072823758,1.0650446387671226,0.997942471450469,0.9179716029499511,0.8251320429318741,0.7194238224190492,0.6008470951418684,0.46940191352176164,0.3250883359387872,0.16790633646178915,-5.97700181459267e-15
2.9286274124903063e-14,0.07543324955934731,0.14126075090105342,0.19556102248098609,0.23833406417251252,0.2695799081539471,0.28929857639280737,0.29749009903294626,0.29415449702894536,0.27929179620550637,0.25290203390158683,0.21498525789923947,0.16554153843888472,0.10457097877988022,0.033259204104363865,-0.04175521794974023,-0.11098952627694374,-0.16970279390140833,-0.21718378215698123,-0.2534323774739295,-0.27844850793719345,-0.2922321209099188,-0.29478317824748634,-0.2861016635578157,-0.2661875666280265,-0.2350408626809536,-0.1926615294486903,-0.13904952858622904,-0.07420487242479759,-2.947134725394018e-14
2.0131047613715858e-14,0.004113895772011293,0.015891578255249936,0.03426772278184812,0.05811437121141688,0.08630355681410301,0.1177072984874601,0.1511976063869059,0.1856465008041972,0.2199260044098095,0.2529081396908357,0.2834649298735717,0.3104683983267247,0.3327905699273354,0.34933834547657344,0.3593191919369927,0.36274120048005537,0.36028081345067364,0.35282245236791226,0.3412721860778621,0.32653608326336503,0.30952021220122516,0.2911306420676236,0.27227344284004934,0.2538546887463194,0.23678046717724757,0.22195685747332447,0.21028992629396462,0.202685735223737,0.20000000000001653
1.8666135801237668e-14,0.006419237342724901,0.025253818945491054,0.0557044972323691,0.09692508438275564,0.14806938758607094,0.20829120983385666,0.27674438498580045,0.3525827221155971,0.4349600156678614,0.5230300578773108,0.6159466423930192,0.7128635664178616,0.812934630932895,0.9153052130363157,1.019054428844431,1.1231188423847762,1.2263880087379242,1.3277521141486661,1.426102471957303,1.520330390874446,1.6093271769517141,1.691984135742719,1.7671925741109915,1.8338438082639885,1.8908291778653372,1.9370400111407315,1.97136761642799,1.992703311557224,1.9999999999999885
1.0000000000000149,1.003333948440737,1.012834855640093,1.0275565107997549,1.0464970300592997,1.068654529636758,1.0930271264479534,1.118612933597292,1.1444100665714931,1.1694166425135777,1.192630779285958,1.213050595756452,1.2296742124719604,1.2414997526667828,1.2475596306981815,1.247181227672311,1.2404744286605323,1.2281954351304207,1.2113000838446908,1.1907648836294085,1.1675663458786765,1.1426809836880507,1.1170853112186523,1.091755843252975,1.0676690957254122,1.045801587181951,1.0271298345090334,1.0126303514014496,1.003279652134438,1.0000000000000198
1.6629056040028052e-14,0.09398849528600253,0.1770729421335695,0.24707291611970114,0.3039885882599738,0.34781975516069785,0.37856626030145396,0.39622812876502983,0.40080546525896205,0.39229826139432006,0.3707065224169756,0.3360302550749294,0.2882694578104803,0.22742418755238,0.1547079527929752,0.07694004720985406,0.003951212488574689,-0.05928046848645693,-0.11200177284379233,-0.15421267271064162,-0.18591318115023855,-0.20710329359365232,-0.2177829980851732,-0.21795228783271126,-0.2076110261634219,-0.1867591605770735,-0.1553968598264011,-0.11352422285339873,-0.06114130304342567,-9.827362488347296e-15
1.8429281339341743e-14,0.14783558916541908,0.2874905426388933,0.41732928443700695,0.5373523568282197,0.6475594725572712,0.7479509186393694,0.8385267623942496,0.91928665918669,0.9902305485933048,1.0513584309464443,1.102670337655235,1.1441663156426496,1.1758464009607408,1.1974173828355679,1.2074530350175257,1.204684778420011,1.1890164315953053,1.1604873525813522,1.1190974781128058,1.0648467650236288,0.9977351955971542,0.9177627740025116,0.8249295295343898,0.7192357115987393,0.6006814347203918,0.46926640962871485,0.3249905887433236,0.16785408989007866,1.1662109681839131e-14
9.212182026951262e-15,0.07605628842442703,0.14242782257277728,0.19717759137634455,0.2403054817083996,0.2718115373160375,0.29169572335097643,0.2999580271051369,0.2965984845262573,0.28161710507524357,0.25501389763487675,0.21678887723604423,0.16694206829261518,0.10547351007183191,0.03357644569134595,-0.04206396264625955,-0.11188562601625972,-0.17109911374444875,-0.21898511859520445,-0.2555436041078812,-0.28077454618844555,-0.29467792909539675,-0.2972537435965312,-0.28850198365673585,-0.2684226209387921,-0.2370156438571317,-0.19428109395995596,-0.14021898546170544,-0.07482931082628079,-1.238513219548871e-14
2.0324202606724505e-14,0.004094588327106127,0.01581725269788041,0.03410815444311796,0.05784514462798764,0.08590606569421846,0.11716874548836269,0.15051100328428993,0.18481066857722503,0.2189455730726214,0.25179354822601574,0.2822324262572513,0.30914003954322544,0.3313942219315802,0.3479074746783444,0.3578910879338688,0.36135234927379245,0.3589632667111079,0.3516027472912646,0.3401712364603242,0.32556917943491304,0.30869702099231056,0.2904552068112024,0.2717441833253812,0.25346440102398277,0.23651632356563432,0.22180040707843188,0.21021709469411204,0.20266682426846042,0.20000000000001664
1.866342301484319e-14,0.0064211132881026355,0.025261040474082536,0.05572000169885697,0.09695124534964929,0.14810801448803035,0.20834354808995173,0.2768111157915845,0.3526639621018325,0.435055316952024,0.5231384081218926,0.6160664648443479,0.7129927199622311,0.813070410161915,0.9154443682006361,1.0191933360364727,1.1232539498973102,1.2265161939357554,1.32787079115924,1.4262096025743027,1.520424484480788,1.6094072904725696,1.6920498736432088,1.7672440883581144,1.833881798114093,1.8908548899937794,1.9370552407401773,1.9713747064536278,1.992705152607102,1.9999999999999887
1.0000000000000149,1.0033535783402017,1.0129104292324145,1.0277187769904124,1.0467708455108986,1.0690588588149406,1.093575041613679,1.119311614820345,1.1452608017584816,1.1704148273871888,1.1937659173503605,1.2143062982489576,1.231028198278034,1.2429238481315081,1.2490199614321156,1.2486398879203724,1.24189399786394,1.2295428930838839,1.2125480591246125,1.1918917853086335,1.1685563633616118,1.1435240866411773,1.1177772495392901,1.0922981470479791,1.0680690752786315,1.046072332969426,1.0272902173368255,1.0127050223125467,1.00329904239774,1.00000000000002
1.6913679030088857e-14,0.09354804890517832,0.17624819826052415,0.24593125888762496,0.30259740535446855,0.3462464312306397,0.3768781796619531,0.39449267825404677,0.39909003081235767,0.39067022712860916,0.36923327244931586,0.3347791738974701,0.2873079297979244,0.22681959637571253,0.15452042739959315,0.07718963090359302,0.004602684907394058,-0.05828854908365082,-0.11073463756322278,-0.1527355533891538,-0.18429131027955153,-0.20540190377780457,-0.2160673219125902,-0.21628755937913177,-0.20606248196420032,-0.18539203240125612,-0.15427637773386987,-0.11271562139010227,-0.06070981849054088,-9.997288656493697e-15
1.8565735372280003e-14,0.14787838272871615,0.2875706775806877,0.4174402236411792,0.537487557522668,0.6477123913297314,0.748115012519302,0.8386954839551632,0.919453459271989,0.9903888793387724,1.051501744869719,1.102792087834037,1.1442599558367692,1.175905385869098,1.197435859382283,1.2074289970354326,1.2046215955194859,1.1889200757809717,1.1603641772709994,1.11895383575562,1.0646890072954618,0.9975696739211987,0.9175958398708655,0.8247675330110618,0.7190849996703008,0.6005483652274121,0.46915734280619115,0.3249118763488191,0.16781208476566917,1.1631388360646884e-14
9.170781382399972e-15,0.0765041081253887,0.14326650478180844,0.19833878577279418,0.24172083861643873,0.27341270725330435,0.29341435674547556,0.30172577475135315,0.29834699728682296,0.28327803342617935,0.2565188916045662,0.21806958614386276,0.16793014010179666,0.10610058936051303,0.03378086021696331,-0.042305845577341475,-0.11254101007988884,-0.17210553441086582,-0.22027552040321757,-0.25705093455290023,-0.28243175393547143,-0.2964179633304864,-0.2990095537570915,-0.2902065194820613,-0.27000883258309344,-0.23841648011662414,-0.1954295033225651,-0.141047917449738,-0.0752717147558193,-1.2482343324134808e-14
2.026875567439066e-14,0.004080741928235552,0.0157639481186131,0.033993710580299055,0.05765204236840745,0.0856209479140596,0.11678241702288264,0.1500184311166509,0.18421098184493137,0.21824206294174966,0.25099366784764193,0.2813477907817213,0.30818642613017627,0.33039156971253714,0.3468797408259774,0.3568650123309143,0.36035419011215913,0.35801613320707787,0.35072578217578354,0.33937953173535984,0.32487377632368475,0.3081049099178202,0.289969327390404,0.27136342432683447,0.2531836002037977,0.2363262676050009,0.22168783200034906,0.21016468569475458,0.20265321561959748,0.2000000000000166
1.8484138512826762e-14,0.0064224889020270395,0.025266336565455006,0.05573137359848288,0.09697043474637251,0.1481363491640328,0.2083819424668613,0.27686007052240136,0.3527235639533015,0.43512523895391286,0.5232179096281094,0.6161543915495952,0.7130875039174485,0.8131700697962532,0.9155465226246755,1.0192953275675918,1.1233531681656659,1.226610341429646,1.3279579647265296,1.4262883017979275,1.5204936116524754,1.6094661505766565,1.6920981743594898,1.7672819400260387,1.8339097135228386,1.8908737843455443,1.9370664325165188,1.9713799169170723,1.99270650566518,1.9999999999999887
1.0000000000000149,1.003367621430642,1.012964492097823,1.027834851578332,1.046966704809007,1.0693480568936848,1.0939669135563157,1.1198112767647928,1.1458691509061962,1.1711285419747786,1.1945774566175644,1.2152039023939605,1.2319958883793087,1.2439414259842168,1.2500631521511159,1.2496815717889818,1.2429074928143102,1.2305046947227853,1.2134386928896443,1.1926958948614417,1.1692627104417177,1.1441255509983248,1.1182708288995917,1.0926849570926687,1.0683543496128787,1.0462654231195192,1.0274045928621056,1.012758270749854,1.0033128692560442,1.0000000000000202
1.6959131491156834e-14,0.09323217698518033,0.1756566865821592,0.24511238577572692,0.301599450205581,0.34511767261469656,0.37566689730933067,0.3932471535961987,0.3978585441112839,0.3895010574702741,0.36817469890015664,0.33387947575834875,0.28661538629688593,0.22638248584475226,0.15438202173622398,0.07736523032791216,0.005067892110997313,-0.05757779227983747,-0.10982531917599647,-0.15167466223040352,-0.18312583555380682,-0.20417883480306642,-0.21483364811035544,-0.2150902713200026,-0.20494857270164385,-0.18440849179126864,-0.15347019361126485,-0.11213378423815519,-0.06039931948413203,-1.0023381701700954e-14
1.8505473972756946e-14,0.14790976451573046,0.28762945441242344,0.41752160526966275,0.5375867412032357,0.6478245795969136,0.7482354090805231,0.8388192873506694,0.91957586924344,0.9905050970907865,1.0516069718754484,1.1028815257359832,1.1443288064484667,1.1759488514527199,1.1974496387511018,1.2074115639845087,1.2045753701365698,1.1888494378680088,1.1602737987086766,1.1188483881126343,1.0645731618627832,0.9974481019350104,0.9174732126001917,0.8246485205015209,0.71897426827696,0.6004505887080285,0.46907719786945634,0.32485403330167334,0.16778121449550057,1.1526309570906915e-14
9.05466799030974e-15,0.07682447016561984,0.14386644433721038,0.19916936162326646,0.24273311151713153,0.27455773728078814,0.2946432037644548,0.3029894991744344,0.29959665931223806,0.2844646928827928,0.25759360791092095,0.21898341805979796,0.16863414515736613,0.10654582225046022,0.03392334509844912,-0.042482128639897636,-0.11301177545948617,-0.17282609142377242,-0.22119809622177203,-0.2581277588618069,-0.2836150575167205,-0.29765997750559414,-0.30026251012462357,-0.2914226499103833,-0.2711403694089873,-0.23941565471670723,-0.1962485466484349,-0.1416390611511649,-0.0755871902350473,-1.2427526390767402e-14
2.0020311925206157e-14,0.004070805768132503,0.015725696743555992,0.033911585029324225,0.057513469503164,0.08541634048696457,0.11650517379455966,0.14966493704118874,0.18378060801804488,0.21773716651201377,0.2504195919900523,0.28071286470103873,0.3075019650663337,0.3296718749028266,0.34614199703673365,0.3561284074567637,0.3596375811711125,0.3573361225412509,0.3500961240125142,0.33881107072076094,0.3243744474895866,0.3076797386695683,0.2896204294944609,0.27109000587124504,0.2529819574570969,0.23618978690223658,0.2216069900883033,0.2101270496701045,0.2026434429070455,0.20000000000001641
1.816847928763581e-14,0.006423480668076078,0.02527015527959462,0.055739574127911445,0.09698427339124412,0.1481567834667632,0.20840963196465173,0.2768953762292789,0.35276654841069505,0.43517566644176864,0.5232752462265453,0.6162178051393664,0.7131558641642023,0.8132419481401489,0.9156202025517907,1.0193688926595255,1.1234247352426199,1.226678252623362,1.3280208466295051,1.4263450715839978,1.5205434770909572,1.6095086100396598,1.6921330168270083,1.7673092450489984,1.8339298510114932,1.8908874144101309,1.9370745061751105,1.9713836757947472,1.9927074818229198,1.999999999999989
1.0000000000000149,1.0033776634819755,1.0130031514723896,1.027917853462059,1.0471067569247703,1.0695548495337757,1.0942471194823014,1.1201685512668649,1.1463041317974358,1.1716388495584047,1.1951576936576966,1.2158456540746563,1.2326877222333514,1.244668891753169,1.2508088845855982,1.2504261774605219,1.2436319055493843,1.2311921254144418,1.214075232390139,1.1932705762460805,1.1697675088823014,1.1445553836988875,1.1186235550621224,1.0929613778957723,1.0685582081813114,1.0464034045079345,1.0274863241498802,1.012796321016151,1.0033227495717136,1.00000000000002
1.6820249509496756e-14,0.09300550779341257,0.1752322154974086,0.244524748504221,0.30088328251792773,0.3443076113478856,0.3747975814291083,0.39235322302076625,0.3969746374632648,0.38866181270909306,0.36741475392446615,0.33323346856937924,0.2861179548508777,0.2260682670476065,0.15428208952689326,0.07749070771989373,0.005401407469644155,-0.057067852656778315,-0.10917270596026693,-0.15091312685368566,-0.18228912962128313,-0.2033007100410362,-0.21394785644324832,-0.21423056556585485,-0.20414870819175898,-0.18370222178669537,-0.1528912690935037,-0.11171595751545678,-0.060176342750369406,-9.940404734526072e-15
1.8287164275592722e-14,0.14793239076499262,0.2876718406674897,0.4175802989657863,0.5376582737531909,0.6479054910119144,0.7483222405521848,0.8389085749133822,0.9196641521151514,0.990588916019305,1.0516828677979677,1.1029460394640624,1.144378478575114,1.1759802226615947,1.1974596066655279,1.2073990199496594,1.2045420511759408,1.1887985020874088,1.1602086167372667,1.118772330792822,1.0644896001490791,0.9973604068669196,0.9173847551967597,0.8245626706698541,0.7188943917426277,0.6003800561256846,0.469019383447015,0.32481230626930785,0.16775894401784083,1.1345744561107032e-14
8.773168461144029e-15,0.07705355645205263,0.1442954454265409,0.19976327314684605,0.2434569317271629,0.27537646323857357,0.29552183231904755,0.30389302779527005,0.3004900850651658,0.2853130124883367,0.25836181771730515,0.21963651380676122,0.1691371214872337,0.10686367145535694,0.03402464254829875,-0.04260869903413921,-0.11334871687182704,-0.17334144468015142,-0.22185773034732323,-0.258897544987504,-0.2844608677733181,-0.2985476845593862,-0.30115798692914403,-0.29229176967013853,-0.271949005840118,-0.2401296808636464,-0.19683383499651685,-0.14206148466168095,-0.07581262167422105,-1.215122768720035e-14
9.081713768186605e-14,0.0040636875193432904,0.01569813760835399,0.033852434335993505,0.0574138140712098,0.08526941678399,0.11630632032847557,0.1494115766480917,0.18347227888952647,0.21737553711890759,0.25000846527566173,0.28025818072289976,0.3070118003054333,0.32915644612056477,0.34561362440325927,0.35560092904228974,0.35912458121976504,0.35684947978686454,0.349645647026181,0.33840448375157084,0.32401738815689135,0.30737575445052184,0.28937097932740374,0.2708944651399593,0.2528376378344227,0.23609198227600248,0.2215489661477277,0.21009998310847391,0.20263639410281273,0.20000000000005763
1.5605794005354405e-13,0.0064242192931514615,0.025272781795974093,0.05574511041327872,0.09699358244731367,0.14817048899888102,0.20842820623312372,0.2769191893593673,0.3527957840381283,0.43521027365524506,0.5233149309228954,0.6162620364591193,0.7132038883884507,0.8132928015770006,0.9156727107652297,1.0194216843653416,1.123476404516855,1.2267275475516823,1.3280667357889857,1.4263867378353514,1.5205803015699415,1.6095401607334914,1.6921590444635308,1.7673296881856844,1.8339448704177181,1.8908974774433636,1.9370803908030554,1.9713863680126382,1.9927081604950023,1.999999999999874
1.0000000000000626,1.0033848305490498,1.0130307867489128,1.0279771984179673,1.0472068837878086,1.0697026789768698,1.0944474106133086,1.120423895794315,1.146614962531429,1.1720034452645398,1.1955721804684192,1.2163040066462434,1.2331817657478585,1.2451883056122297,1.2513412831253712,1.2509577489364847,1.2441490753382556,1.2316829270726781,1.2145297405952287,1.1936809571215365,1.170128023347077,1.1448623895366608,1.1188755082355308,1.0931588336744922,1.0687038249708356,1.0465019536342548,1.0275446906341925,1.0128234900588715,1.0033298035201368,1.0000000000000788
7.059895457209999e-14,0.0928423164332554,0.17492592294053377,0.2441023809904344,0.30037009397423375,0.3437282322750221,0.3741761946537528,0.3917141523589937,0.3963425538159362,0.3880614567450774,0.3668709054263797,0.33277091895448047,0.2857614777781314,0.22584280575747656,0.1542107777795725,0.07758208878885461,0.0056421642891006825,-0.056701180013140055,-0.10870435415533473,-0.15036726537626716,-0.18168999297294933,-0.20267254238911533,-0.2133148647154732,-0.21361686673293284,-0.20357795228234288,-0.18319772777465898,-0.15247691128497012,-0.11141619808251553,-0.060015803513530086,-4.45328923136693e-14
6.076239011968375e-14,0.14794824738374762,0.28769981692580165,0.417619495864173,0.5377060622533624,0.6479594298708228,0.7483811259801747,0.8389708387261173,0.9197272267053967,0.990649987928965,1.0517391331537298,1.102994825021026,1.144417286557921,1.1760066548475117,1.197471112765023,1.2073940151276008,1.2045213692809977,1.1887645466321821,1.160163972456983,1.1187193854051702,1.0644305750894278,0.9972974310780873,0.9173199532764759,0.824498311129306,0.7188335453848433,0.6003265734673853,0.4689762701200449,0.3247817378235053,0.1677431638219683,4.065782636818464e-14
9.53335706130144e-14,0.07721726685686148,0.14460231132641724,0.20018788964367973,0.2439743070236075,0.27596160568656986,0.2961496037362808,0.3045383245979864,0.3011279046084371,0.2859183785210389,0.25890976550571404,0.2201020955317567,0.16949542008457855,0.10708982813856904,0.034096472088291654,-0.04269908881270734,-0.11358894781304117,-0.1737089207680826,-0.2223282181467825,-0.25944676091918073,-0.2850644983857974,-0.29918139746279776,-0.3017974376134717,-0.29291259605217823,-0.2725267557511265,-0.24063980630205023,-0.19725189391114833,-0.14236315042927694,-0.07597357589130796,-1.0045633365542876e-13
9.059272193372167e-14,0.004058585294421903,0.01567849460897055,0.03381026065335948,0.057342653327053426,0.08516434582118652,0.1161639492609342,0.1492300490749776,0.18325127187823245,0.21711626106172918,0.24971366384467972,0.27993213088525837,0.3066603123265775,0.32878686350394126,0.3452347712757868,0.35522265843892004,0.358756576966726,0.3565002682004983,0.3493222919267148,0.33811255481283536,0.32376096083542855,0.30715740995029134,0.2891918045826656,0.2707540527432017,0.25273408580965834,0.23602189402346385,0.22150745093798038,0.21008065598393355,0.20263137574925644,0.2000000000000574
1.5590674089405705e-13,0.006424728169570744,0.025274742668241836,0.05574932257144855,0.09700069124556608,0.14818098619604425,0.20844243100938598,0.2769373274942637,0.3528178677216721,0.4352361817650668,0.5233443891528993,0.6162946173552738,0.7132390113699215,0.8133297329675202,0.915710569060245,1.0194594851571164,1.1235131799478522,1.2267624453636121,1.3280990499910934,1.4264159118624362,1.520605928245402,1.609561982233375,1.692176952294843,1.767343723095968,1.8339552220808777,1.8909044844345315,1.937084541624163,1.9713883007640018,1.992708662552592,1.9999999999998743
1.0000000000000624,1.0033899606730239,1.0130505363193631,1.0280196007045734,1.047278430613498,1.0698083207033793,1.094590556014933,1.1206064121572212,1.1468371756734856,1.1722641394900604,1.1958685985217083,1.2166318496507744,1.2335351931045335,1.24555993480199,1.251722242055501,1.2513381292759862,1.2445191368577966,1.232034093588632,1.2148549074639208,1.1939745227867036,1.1703858891606855,1.1450819596671573,1.119055689617328,1.093300035972646,1.068807960534667,1.04657243749607,1.0275864406463846,1.0128429268714851,1.0033348505620445,1.0000000000000788
7.050578179060534e-14,0.09272591736432638,0.17470794283791577,0.24380061374150014,0.3000023255545515,0.34331224785284575,0.373729781508395,0.39125509932383834,0.39588864825936204,0.38763048476112233,0.3664806531136562,0.3324391726292259,0.28550602352586035,0.2256814283832209,0.15415943435697646,0.07764649791469394,0.005813412038611954,-0.056439326345297997,-0.10836922603187149,-0.14997619540041462,-0.18126031432531897,-0.20222158849553498,-0.2128599692674428,-0.2131753652178259,-0.2031671831357692,-0.18283502565730705,-0.15217960773843345,-0.11120162713175631,-0.05990130026774187,-4.4529713471002645e-14
6.047968319319923e-14,0.1479598630531043,0.2877215926030647,0.41764965169058604,0.537742811094614,0.6480009980362741,0.7484257405117664,0.8390167170673258,0.9197725887822888,0.9906930564075208,1.0517781313793693,1.1030279766042388,1.1444428153504302,1.1760227852981344,1.1974762510813366,1.2073875865753703,1.2045042615057517,1.1887383825867734,1.160130485648509,1.1186803089718595,1.0643876417038078,0.9972523731072471,0.9172745027690158,0.8244541978118216,0.7187924945104519,0.6002903186971201,0.46894655077200215,0.32476028644069754,0.1677317117307919,4.0446933718864744e-14
9.528959515626976e-14,0.0773342983951025,0.1448214702249406,0.20049129377091116,0.24434407609847197,0.2763798577685001,0.2965984567762129,0.30499989770292846,0.30158431651577344,0.2863517474057225,0.2593022089705353,0.22043573029732816,0.1697523613152591,0.10725218769621347,0.03414819138320045,-0.0427637855390426,-0.1137611100910758,-0.17397221598899243,-0.22266520883458663,-0.25984001255438255,-0.2854965778740236,-0.2996348724811466,-0.30225487627880937,-0.2933565669379282,-0.27293982800793315,-0.2410045479735875,-0.19755087216516037,-0.14257893305383332,-0.07608873050488381,-1.0042156937778356e-13
1.9703265311940353e-14,0.004054917546098175,0.015664531508185264,0.03378026320973748,0.057291885799645635,0.08508916399095857,0.11606184815277586,0.1490996807392526,0.1830924143032654,0.2169298032537848,0.2495016016394314,0.27969756429833975,0.30640744624921606,0.3285210038463857,0.34496225085832427,0.35495046815295334,0.358491605809323,0.3562486642339973,0.34908918111786724,0.337901988291951,0.3235759172179919,0.30699979886375306,0.2890624650625476,0.2706527482631281,0.2526594844502177,0.23597152242655547,0.22147770475776704,0.21006686068134756,0.20262781399960686,0.20000000000001614
1.7731247437356903e-14,0.006425067933010127,0.02527626676701818,0.05575269811412387,0.09700642048480806,0.14818948628521672,0.20845394622585514,0.27695187994560044,0.35283534195535377,0.43525637286558716,0.523367011350711,0.6163192975577307,0.7132652752242921,0.8133569919309769,0.9157381322942147,1.0194866413073684,1.123539288201982,1.226786955649371,1.3281215008285214,1.426435943253743,1.5206232977354959,1.609576576375602,1.692188790790846,1.7673529537448864,1.833962086392211,1.890909233032242,1.9370874302975833,1.971389692917468,1.9927090444247706,1.9999999999999898
1.0000000000000149,1.0033936491653195,1.0130646922724578,1.028049981683666,1.047329701254815,1.0698840350992662,1.0946931677064038,1.1207372799617974,1.1469965551570642,1.1724511781085603,1.1960813342113525,1.2168672096678195,1.2337889920142726,1.2458268707641436,1.251995927660804,1.2516114126340274,1.2447849859341422,1.2322863302624625,1.21508842495518,1.1941853026425264,1.1705709978865755,1.145239546649445,1.1191849858065708,1.0934013527582662,1.068882685916323,1.0466230262752119,1.0276164136612265,1.0128568844975596,1.0033384757537396,1.0000000000000202
1.6657602778929154e-14,0.09264305652474854,0.17455347038139565,0.24358509104219705,0.2997380947905779,0.343012276979991,0.3734074871764654,0.39092375715292244,0.3955611862470852,0.3873197613627131,0.36619948759893,0.3322003725903885,0.2853224144583304,0.22556566584660784,0.15412212255051572,0.07769120181796221,0.005934622472094822,-0.056252468084529696,-0.10812912939519591,-0.14969533711641786,-0.18095110585325494,-0.2018964315702567,-0.212531302873536,-0.2128557178356444,-0.20286955109119906,-0.18257273691045456,-0.1519654345623733,-0.11104775357134468,-0.05981974953423658,-9.840190967260028e-15
1.7997103160967778e-14,0.14796860226402578,0.287739674433774,0.41767423030216255,0.53777275373515,0.6480349831097526,0.7484612096127808,0.8390514778190227,0.9198054504962898,0.9907230738100476,1.0518043492207318,1.1030493085924808,1.1444579992088455,1.1760304587599948,1.1974755917834436,1.2073789724037254,1.2044887441912049,1.188716989932472,1.160104295481716,1.11865059677201,1.0643558497921082,0.9972200366993192,0.9172431617357777,0.8244252488075452,0.7187665299603495,0.6002671505497319,0.46892683574627414,0.3247455104695186,0.16772329400014976,1.1122387668236178e-14
8.58312021344257e-15,0.07741823287170155,0.14497835959052352,0.20070870040287905,0.24460915138229286,0.2766797529292176,0.2969204694145969,0.3053312906270371,0.301912251358874,0.2866633594435199,0.2595846219550375,0.22067605099731524,0.1699376655961045,0.10736949276917283,0.034185723825283496,-0.042810330999805385,-0.1138851719137411,-0.1741618478737581,-0.22290775865717244,-0.26012287866932776,-0.285807188650919,-0.2999606752841429,-0.30258333059450515,-0.29367514974860853,-0.2732361065893441,-0.24126618550187917,-0.19776542587799323,-0.14273384484586532,-0.07617143391645304,-1.1969771410916392e-14
9.029531322671482e-14,0.004052297190637334,0.015654286039992516,0.03375828449481204,0.057254952304376654,0.08503485213399585,0.11598848464785154,0.1490063250806189,0.18297888982949434,0.21679671188855057,0.24935032802409202,0.2795302784610435,0.30622710291361954,0.32833134621379484,0.3447678200226547,0.35475641628944904,0.35830298100880026,0.3560698298247376,0.34892371978934866,0.33775271566024057,0.32344487941538563,0.30688826896869104,0.28897094468329776,0.2705809724210613,0.2526064411332454,0.2359354985609577,0.2214562763596811,0.21005683194802663,0.2026251897482256,0.2000000000000571
1.5565951753618575e-13,0.006425356260419762,0.025277162930618845,0.05575452146922039,0.09700946526123189,0.14819394226667207,0.20845998773209473,0.276959714104506,0.3528451238716206,0.43526815786723005,0.5233807465369964,0.6163348283106417,0.713282359171059,0.8133753119119604,0.9157572909880617,1.0195061350339392,1.1235585634834047,1.226805511051479,1.3281389268183013,1.426451913187908,1.520637551754353,1.6095889098932912,1.6921990503298492,1.767361041878098,1.8339679957445698,1.890913130833879,1.9370896635856354,1.9713906856987085,1.9927092820668137,1.9999999999998743
1.0000000000000626,1.0033962716282365,1.0130748317113227,1.0280717627300633,1.0473664451130194,1.0699382771415245,1.0947666473323243,1.12083093489412,1.1471105299932223,1.1725848291232048,1.1962332307091288,1.2170351350693218,1.2339699457424922,1.2460170717156356,1.2521908479083734,1.2518060150249513,1.2449743226737027,1.2324660324158152,1.2152548621959274,1.1943356049200162,1.170703058574408,1.145352024509765,1.119277306245203,1.093473708906863,1.068936042404163,1.0466591290348788,1.027637790860919,1.0128668330154786,1.003341058115282,1.0000000000000788
7.037876422951487e-14,0.09258246417584844,0.17443929739168915,0.2434287044092319,0.29954907094122346,0.3427995656417227,0.37317959202016204,0.3906893247985069,0.3953292090881634,0.3870992997483587,0.3659996410755751,0.3320302526582756,0.285191114433266,0.2254824473901083,0.15409605138393587,0.07772578569544623,0.006024408161798733,-0.05611662729368001,-0.10795618940605746,-0.14949418798912395,-0.1807307036334638,-0.2016657423236678,-0.21229925572732244,-0.21263115460103485,-0.20266084938430592,-0.18238793816477658,-0.1518131320457664,-0.11093713174940838,-0.05976015500097053,-4.4512377218394e-14
6.010751749128063e-14,0.1479742001029012,0.28774846953432975,0.41768687099653706,0.5377881675538864,0.6480523025085176,0.7484808043685137,0.8390733399465867,0.9198285734763613,0.9907462090707435,1.0518262589806986,1.1030688864271532,1.1444743149704037,1.1760426830150066,1.197482580202276,1.207379640821612,1.2044831393490252,1.1887060871917625,1.1600891559348627,1.118632083410083,1.0643346581891993,0.9971967691660917,0.9172184155549313,0.8243997616623154,0.7187418382007785,0.6002455811644216,0.46890987797515876,0.32473381619120867,0.1677175803612072,4.01629551550551e-14
9.50693366408102e-14,0.07747826761733803,0.14509107297602084,0.20086453079000088,0.2447989502141646,0.2768943698470413,0.29715060760823586,0.30556768949290597,0.30214575100543856,0.28688482564642875,0.25978493131342684,0.22084609601705701,0.17006836777217205,0.10745182817820127,0.034211714877247765,-0.04284346052813427,-0.1139729509151338,-0.1742961305816246,-0.22307975135963165,-0.260323740808186,-0.2860280514099996,-0.3001926517998999,-0.3028175224152421,-0.2939026414853794,-0.27344789327320806,-0.2414531649251595,-0.19791860068618425,-0.1428443337576475,-0.07623036378165284,-1.0021444576174924e-13
1.9627834327778477e-14,0.004050410622615271,0.0156471810797457,0.033743011772485565,0.057229030120522065,0.08499635513764871,0.11593609153619297,0.14893933619200866,0.1828971960593415,0.2167007799096137,0.24924119614281434,0.2794095539510246,0.30609696270947284,0.3281945331123258,0.34462758690447276,0.3546163143681099,0.3581665173696189,0.355940174223609,0.34880353050974106,0.3376440979490032,0.32334938787621686,0.30680691112596375,0.28890417939391216,0.2705287049759529,0.2525680036455497,0.23590960394681565,0.22144102833336574,0.2100497859002151,0.20262338029451515,0.2000000000000161
1.762059661141971e-14,0.0064255184380305795,0.025278001319257108,0.055756422906293755,0.09701270616632195,0.14819876786297465,0.2084665233553108,0.27696791670631143,0.3528548668655007,0.4352792789675075,0.5233930562356217,0.6163481033669037,0.7132963286447217,0.8133896441929107,0.9157716038204378,1.0195200616011069,1.1235718016144036,1.2268178087945243,1.3281500695651027,1.4264617354796294,1.5206459533902696,1.6095958674410682,1.692204621293146,1.7673653597411552,1.833971235883652,1.8909154258985097,1.9370910986019418,1.9713914007774258,1.992709487940645,1.9999999999999898
1.0000000000000149,1.0033981675930177,1.0130820870571733,1.028087328286652,1.0473927173401618,1.0699770805512547,1.0948192445916654,1.1208980325552282,1.1471922699401014,1.1726807837556996,1.1963424015777937,1.2171559517717603,1.2341002640061127,1.2461541698652179,1.2523314395318592,1.2519464111615564,1.2451108940972715,1.232595596203311,1.2153747924174054,1.1944438388726344,1.1707980935783575,1.1454329159160836,1.1193436661658938,1.0935257051239957,1.0689743945853745,1.0466850989209504,1.0276531813744398,1.0128740017756568,1.0033429204981388,1.0000000000000202
1.662230479475574e-14,0.09254024190517587,0.17436093395004748,0.24331854230801975,0.2994132434348502,0.3426448330582813,0.37301316159546366,0.39051826124974715,0.395160230809334,0.38693905688383967,0.36585474455846134,0.3319073015217321,0.2850967258726453,0.2254230697992953,0.15407671691449154,0.07774805024211913,0.006085862303823465,-0.05602117648457145,-0.10783309908785797,-0.1493498815188103,-0.18057153848201316,-0.20149806599333187,-0.21212945272723835,-0.2124656971164046,-0.20250667484840443,-0.18225231930213937,-0.1517027888051665,-0.11085819349697201,-0.05971858895698352,-9.817435949787694e-15
1.792453948191339e-14,0.14797887982762686,0.2877589265973015,0.4177008892772659,0.537805244969993,0.6480717353337562,0.7485006518703127,0.8390920369316691,0.9198455545562375,0.9907611515317095,1.051838829395926,1.1030786199824374,1.144480570509887,1.176044718721955,1.1974801307161715,1.2073732842176543,1.2044736156424785,1.1886938555426882,1.1600746868703553,1.1186160456167369,1.0643178877776271,0.9971801955298834,0.9172029731219252,0.8243862440243187,0.7187302385291927,0.6002351041335732,0.4689005675316185,0.3247265515247391,0.1677131753547142,1.10700737245328e-14
8.571628751491976e-15,0.07752131034441168,0.1451713882078393,0.2009759289609437,0.2449348297946933,0.27704813066684353,0.2973157958887406,0.3057378155150442,0.3023142241753081,0.28704502955884015,0.2599302385797784,0.22096986307974192,0.1701639216055478,0.1075124401492115,0.034231226092408314,-0.04286734740770749,-0.11403681758510342,-0.17439374279690303,-0.22320454968468986,-0.26046921356989755,-0.28618771563256296,-0.3003600427857372,-0.3029861871760773,-0.29406614407237475,-0.2735998875341711,-0.24158740165451134,-0.19802872558582355,-0.14292387665585948,-0.0762728462834058,-1.1960646246973462e-14
1.960201609439414e-14,0.004049057104136158,0.015641970388644236,0.03373182433749073,0.057210153042169774,0.08496848220088139,0.11589832322214184,0.14889117969678628,0.18283856529023357,0.21663199547603917,0.24916298535413167,0.27932305081776465,0.3060037079438125,0.3280964741233363,0.34452706393684407,0.3545159412179595,0.35806886430511936,0.35584750487094424,0.348717720321073,0.3375666257334427,0.3232813357943956,0.3067489646877686,0.28885662745721064,0.27049143974247236,0.2525405206454908,0.23589100202916805,0.22143000970900603,0.210044656126786,0.20262204827008617,0.200000000000016
1.7594579684304915e-14,0.006425654106081081,0.02527852368055182,0.05575754460775768,0.09701459901639695,0.1482015628111057,0.20847031059902746,0.27697274562181207,0.3528607460026844,0.43528617607240677,0.5234008982576839,0.6163567764595237,0.7133056781653779,0.8133994747036332,0.9157816804963927,1.0195301223050222,1.1235815888387557,1.2268270958794025,1.3281586687515083,1.426469498739438,1.520652772425355,1.6096016736822447,1.6922093859002145,1.7673690935993147,1.8339739895810874,1.8909172897151802,1.9370922026016286,1.9713919147591363,1.9927096214140578,1.9999999999999893
1.0000000000000147,1.003399523654313,1.0130873075223077,1.0280985365752984,1.047411629335256,1.070005004603818,1.0948570815071095,1.1209462756012396,1.1472510048470532,1.1727496887128859,1.1964207472296924,1.217242601212558,1.234193672770794,1.2462523859114802,1.2524321172118213,1.2520469315904548,1.2452086840617949,1.232688390462203,1.2154607144461673,1.1945214091776593,1.170866229681068,1.1454909323445286,1.1193912744503038,1.093563013794009,1.0690019091666803,1.0467037219342803,1.0276642123478983,1.0128791372407193,1.0033442539892077,1.00000000000002
1.6609042897275615e-14,0.09250936462523354,0.17430311101949406,0.24323849101543363,0.29931568125942176,0.3425344775909017,0.3728947306380954,0.3903964727123665,0.39503980248025095,0.3868247064829006,0.36575118981010313,0.33181926016705604,0.28502891564088734,0.22538020830161432,0.15406303970847787,0.077765087755459,0.006131262085371073,-0.05595172097160619,-0.10774418884233816,-0.14924611764263068,-0.18045752211398802,-0.2013783982892989,-0.21200873486122848,-0.21234853036041132,-0.2023976607432285,-0.18215605908785465,-0.15162388349315314,-0.11080124434050721,-0.05968819721726833,-9.809432842767685e-15
1.7895216689086044e-14,0.14798197493582194,0.28776472433758016,0.4177089171707467,0.5378150286653474,0.6480828016428772,0.7485125278372068,0.8391042488194363,0.9198576289309347,0.9907726151362218,1.0518492089969393,1.1030874423465604,1.1444873624034717,1.1760490069334608,1.1974814909809515,1.2073715656701351,1.2044690566519964,1.188686888109657,1.1600657718724303,1.1186056439290537,1.0643064602603427,0.997168203038308,0.9171908765105383,0.8243745040324824,0.718719315452717,0.6002254589874745,0.468892661710838,0.32472084569735954,0.1677101301706836,1.1047387381810049e-14
8.528991562815745e-15,0.07755224567751486,0.14522931906210942,0.20105612772258533,0.24503256913647292,0.2771586831224048,0.2974344339528881,0.3058598117748836,0.3024348511762728,0.28715955980402724,0.2600339445222194,0.22105801709446163,0.17023179592907015,0.1075553067105801,0.03424484377516661,-0.04288449218438108,-0.11408234865842665,-0.17446334444317713,-0.22329361619080557,-0.26057313949374616,-0.286301895657642,-0.30047987166655155,-0.3031070597045934,-0.2941834550709241,-0.2737090318794931,-0.24168377412725509,-0.1981077209026091,-0.14298088959568026,-0.07630327159449479,-1.19172508376773e-14
1.959916980038073e-14,0.00404808716554496,0.01563823637290892,0.03372380738669057,0.057196625758382635,0.0849485086423844,0.11587125890684757,0.14885667161432273,0.18279655190337196,0.21658270671565516,0.24910694261774535,0.27926106697050435,0.30593688731866614,0.32802621251850705,0.34445503865194016,0.3544440253356149,0.35799889912330146,0.3557811117420916,0.3486562425006831,0.3375111223527929,0.3232325818564978,0.3067074510653434,0.2888225608920775,0.270464742842994,0.2525208318774278,0.23587767571417287,0.22142211605450585,0.21004098120793344,0.20262109402201736,0.20000000000001605
1.7593133642227672e-14,0.006425751105666746,0.025278897128038123,0.055758346527100246,0.0970159522559869,0.1482035610132301,0.20847301827782416,0.2769761981232944,0.3528649494922425,0.43529110754481276,0.5234065055411187,0.6163629782171436,0.7133123638968695,0.8134065047468565,0.9157888870260111,1.019537317906061,1.1235885892699857,1.2268337389116994,1.3281648199868585,1.4264750522110456,1.5206576505950713,1.609605827438504,1.6922127945578078,1.7673717648973286,1.8339759596706713,1.890918623160866,1.9370929924471096,1.9713922824806704,1.9927097169040957,1.9999999999999896
1.0000000000000149,1.003400494710496,1.0130910458404538,1.028106562740722,1.0474251721225007,1.0700250009822796,1.0948841766304067,1.1209808228119635,1.1472930656781042,1.1727990328854134,1.196476852650641,1.2173046539713535,1.234260567132889,1.2463227243059256,1.2525042202050694,1.252118923854266,1.2452787224271837,1.2327548521134102,1.2155222549881635,1.1945769686255665,1.1709150324492545,1.1455324872412183,1.1194253746743923,1.0935897369335659,1.0690216171969338,1.0467170612179393,1.0276721136441471,1.0128828157002985,1.0033452091526933,1.00000000000002
1.6611199987260215e-14,0.09248723773173956,0.17426167484587915,0.2431811265785152,0.29924576945250714,0.34245539930762847,0.37280986688165346,0.3903092045873715,0.3949535110461311,0.38674277275274277,0.365676994801393,0.33175618490875775,0.28498034115394044,0.2253495155443014,0.15405326306511088,0.07777731822870682,0.006163808423140242,-0.05590194497441259,-0.10768047899118414,-0.1491717698069803,-0.18037583219701828,-0.20129266220661254,-0.2119222485367345,-0.21226458978252527,-0.20231956204122725,-0.18208709813373036,-0.15156735605966432,-0.11076044644282622,-0.05966642489767071,-9.811079771841917e-15
1.788780500887883e-14,0.14798418773412472,0.28776886911689054,0.4177146564627397,0.5378220234832694,0.6480907137200017,0.74852101919518,0.8391129809280736,0.9198662633529018,0.9907808135278566,1.0518566330353516,1.103093753726716,1.1444922228368015,1.1760520781589883,1.197482469420336,1.2073703420990527,1.2044658002730264,1.188681907804402,1.160059397455806,1.1185982051888308,1.0642982869538335,0.9971596249104927,0.9171822233064371,0.824366105429741,0.7187115009010331,0.600218558535919,0.4688870055739551,0.3247167634959763,0.167707951543682,1.1043714890399665e-14
8.555597896367404e-15,0.07757439808798916,0.14527080289169605,0.20111355779533027,0.24510256054052137,0.27723785084718233,0.29751939294436275,0.3059471770469326,0.30252123772642164,0.28724158260214416,0.26010821850803933,0.2211211571551877,0.17028041685223605,0.10758602307781737,0.03425461774718519,-0.04289674978575839,-0.11411494127444108,-0.17451318169636082,-0.22335739881610367,-0.2606475684141977,-0.2863836718791057,-0.3005656962426199,-0.3031936337134696,-0.2942674796075634,-0.2737872080695119,-0.2417528030157956,-0.19816430350179123,-0.14302172698838328,-0.07632506484465637,-1.1944080993110858e-14
